no;id;G;D;time_period;Y
1;1;2;0.085932207;1;0.357958262
2;1;2;0.085932207;2;5.23546945
3;1;2;0.085932207;3;3.271707891
4;1;2;0.085932207;4;4.398804154
5;2;4;0.172177812;1;5.974335061
6;2;4;0.172177812;2;5.846305103
7;2;4;0.172177812;3;6.39196714
8;2;4;0.172177812;4;8.670860584
9;3;4;0.705128769;1;4.597999157
10;3;4;0.705128769;2;5.546733358
11;3;4;0.705128769;3;5.431849898
12;3;4;0.705128769;4;7.613492605
13;4;4;0.654099166;1;4.853585365
14;4;4;0.654099166;2;6.565918234
15;4;4;0.654099166;3;6.973697721
16;4;4;0.654099166;4;8.045690198
17;5;0;0;1;1.906141655
18;5;0;0;2;1.96265665
19;5;0;0;3;1.229175749
20;5;0;0;4;3.862889761
21;6;4;0.717297413;1;5.355049118
22;6;4;0.717297413;2;4.814066283
23;6;4;0.717297413;3;6.298456808
24;6;4;0.717297413;4;8.770683325
25;7;2;0.3892445;1;2.181268941
26;7;2;0.3892445;2;5.18418775
27;7;2;0.3892445;3;6.333921454
28;7;2;0.3892445;4;7.13139296
29;8;2;0.417610463;1;2.337800082
30;8;2;0.417610463;2;3.413769962
31;8;2;0.417610463;3;3.067968849
32;8;2;0.417610463;4;4.191994762
33;9;4;0.017647964;1;5.335350306
34;9;4;0.017647964;2;5.466704472
35;9;4;0.017647964;3;9.180948688
36;9;4;0.017647964;4;10.60676486
37;10;4;0.914109105;1;6.878105242
38;10;4;0.914109105;2;8.630010648
39;10;4;0.914109105;3;7.521166159
40;10;4;0.914109105;4;10.80213802
41;11;4;0.052873909;1;4.617370614
42;11;4;0.052873909;2;7.77564549
43;11;4;0.052873909;3;6.247894498
44;11;4;0.052873909;4;6.998246692
45;12;4;0.268151469;1;6.440560045
46;12;4;0.268151469;2;7.34432562
47;12;4;0.268151469;3;8.283880717
48;12;4;0.268151469;4;8.092345797
49;13;3;0.234615183;1;5.846147983
50;13;3;0.234615183;2;5.323234846
51;13;3;0.234615183;3;8.618821206
52;13;3;0.234615183;4;7.205832893
53;14;0;0;1;0.688053183
54;14;0;0;2;0.232138578
55;14;0;0;3;2.915995022
56;14;0;0;4;2.92453762
57;15;3;0.620479749;1;2.535887392
58;15;3;0.620479749;2;2.342016581
59;15;3;0.620479749;3;6.091804973
60;15;3;0.620479749;4;8.706684498
61;16;0;0;1;0.897083341
62;16;0;0;2;3.487432523
63;16;0;0;3;4.872706445
64;16;0;0;4;5.046529722
65;17;3;0.589242254;1;4.917900487
66;17;3;0.589242254;2;4.184681814
67;17;3;0.589242254;3;5.482324755
68;17;3;0.589242254;4;8.367330425
69;18;3;0.207637069;1;4.389909932
70;18;3;0.207637069;2;4.795163283
71;18;3;0.207637069;3;4.334210851
72;18;3;0.207637069;4;7.336426718
73;19;2;0.825290296;1;2.976762967
74;19;2;0.825290296;2;4.500429844
75;19;2;0.825290296;3;4.353494867
76;19;2;0.825290296;4;5.343388491
77;20;2;0.380981831;1;1.303209448
78;20;2;0.380981831;2;1.371182735
79;20;2;0.380981831;3;2.535996273
80;20;2;0.380981831;4;2.8151275
81;21;3;0.670901866;1;4.187207732
82;21;3;0.670901866;2;4.981943676
83;21;3;0.670901866;3;7.536743595
84;21;3;0.670901866;4;6.9801798
85;22;3;0.182615688;1;5.283677448
86;22;3;0.182615688;2;5.775477886
87;22;3;0.182615688;3;6.791414169
88;22;3;0.182615688;4;7.435371197
89;23;2;0.675272346;1;3.88876012
90;23;2;0.675272346;2;6.226081723
91;23;2;0.675272346;3;4.15784261
92;23;2;0.675272346;4;6.20554393
93;24;2;0.857245751;1;1.877805343
94;24;2;0.857245751;2;1.718419117
95;24;2;0.857245751;3;4.444995322
96;24;2;0.857245751;4;4.081686203
97;25;2;0.168006229;1;4.141695053
98;25;2;0.168006229;2;4.013531133
99;25;2;0.168006229;3;5.118606042
100;25;2;0.168006229;4;6.619079301
101;26;0;0;1;-0.516275688
102;26;0;0;2;0.846537661
103;26;0;0;3;1.541667778
104;26;0;0;4;2.102696531
105;27;4;0.128719448;1;4.899269374
106;27;4;0.128719448;2;5.693731844
107;27;4;0.128719448;3;5.749413575
108;27;4;0.128719448;4;8.199690307
109;28;0;0;1;1.105394845
110;28;0;0;2;2.482049037
111;28;0;0;3;2.535132429
112;28;0;0;4;4.961342504
113;29;0;0;1;1.392479287
114;29;0;0;2;1.986864947
115;29;0;0;3;3.275148809
116;29;0;0;4;5.522324281
117;30;2;0.637318307;1;3.360648216
118;30;2;0.637318307;2;2.869059441
119;30;2;0.637318307;3;3.903380622
120;30;2;0.637318307;4;7.323682433
121;31;3;0.0379439;1;6.160432674
122;31;3;0.0379439;2;4.431048409
123;31;3;0.0379439;3;5.111490862
124;31;3;0.0379439;4;5.103512038
125;32;3;0.544139596;1;3.123614392
126;32;3;0.544139596;2;5.645851778
127;32;3;0.544139596;3;6.198150626
128;32;3;0.544139596;4;8.122549209
129;33;3;0.463462562;1;3.813384177
130;33;3;0.463462562;2;3.513442974
131;33;3;0.463462562;3;3.075845107
132;33;3;0.463462562;4;5.135946401
133;34;4;0.103868857;1;5.052924014
134;34;4;0.103868857;2;2.919209981
135;34;4;0.103868857;3;7.227115036
136;34;4;0.103868857;4;7.43591752
137;35;2;0.408026021;1;1.174979402
138;35;2;0.408026021;2;3.625139531
139;35;2;0.408026021;3;4.459874651
140;35;2;0.408026021;4;4.19016802
141;36;0;0;1;-0.706955793
142;36;0;0;2;1.50222915
143;36;0;0;3;4.4432772
144;36;0;0;4;4.849185316
145;37;2;0.303937445;1;3.943008542
146;37;2;0.303937445;2;3.373759843
147;37;2;0.303937445;3;5.844091543
148;37;2;0.303937445;4;6.062505817
149;38;3;0.130233858;1;2.706894314
150;38;3;0.130233858;2;6.983305728
151;38;3;0.130233858;3;4.305952162
152;38;3;0.130233858;4;8.616209735
153;39;0;0;1;5.362316213
154;39;0;0;2;3.647019253
155;39;0;0;3;3.974429408
156;39;0;0;4;6.175514986
157;40;0;0;1;-0.757670755
158;40;0;0;2;-1.068770239
159;40;0;0;3;0.88078259
160;40;0;0;4;1.800775155
161;41;4;0.076125856;1;1.679048349
162;41;4;0.076125856;2;4.959449356
163;41;4;0.076125856;3;3.763837903
164;41;4;0.076125856;4;6.315321446
165;42;4;0.434186009;1;6.171522483
166;42;4;0.434186009;2;6.711626393
167;42;4;0.434186009;3;6.56636166
168;42;4;0.434186009;4;9.21320413
169;43;3;0.028805593;1;1.888014164
170;43;3;0.028805593;2;5.384477291
171;43;3;0.028805593;3;5.7215078
172;43;3;0.028805593;4;6.743685723
173;44;4;0.882443751;1;4.27086599
174;44;4;0.882443751;2;5.955795492
175;44;4;0.882443751;3;6.437482986
176;44;4;0.882443751;4;8.590048786
177;45;3;0.716080582;1;0.939698522
178;45;3;0.716080582;2;3.134257975
179;45;3;0.716080582;3;5.361657217
180;45;3;0.716080582;4;7.925050813
181;46;4;0.130613902;1;2.900633307
182;46;4;0.130613902;2;4.226395816
183;46;4;0.130613902;3;5.46313836
184;46;4;0.130613902;4;5.809401368
185;47;4;0.164624907;1;5.69356746
186;47;4;0.164624907;2;5.290608944
187;47;4;0.164624907;3;6.196133207
188;47;4;0.164624907;4;8.985591522
189;48;3;0.762395729;1;2.180109628
190;48;3;0.762395729;2;5.378682995
191;48;3;0.762395729;3;6.534514488
192;48;3;0.762395729;4;6.479949518
193;49;2;0.190385608;1;1.87834209
194;49;2;0.190385608;2;1.565754144
195;49;2;0.190385608;3;2.406509214
196;49;2;0.190385608;4;4.441774889
197;50;0;0;1;3.442803464
198;50;0;0;2;3.326824115
199;50;0;0;3;3.903855227
200;50;0;0;4;7.349822351
201;51;2;0.328070925;1;4.679893908
202;51;2;0.328070925;2;4.532014397
203;51;2;0.328070925;3;6.272979055
204;51;2;0.328070925;4;7.832433627
205;52;3;0.564634949;1;6.01384559
206;52;3;0.564634949;2;6.20111374
207;52;3;0.564634949;3;5.784202795
208;52;3;0.564634949;4;6.245571011
209;53;4;0.219367894;1;5.240346157
210;53;4;0.219367894;2;5.476755468
211;53;4;0.219367894;3;9.216781986
212;53;4;0.219367894;4;8.927286722
213;54;4;0.188295051;1;3.856650278
214;54;4;0.188295051;2;5.981962439
215;54;4;0.188295051;3;6.220442801
216;54;4;0.188295051;4;8.37452587
217;55;2;0.890896435;1;3.655823939
218;55;2;0.890896435;2;3.988250413
219;55;2;0.890896435;3;5.523126725
220;55;2;0.890896435;4;5.6019605
221;56;4;0.293527055;1;5.537719402
222;56;4;0.293527055;2;7.124462509
223;56;4;0.293527055;3;7.450752108
224;56;4;0.293527055;4;9.053110202
225;57;3;0.848043639;1;5.285166279
226;57;3;0.848043639;2;4.400188889
227;57;3;0.848043639;3;5.829292501
228;57;3;0.848043639;4;8.052150579
229;58;0;0;1;1.712152692
230;58;0;0;2;3.387474839
231;58;0;0;3;3.160798569
232;58;0;0;4;5.458663703
233;59;2;0.519980004;1;3.139929174
234;59;2;0.519980004;2;1.994944242
235;59;2;0.519980004;3;3.891884647
236;59;2;0.519980004;4;3.534097185
237;60;0;0;1;0.54120794
238;60;0;0;2;2.587292621
239;60;0;0;3;2.052520132
240;60;0;0;4;4.482004287
241;61;0;0;1;1.126352943
242;61;0;0;2;1.256049281
243;61;0;0;3;1.754647914
244;61;0;0;4;3.112461603
245;62;2;0.762899289;1;5.090942679
246;62;2;0.762899289;2;4.855259463
247;62;2;0.762899289;3;8.031123143
248;62;2;0.762899289;4;6.895302582
249;63;3;0.269915411;1;3.973762294
250;63;3;0.269915411;2;6.351514837
251;63;3;0.269915411;3;5.225869655
252;63;3;0.269915411;4;7.254485839
253;64;2;0.465263728;1;1.882651151
254;64;2;0.465263728;2;5.106132607
255;64;2;0.465263728;3;5.706452631
256;64;2;0.465263728;4;6.790120363
257;65;2;0.840241092;1;-0.076507674
258;65;2;0.840241092;2;2.569365975
259;65;2;0.840241092;3;3.693058654
260;65;2;0.840241092;4;4.453546451
261;66;4;0.475435507;1;4.523065556
262;66;4;0.475435507;2;5.435100433
263;66;4;0.475435507;3;7.172693009
264;66;4;0.475435507;4;6.757215617
265;67;3;0.594553498;1;4.729250824
266;67;3;0.594553498;2;7.058300027
267;67;3;0.594553498;3;6.615877529
268;67;3;0.594553498;4;7.534399701
269;68;4;0.849027998;1;4.057410902
270;68;4;0.849027998;2;4.660390237
271;68;4;0.849027998;3;7.696018925
272;68;4;0.849027998;4;6.987470854
273;69;2;0.584266786;1;3.481700341
274;69;2;0.584266786;2;4.652979094
275;69;2;0.584266786;3;4.930044919
276;69;2;0.584266786;4;4.835587312
277;70;4;0.068195532;1;3.633267825
278;70;4;0.068195532;2;5.17938211
279;70;4;0.068195532;3;6.837240856
280;70;4;0.068195532;4;7.7582959
281;71;2;0.067287334;1;2.518924196
282;71;2;0.067287334;2;1.057310435
283;71;2;0.067287334;3;5.240289294
284;71;2;0.067287334;4;5.161302288
285;72;0;0;1;-1.057738515
286;72;0;0;2;0.426600199
287;72;0;0;3;1.341527502
288;72;0;0;4;1.465237105
289;73;2;0.809944925;1;4.534054351
290;73;2;0.809944925;2;4.003656137
291;73;2;0.809944925;3;5.023771889
292;73;2;0.809944925;4;5.241957157
293;74;0;0;1;-0.632303127
294;74;0;0;2;2.377560522
295;74;0;0;3;3.20341697
296;74;0;0;4;3.997505418
297;75;2;0.273108508;1;1.426546903
298;75;2;0.273108508;2;3.817884704
299;75;2;0.273108508;3;2.965037832
300;75;2;0.273108508;4;2.779205344
301;76;4;0.514641562;1;4.732625208
302;76;4;0.514641562;2;6.31378697
303;76;4;0.514641562;3;4.870394526
304;76;4;0.514641562;4;7.075021996
305;77;3;0.633633461;1;3.07624161
306;77;3;0.633633461;2;5.362547343
307;77;3;0.633633461;3;6.82519809
308;77;3;0.633633461;4;4.858230209
309;78;2;0.740368493;1;0.658993266
310;78;2;0.740368493;2;3.552215416
311;78;2;0.740368493;3;5.549460606
312;78;2;0.740368493;4;6.142897183
313;79;3;0.519823007;1;2.764533413
314;79;3;0.519823007;2;5.412356785
315;79;3;0.519823007;3;7.355936919
316;79;3;0.519823007;4;8.341540987
317;80;4;0.959780968;1;5.717316902
318;80;4;0.959780968;2;6.048481357
319;80;4;0.959780968;3;8.986913928
320;80;4;0.959780968;4;7.680123453
321;81;0;0;1;1.515613181
322;81;0;0;2;1.341235564
323;81;0;0;3;1.543157504
324;81;0;0;4;3.991853254
325;82;3;0.933022994;1;5.340367306
326;82;3;0.933022994;2;4.189450341
327;82;3;0.933022994;3;5.855694252
328;82;3;0.933022994;4;7.244869974
329;83;2;0.911404884;1;2.651703941
330;83;2;0.911404884;2;3.456379202
331;83;2;0.911404884;3;4.347981954
332;83;2;0.911404884;4;4.683639309
333;84;4;0.138159032;1;4.299159352
334;84;4;0.138159032;2;6.518059108
335;84;4;0.138159032;3;6.612458161
336;84;4;0.138159032;4;8.242393297
337;85;2;0.903640024;1;2.731982992
338;85;2;0.903640024;2;3.112352161
339;85;2;0.903640024;3;6.218160662
340;85;2;0.903640024;4;7.715879084
341;86;0;0;1;1.146385779
342;86;0;0;2;2.085456838
343;86;0;0;3;3.233365214
344;86;0;0;4;4.41687279
345;87;3;0.465280198;1;6.16109808
346;87;3;0.465280198;2;6.286341101
347;87;3;0.465280198;3;6.095535063
348;87;3;0.465280198;4;9.065378134
349;88;3;0.34819731;1;3.352528324
350;88;3;0.34819731;2;4.055126586
351;88;3;0.34819731;3;7.827236418
352;88;3;0.34819731;4;8.435356131
353;89;2;0.45479767;1;3.339982449
354;89;2;0.45479767;2;5.285065575
355;89;2;0.45479767;3;6.044283277
356;89;2;0.45479767;4;6.945574052
357;90;0;0;1;1.339727594
358;90;0;0;2;2.555140656
359;90;0;0;3;3.606064381
360;90;0;0;4;5.689740811
361;91;2;0.538373157;1;1.678785789
362;91;2;0.538373157;2;3.081904569
363;91;2;0.538373157;3;4.381364828
364;91;2;0.538373157;4;7.174415069
365;92;0;0;1;3.791288943
366;92;0;0;2;5.413450729
367;92;0;0;3;6.896811597
368;92;0;0;4;7.443111137
369;93;2;0.687493339;1;3.831123762
370;93;2;0.687493339;2;5.757833948
371;93;2;0.687493339;3;4.419275658
372;93;2;0.687493339;4;5.132786469
373;94;2;0.73993271;1;4.044779689
374;94;2;0.73993271;2;8.353838816
375;94;2;0.73993271;3;8.892818083
376;94;2;0.73993271;4;7.720419402
377;95;2;0.488185548;1;4.813047478
378;95;2;0.488185548;2;5.705499611
379;95;2;0.488185548;3;7.08999483
380;95;2;0.488185548;4;5.414623189
381;96;4;0.23639229;1;6.827650528
382;96;4;0.23639229;2;6.413057219
383;96;4;0.23639229;3;8.118850773
384;96;4;0.23639229;4;8.722596815
385;97;3;0.092284919;1;1.001241882
386;97;3;0.092284919;2;1.678653862
387;97;3;0.092284919;3;5.112928317
388;97;3;0.092284919;4;5.500760849
389;98;2;0.978799584;1;5.9952925
390;98;2;0.978799584;2;5.314321759
391;98;2;0.978799584;3;3.670600589
392;98;2;0.978799584;4;6.07103184
393;99;3;0.186736187;1;3.342317634
394;99;3;0.186736187;2;4.954467423
395;99;3;0.186736187;3;6.16680873
396;99;3;0.186736187;4;8.091181088
397;100;4;0.602749944;1;4.538505331
398;100;4;0.602749944;2;5.057300037
399;100;4;0.602749944;3;5.95252133
400;100;4;0.602749944;4;9.168359517
401;101;2;0.137782868;1;7.363316908
402;101;2;0.137782868;2;5.179934801
403;101;2;0.137782868;3;8.013382837
404;101;2;0.137782868;4;8.895366442
405;102;4;0.657084804;1;4.001109734
406;102;4;0.657084804;2;5.939601289
407;102;4;0.657084804;3;7.932810867
408;102;4;0.657084804;4;7.942735162
409;103;3;0.252197879;1;4.529868167
410;103;3;0.252197879;2;3.602067487
411;103;3;0.252197879;3;9.395486675
412;103;3;0.252197879;4;6.422426597
413;104;2;0.858023883;1;3.927765208
414;104;2;0.858023883;2;5.288397911
415;104;2;0.858023883;3;5.663644549
416;104;2;0.858023883;4;5.938473824
417;105;2;0.902288696;1;1.577546345
418;105;2;0.902288696;2;2.304467363
419;105;2;0.902288696;3;3.900989967
420;105;2;0.902288696;4;3.42951898
421;106;3;0.92687078;1;3.510831658
422;106;3;0.92687078;2;5.660179431
423;106;3;0.92687078;3;4.788047688
424;106;3;0.92687078;4;5.975616386
425;107;2;0.463611435;1;2.015724436
426;107;2;0.463611435;2;3.030271958
427;107;2;0.463611435;3;3.968759788
428;107;2;0.463611435;4;4.061204084
429;108;2;0.768074001;1;4.110283692
430;108;2;0.768074001;2;4.533869046
431;108;2;0.768074001;3;5.990972138
432;108;2;0.768074001;4;5.853528937
433;109;3;0.748553007;1;5.092464279
434;109;3;0.748553007;2;3.993545931
435;109;3;0.748553007;3;6.81883837
436;109;3;0.748553007;4;7.491739198
437;110;2;0.227728024;1;1.129964372
438;110;2;0.227728024;2;2.653230018
439;110;2;0.227728024;3;4.815070706
440;110;2;0.227728024;4;3.840750769
441;111;4;0.464607679;1;6.703725825
442;111;4;0.464607679;2;8.704464319
443;111;4;0.464607679;3;9.469360233
444;111;4;0.464607679;4;9.71366092
445;112;2;0.900630557;1;3.474136791
446;112;2;0.900630557;2;5.932696235
447;112;2;0.900630557;3;5.087607196
448;112;2;0.900630557;4;6.190176961
449;113;0;0;1;1.40912657
450;113;0;0;2;2.352620257
451;113;0;0;3;3.694013366
452;113;0;0;4;4.835523054
453;114;2;0.68771082;1;1.87422778
454;114;2;0.68771082;2;2.467043304
455;114;2;0.68771082;3;4.78521861
456;114;2;0.68771082;4;4.98400751
457;115;2;0.034672939;1;0.212300498
458;115;2;0.034672939;2;3.121129116
459;115;2;0.034672939;3;3.688211596
460;115;2;0.034672939;4;6.989476384
461;116;0;0;1;0.301894462
462;116;0;0;2;2.738251597
463;116;0;0;3;3.976210676
464;116;0;0;4;3.813821409
465;117;0;0;1;2.227788942
466;117;0;0;2;1.234312405
467;117;0;0;3;3.350214293
468;117;0;0;4;5.029712411
469;118;3;0.661649454;1;1.347774699
470;118;3;0.661649454;2;5.907576343
471;118;3;0.661649454;3;6.42965068
472;118;3;0.661649454;4;5.64816867
473;119;2;0.465977829;1;6.680540816
474;119;2;0.465977829;2;5.862243353
475;119;2;0.465977829;3;8.853687155
476;119;2;0.465977829;4;9.100442756
477;120;0;0;1;3.235784131
478;120;0;0;2;3.785773169
479;120;0;0;3;3.693385812
480;120;0;0;4;4.908709614
481;121;4;0.646883281;1;5.428792586
482;121;4;0.646883281;2;5.177783947
483;121;4;0.646883281;3;8.240034906
484;121;4;0.646883281;4;9.688642579
485;122;0;0;1;1.705628505
486;122;0;0;2;2.707096267
487;122;0;0;3;2.155410908
488;122;0;0;4;3.280579457
489;123;0;0;1;-1.999515303
490;123;0;0;2;-0.645488632
491;123;0;0;3;1.746422989
492;123;0;0;4;1.140006087
493;124;0;0;1;0.798328104
494;124;0;0;2;2.244308411
495;124;0;0;3;2.797963618
496;124;0;0;4;5.459956815
497;125;3;0.417750709;1;5.482509987
498;125;3;0.417750709;2;6.321000658
499;125;3;0.417750709;3;7.077485202
500;125;3;0.417750709;4;10.03479765
501;126;3;0.134159378;1;4.471982967
502;126;3;0.134159378;2;5.248545676
503;126;3;0.134159378;3;7.483638433
504;126;3;0.134159378;4;6.325214787
505;127;3;0.870794333;1;4.626194403
506;127;3;0.870794333;2;4.729898607
507;127;3;0.870794333;3;4.590498735
508;127;3;0.870794333;4;6.791201954
509;128;4;0.44920229;1;4.890969773
510;128;4;0.44920229;2;5.160904861
511;128;4;0.44920229;3;8.165662295
512;128;4;0.44920229;4;8.35659227
513;129;3;0.733826229;1;3.95711518
514;129;3;0.733826229;2;5.423009761
515;129;3;0.733826229;3;7.20469162
516;129;3;0.733826229;4;7.436115789
517;130;3;0.088138886;1;3.368273702
518;130;3;0.088138886;2;5.923195804
519;130;3;0.088138886;3;5.159797425
520;130;3;0.088138886;4;6.810343596
521;131;0;0;1;1.727262247
522;131;0;0;2;1.189669352
523;131;0;0;3;2.684706288
524;131;0;0;4;3.329478918
525;132;4;0.66936728;1;4.6823117
526;132;4;0.66936728;2;5.837335819
527;132;4;0.66936728;3;8.289004641
528;132;4;0.66936728;4;8.401832889
529;133;2;0.474315789;1;3.390808408
530;133;2;0.474315789;2;2.459788424
531;133;2;0.474315789;3;5.805456839
532;133;2;0.474315789;4;7.613948271
533;134;3;0.608287851;1;8.278191511
534;134;3;0.608287851;2;7.558018572
535;134;3;0.608287851;3;8.904010822
536;134;3;0.608287851;4;7.747251371
537;135;0;0;1;-1.472610269
538;135;0;0;2;-1.393375621
539;135;0;0;3;0.780029577
540;135;0;0;4;2.670736531
541;136;3;0.605532194;1;3.391394549
542;136;3;0.605532194;2;4.953066904
543;136;3;0.605532194;3;6.649080795
544;136;3;0.605532194;4;5.11735326
545;137;0;0;1;1.714317904
546;137;0;0;2;3.136991714
547;137;0;0;3;3.328020238
548;137;0;0;4;4.42593149
549;138;4;0.626005053;1;4.638108824
550;138;4;0.626005053;2;6.934387967
551;138;4;0.626005053;3;6.791403141
552;138;4;0.626005053;4;8.293128029
553;139;4;0.801695247;1;5.159185929
554;139;4;0.801695247;2;6.715973316
555;139;4;0.801695247;3;5.488647104
556;139;4;0.801695247;4;8.078470678
557;140;0;0;1;-0.326714291
558;140;0;0;2;0.031535544
559;140;0;0;3;2.60722002
560;140;0;0;4;3.239969002
561;141;4;0.914573942;1;5.099897244
562;141;4;0.914573942;2;5.559313671
563;141;4;0.914573942;3;6.573267787
564;141;4;0.914573942;4;8.082184426
565;142;0;0;1;1.950282325
566;142;0;0;2;3.738915584
567;142;0;0;3;4.180199702
568;142;0;0;4;4.261261715
569;143;3;0.276390563;1;3.542523982
570;143;3;0.276390563;2;3.465272983
571;143;3;0.276390563;3;4.21735429
572;143;3;0.276390563;4;4.444727205
573;144;3;0.824503685;1;5.927178583
574;144;3;0.824503685;2;6.122920385
575;144;3;0.824503685;3;7.556829784
576;144;3;0.824503685;4;8.248570492
577;145;3;0.521606246;1;2.816393929
578;145;3;0.521606246;2;4.507980015
579;145;3;0.521606246;3;4.2553143
580;145;3;0.521606246;4;5.82057484
581;146;4;0.498992222;1;5.805845058
582;146;4;0.498992222;2;8.973755022
583;146;4;0.498992222;3;8.839675294
584;146;4;0.498992222;4;9.531086308
585;147;4;0.06194034;1;5.149109781
586;147;4;0.06194034;2;5.322860317
587;147;4;0.06194034;3;7.806870987
588;147;4;0.06194034;4;7.376734223
589;148;4;0.94077595;1;3.240974956
590;148;4;0.94077595;2;6.099002636
591;148;4;0.94077595;3;5.659577188
592;148;4;0.94077595;4;7.149874427
593;149;0;0;1;1.950985332
594;149;0;0;2;4.721045487
595;149;0;0;3;3.569058989
596;149;0;0;4;4.635720095
597;150;4;0.050020347;1;3.469935645
598;150;4;0.050020347;2;4.462267292
599;150;4;0.050020347;3;7.196163252
600;150;4;0.050020347;4;7.471544023
601;151;3;0.603967613;1;5.023758237
602;151;3;0.603967613;2;5.675689958
603;151;3;0.603967613;3;4.415502363
604;151;3;0.603967613;4;6.914735845
605;152;2;0.725093181;1;3.728613705
606;152;2;0.725093181;2;5.202785261
607;152;2;0.725093181;3;4.414394703
608;152;2;0.725093181;4;7.883119017
609;153;2;0.224188131;1;3.395421433
610;153;2;0.224188131;2;3.734490241
611;153;2;0.224188131;3;3.364854477
612;153;2;0.224188131;4;5.376230068
613;154;0;0;1;0.495368964
614;154;0;0;2;1.920440531
615;154;0;0;3;2.783807173
616;154;0;0;4;3.337326253
617;155;2;0.459861412;1;3.570371717
618;155;2;0.459861412;2;3.033398053
619;155;2;0.459861412;3;3.053998128
620;155;2;0.459861412;4;4.943020414
621;156;0;0;1;1.164509825
622;156;0;0;2;4.167755004
623;156;0;0;3;3.976618132
624;156;0;0;4;4.873515699
625;157;4;0.175710269;1;4.852300584
626;157;4;0.175710269;2;2.718502323
627;157;4;0.175710269;3;5.959441786
628;157;4;0.175710269;4;7.625823321
629;158;0;0;1;0.44491281
630;158;0;0;2;3.853915177
631;158;0;0;3;3.660021995
632;158;0;0;4;2.945499029
633;159;3;0.463223464;1;4.128405013
634;159;3;0.463223464;2;5.604797686
635;159;3;0.463223464;3;6.592783184
636;159;3;0.463223464;4;4.877086001
637;160;4;0.922913577;1;4.04785714
638;160;4;0.922913577;2;3.995296274
639;160;4;0.922913577;3;6.039560709
640;160;4;0.922913577;4;8.062671415
641;161;3;0.405403329;1;6.136863108
642;161;3;0.405403329;2;4.665443651
643;161;3;0.405403329;3;6.524834754
644;161;3;0.405403329;4;8.484760084
645;162;4;0.589722587;1;6.41046219
646;162;4;0.589722587;2;5.907635818
647;162;4;0.589722587;3;7.030334585
648;162;4;0.589722587;4;9.16469922
649;163;3;0.690485921;1;2.175170734
650;163;3;0.690485921;2;3.631758589
651;163;3;0.690485921;3;6.485050916
652;163;3;0.690485921;4;7.367091805
653;164;2;0.825439651;1;3.872102823
654;164;2;0.825439651;2;4.941961324
655;164;2;0.825439651;3;6.240113161
656;164;2;0.825439651;4;7.235353667
657;165;2;0.773206211;1;1.64023183
658;165;2;0.773206211;2;2.245713507
659;165;2;0.773206211;3;2.583193454
660;165;2;0.773206211;4;3.832025423
661;166;4;0.754927931;1;2.253961104
662;166;4;0.754927931;2;3.777670957
663;166;4;0.754927931;3;5.167820302
664;166;4;0.754927931;4;7.564033545
665;167;3;0.950981603;1;4.757895951
666;167;3;0.950981603;2;7.190977232
667;167;3;0.950981603;3;7.67874872
668;167;3;0.950981603;4;4.260754245
669;168;2;0.768873792;1;6.092558837
670;168;2;0.768873792;2;5.354293397
671;168;2;0.768873792;3;7.469142489
672;168;2;0.768873792;4;8.991104929
673;169;0;0;1;1.739820399
674;169;0;0;2;-0.804687698
675;169;0;0;3;2.036686387
676;169;0;0;4;1.808507846
677;170;3;0.600894792;1;3.491345566
678;170;3;0.600894792;2;3.983298052
679;170;3;0.600894792;3;3.433293138
680;170;3;0.600894792;4;6.300790405
681;171;0;0;1;0.155636436
682;171;0;0;2;1.984913376
683;171;0;0;3;1.893991062
684;171;0;0;4;2.889414564
685;172;4;0.390275665;1;5.598448251
686;172;4;0.390275665;2;5.130323726
687;172;4;0.390275665;3;8.620896622
688;172;4;0.390275665;4;8.362147409
689;173;4;0.42609001;1;4.147439371
690;173;4;0.42609001;2;5.371944656
691;173;4;0.42609001;3;5.210597905
692;173;4;0.42609001;4;7.286561296
693;174;3;0.599837803;1;3.702341518
694;174;3;0.599837803;2;4.564776211
695;174;3;0.599837803;3;5.220096635
696;174;3;0.599837803;4;6.9293602
697;175;3;0.958654886;1;2.624692484
698;175;3;0.958654886;2;4.854075694
699;175;3;0.958654886;3;6.155957208
700;175;3;0.958654886;4;6.737642436
701;176;0;0;1;2.073806238
702;176;0;0;2;1.723204329
703;176;0;0;3;1.935115153
704;176;0;0;4;5.333616519
705;177;3;0.117433782;1;3.399176706
706;177;3;0.117433782;2;4.594527072
707;177;3;0.117433782;3;2.847471463
708;177;3;0.117433782;4;7.176467697
709;178;4;0.741576387;1;3.550268276
710;178;4;0.741576387;2;5.507120464
711;178;4;0.741576387;3;7.904043294
712;178;4;0.741576387;4;8.647118906
713;179;2;0.452887933;1;1.244248229
714;179;2;0.452887933;2;3.617226489
715;179;2;0.452887933;3;2.941070771
716;179;2;0.452887933;4;5.078030623
717;180;3;0.208594162;1;4.293602714
718;180;3;0.208594162;2;5.694649119
719;180;3;0.208594162;3;6.680221538
720;180;3;0.208594162;4;7.598537164
721;181;3;0.991643894;1;3.428102586
722;181;3;0.991643894;2;3.846376525
723;181;3;0.991643894;3;6.850512239
724;181;3;0.991643894;4;6.076649239
725;182;3;0.182120049;1;2.897923051
726;182;3;0.182120049;2;2.439844799
727;182;3;0.182120049;3;7.452814431
728;182;3;0.182120049;4;6.940595558
729;183;4;0.35305346;1;3.540328658
730;183;4;0.35305346;2;3.413611759
731;183;4;0.35305346;3;6.161182468
732;183;4;0.35305346;4;4.745837895
733;184;2;0.060220595;1;3.78282009
734;184;2;0.060220595;2;4.411398318
735;184;2;0.060220595;3;6.043296723
736;184;2;0.060220595;4;6.176364746
737;185;0;0;1;-0.102163723
738;185;0;0;2;2.593460411
739;185;0;0;3;1.65162763
740;185;0;0;4;4.107782683
741;186;2;0.115008323;1;3.208612173
742;186;2;0.115008323;2;3.822391435
743;186;2;0.115008323;3;5.144333877
744;186;2;0.115008323;4;5.97806114
745;187;0;0;1;3.471434552
746;187;0;0;2;2.602377848
747;187;0;0;3;3.29792157
748;187;0;0;4;3.408896995
749;188;4;0.497996076;1;5.642254501
750;188;4;0.497996076;2;6.85468269
751;188;4;0.497996076;3;6.672949724
752;188;4;0.497996076;4;7.976066184
753;189;3;0.10279093;1;2.309296579
754;189;3;0.10279093;2;3.716963502
755;189;3;0.10279093;3;3.064470374
756;189;3;0.10279093;4;6.623887562
757;190;4;0.373579165;1;6.730640993
758;190;4;0.373579165;2;4.609418354
759;190;4;0.373579165;3;6.248823164
760;190;4;0.373579165;4;9.046122295
761;191;4;0.077164219;1;3.585821189
762;191;4;0.077164219;2;6.743825159
763;191;4;0.077164219;3;7.140530105
764;191;4;0.077164219;4;6.881303467
765;192;0;0;1;0.913023519
766;192;0;0;2;1.595498684
767;192;0;0;3;2.202892289
768;192;0;0;4;1.42263681
769;193;2;0.414700091;1;3.856721562
770;193;2;0.414700091;2;4.310082018
771;193;2;0.414700091;3;0.85636277
772;193;2;0.414700091;4;6.275747544
773;194;0;0;1;1.698432897
774;194;0;0;2;3.673507524
775;194;0;0;3;3.449165871
776;194;0;0;4;2.728892258
777;195;0;0;1;1.904573048
778;195;0;0;2;4.473012172
779;195;0;0;3;4.817067093
780;195;0;0;4;4.504186433
781;196;0;0;1;-0.666703375
782;196;0;0;2;-0.34791681
783;196;0;0;3;2.395422275
784;196;0;0;4;1.448524896
785;197;0;0;1;0.712912679
786;197;0;0;2;0.431627056
787;197;0;0;3;2.222680825
788;197;0;0;4;2.370014394
789;198;4;0.888692516;1;3.041448686
790;198;4;0.888692516;2;4.077692337
791;198;4;0.888692516;3;6.013213907
792;198;4;0.888692516;4;6.492298637
793;199;0;0;1;2.167522017
794;199;0;0;2;2.234129482
795;199;0;0;3;2.503888106
796;199;0;0;4;3.44799676
797;200;4;0.933617637;1;8.267631974
798;200;4;0.933617637;2;6.66122777
799;200;4;0.933617637;3;7.257947024
800;200;4;0.933617637;4;8.514517727
801;201;4;0.975410905;1;5.524285065
802;201;4;0.975410905;2;7.68285439
803;201;4;0.975410905;3;8.002953564
804;201;4;0.975410905;4;9.190528355
805;202;4;0.136028465;1;4.3401374
806;202;4;0.136028465;2;6.615987579
807;202;4;0.136028465;3;6.948013464
808;202;4;0.136028465;4;9.172798095
809;203;3;0.239602639;1;5.456007806
810;203;3;0.239602639;2;3.75300546
811;203;3;0.239602639;3;4.358304426
812;203;3;0.239602639;4;5.456792912
813;204;0;0;1;-1.085322805
814;204;0;0;2;-1.981019343
815;204;0;0;3;1.539165795
816;204;0;0;4;2.893258388
817;205;4;0.332163636;1;4.171501487
818;205;4;0.332163636;2;7.005142507
819;205;4;0.332163636;3;7.458685326
820;205;4;0.332163636;4;9.367551063
821;206;4;0.648180777;1;6.015008817
822;206;4;0.648180777;2;7.939585496
823;206;4;0.648180777;3;7.682817178
824;206;4;0.648180777;4;8.023538304
825;207;3;0.601359209;1;4.913249964
826;207;3;0.601359209;2;4.570386383
827;207;3;0.601359209;3;6.496337152
828;207;3;0.601359209;4;7.748151974
829;208;3;0.201727883;1;3.401807278
830;208;3;0.201727883;2;4.167252568
831;208;3;0.201727883;3;6.502673821
832;208;3;0.201727883;4;5.829714192
833;209;2;0.147968666;1;-0.793030739
834;209;2;0.147968666;2;4.480965737
835;209;2;0.147968666;3;3.63616827
836;209;2;0.147968666;4;3.68913378
837;210;0;0;1;-1.334730756
838;210;0;0;2;4.208450478
839;210;0;0;3;3.117678733
840;210;0;0;4;4.318522051
841;211;4;0.492284425;1;6.623584997
842;211;4;0.492284425;2;5.927478499
843;211;4;0.492284425;3;7.844725093
844;211;4;0.492284425;4;7.324386117
845;212;3;0.45216759;1;4.877480845
846;212;3;0.45216759;2;5.339164861
847;212;3;0.45216759;3;7.410145961
848;212;3;0.45216759;4;7.185621632
849;213;2;0.147220151;1;4.453168868
850;213;2;0.147220151;2;7.222450816
851;213;2;0.147220151;3;6.578092793
852;213;2;0.147220151;4;7.714619872
853;214;0;0;1;2.903409148
854;214;0;0;2;4.559359232
855;214;0;0;3;3.563286136
856;214;0;0;4;6.276720898
857;215;4;0.206790082;1;7.224218122
858;215;4;0.206790082;2;7.084392754
859;215;4;0.206790082;3;6.787507398
860;215;4;0.206790082;4;10.26263893
861;216;0;0;1;0.207732063
862;216;0;0;2;-0.152910825
863;216;0;0;3;1.882396936
864;216;0;0;4;1.946184317
865;217;4;0.452144263;1;4.472870675
866;217;4;0.452144263;2;5.587862057
867;217;4;0.452144263;3;4.96661748
868;217;4;0.452144263;4;6.904259952
869;218;4;0.893934675;1;5.349828111
870;218;4;0.893934675;2;4.378752027
871;218;4;0.893934675;3;7.345852705
872;218;4;0.893934675;4;7.117432415
873;219;3;0.464758959;1;5.181912456
874;219;3;0.464758959;2;5.165303461
875;219;3;0.464758959;3;6.042356349
876;219;3;0.464758959;4;8.230749909
877;220;0;0;1;-0.341974041
878;220;0;0;2;0.796401319
879;220;0;0;3;2.644146228
880;220;0;0;4;2.542578229
881;221;3;0.792859094;1;3.274343691
882;221;3;0.792859094;2;2.561463185
883;221;3;0.792859094;3;6.207181292
884;221;3;0.792859094;4;7.308991381
885;222;2;0.28800273;1;3.916697379
886;222;2;0.28800273;2;4.324180069
887;222;2;0.28800273;3;5.694221609
888;222;2;0.28800273;4;5.031410183
889;223;3;0.342783336;1;4.602908359
890;223;3;0.342783336;2;6.46315126
891;223;3;0.342783336;3;7.073596684
892;223;3;0.342783336;4;7.016949194
893;224;3;0.622920462;1;2.844919929
894;224;3;0.622920462;2;4.637923116
895;224;3;0.622920462;3;5.931033165
896;224;3;0.622920462;4;7.780290733
897;225;2;0.714445096;1;4.086131568
898;225;2;0.714445096;2;5.828051305
899;225;2;0.714445096;3;3.21749089
900;225;2;0.714445096;4;6.262721127
901;226;3;0.661384376;1;3.25434581
902;226;3;0.661384376;2;4.084680458
903;226;3;0.661384376;3;6.073666848
904;226;3;0.661384376;4;7.385893859
905;227;0;0;1;-0.930766525
906;227;0;0;2;1.229909429
907;227;0;0;3;2.711854023
908;227;0;0;4;4.095111541
909;228;3;0.578745719;1;0.992717424
910;228;3;0.578745719;2;2.66231195
911;228;3;0.578745719;3;3.405542456
912;228;3;0.578745719;4;4.288803082
913;229;4;0.605345868;1;4.82177759
914;229;4;0.605345868;2;5.853827101
915;229;4;0.605345868;3;6.62948499
916;229;4;0.605345868;4;7.775056003
917;230;3;0.159896346;1;5.769060218
918;230;3;0.159896346;2;6.415898038
919;230;3;0.159896346;3;6.711341546
920;230;3;0.159896346;4;8.227996379
921;231;0;0;1;0.491978386
922;231;0;0;2;-0.161689254
923;231;0;0;3;3.770593934
924;231;0;0;4;5.519121353
925;232;4;0.749997906;1;5.420619122
926;232;4;0.749997906;2;7.263241505
927;232;4;0.749997906;3;10.38240118
928;232;4;0.749997906;4;9.655773663
929;233;2;0.476906837;1;3.420690102
930;233;2;0.476906837;2;6.007571454
931;233;2;0.476906837;3;5.230086767
932;233;2;0.476906837;4;6.072621105
933;234;0;0;1;1.36378036
934;234;0;0;2;1.870476388
935;234;0;0;3;4.001950831
936;234;0;0;4;5.199127553
937;235;4;0.443157976;1;5.783762866
938;235;4;0.443157976;2;4.584303801
939;235;4;0.443157976;3;7.368776563
940;235;4;0.443157976;4;7.466992223
941;236;2;0.290535118;1;2.900018451
942;236;2;0.290535118;2;3.348405129
943;236;2;0.290535118;3;5.612314042
944;236;2;0.290535118;4;7.345912055
945;237;4;0.343945599;1;2.996979641
946;237;4;0.343945599;2;6.406771111
947;237;4;0.343945599;3;6.491999252
948;237;4;0.343945599;4;5.954738406
949;238;3;0.792453188;1;5.72211175
950;238;3;0.792453188;2;5.700937589
951;238;3;0.792453188;3;8.771490865
952;238;3;0.792453188;4;9.506951387
953;239;3;0.557976323;1;2.582727836
954;239;3;0.557976323;2;3.532632403
955;239;3;0.557976323;3;5.606673985
956;239;3;0.557976323;4;4.858114257
957;240;0;0;1;-0.503595082
958;240;0;0;2;0.677328993
959;240;0;0;3;0.46645245
960;240;0;0;4;5.419420652
961;241;3;0.795574855;1;5.047702385
962;241;3;0.795574855;2;6.789890372
963;241;3;0.795574855;3;8.363428581
964;241;3;0.795574855;4;7.979147802
965;242;2;0.063534792;1;2.922507149
966;242;2;0.063534792;2;4.892632626
967;242;2;0.063534792;3;4.775230169
968;242;2;0.063534792;4;4.829157715
969;243;2;0.826092961;1;4.483772065
970;243;2;0.826092961;2;6.570590363
971;243;2;0.826092961;3;6.165313312
972;243;2;0.826092961;4;7.533897976
973;244;4;0.525997218;1;3.668759913
974;244;4;0.525997218;2;6.086764809
975;244;4;0.525997218;3;5.795253624
976;244;4;0.525997218;4;9.721546525
977;245;0;0;1;1.016816944
978;245;0;0;2;2.871567087
979;245;0;0;3;1.992311732
980;245;0;0;4;3.88165492
981;246;3;0.565977044;1;2.623872995
982;246;3;0.565977044;2;3.890948133
983;246;3;0.565977044;3;6.941256995
984;246;3;0.565977044;4;7.594556871
985;247;0;0;1;2.757541626
986;247;0;0;2;3.508635102
987;247;0;0;3;4.187533256
988;247;0;0;4;3.157463657
989;248;4;0.178605492;1;3.876674405
990;248;4;0.178605492;2;4.264182996
991;248;4;0.178605492;3;6.487815493
992;248;4;0.178605492;4;6.775232869
993;249;0;0;1;0.994868658
994;249;0;0;2;-0.721756557
995;249;0;0;3;2.03420774
996;249;0;0;4;1.737604677
997;250;0;0;1;1.613509576
998;250;0;0;2;1.855665318
999;250;0;0;3;3.622543267
1000;250;0;0;4;5.47007099
1001;251;4;0.836990644;1;6.659771476
1002;251;4;0.836990644;2;6.99813547
1003;251;4;0.836990644;3;8.231840524
1004;251;4;0.836990644;4;7.279175241
1005;252;4;0.718653496;1;8.048431927
1006;252;4;0.718653496;2;7.74142238
1007;252;4;0.718653496;3;9.470214603
1008;252;4;0.718653496;4;10.45505833
1009;253;3;0.177535471;1;4.824616443
1010;253;3;0.177535471;2;6.334791298
1011;253;3;0.177535471;3;7.816789797
1012;253;3;0.177535471;4;6.870846659
1013;254;3;0.008553206;1;6.402794284
1014;254;3;0.008553206;2;5.974406475
1015;254;3;0.008553206;3;6.924939572
1016;254;3;0.008553206;4;7.451543538
1017;255;2;0.581429099;1;4.487699635
1018;255;2;0.581429099;2;5.44505133
1019;255;2;0.581429099;3;3.98647537
1020;255;2;0.581429099;4;9.377294312
1021;256;4;0.776698802;1;3.349042265
1022;256;4;0.776698802;2;4.585684032
1023;256;4;0.776698802;3;7.973833223
1024;256;4;0.776698802;4;5.491338492
1025;257;3;0.050539021;1;2.769050559
1026;257;3;0.050539021;2;4.735384526
1027;257;3;0.050539021;3;5.912868229
1028;257;3;0.050539021;4;5.666138004
1029;258;2;0.008638026;1;4.60518036
1030;258;2;0.008638026;2;3.384769938
1031;258;2;0.008638026;3;5.204079394
1032;258;2;0.008638026;4;6.566361005
1033;259;4;0.051947992;1;6.541078907
1034;259;4;0.051947992;2;6.826307692
1035;259;4;0.051947992;3;6.474445664
1036;259;4;0.051947992;4;7.697762113
1037;260;4;0.575675102;1;8.06010223
1038;260;4;0.575675102;2;7.940481417
1039;260;4;0.575675102;3;6.678160121
1040;260;4;0.575675102;4;10.87077346
1041;261;0;0;1;2.347370008
1042;261;0;0;2;2.432309581
1043;261;0;0;3;3.287541729
1044;261;0;0;4;4.186278033
1045;262;2;0.561871527;1;3.845304685
1046;262;2;0.561871527;2;4.568956381
1047;262;2;0.561871527;3;8.108230471
1048;262;2;0.561871527;4;7.875061594
1049;263;4;0.513212239;1;5.291160428
1050;263;4;0.513212239;2;8.565261296
1051;263;4;0.513212239;3;9.041912388
1052;263;4;0.513212239;4;8.775403721
1053;264;3;0.691736589;1;5.781326617
1054;264;3;0.691736589;2;7.040752056
1055;264;3;0.691736589;3;7.45066033
1056;264;3;0.691736589;4;9.146122812
1057;265;2;0.286190719;1;0.597274742
1058;265;2;0.286190719;2;3.70782972
1059;265;2;0.286190719;3;1.326651394
1060;265;2;0.286190719;4;3.331039631
1061;266;2;0.931110192;1;3.741428552
1062;266;2;0.931110192;2;4.221848699
1063;266;2;0.931110192;3;4.846162883
1064;266;2;0.931110192;4;6.001755189
1065;267;4;0.890279277;1;4.259359587
1066;267;4;0.890279277;2;4.017392638
1067;267;4;0.890279277;3;5.063094946
1068;267;4;0.890279277;4;5.630808032
1069;268;2;0.724654077;1;2.463421828
1070;268;2;0.724654077;2;3.499128078
1071;268;2;0.724654077;3;6.485392762
1072;268;2;0.724654077;4;4.936375489
1073;269;2;0.981440629;1;4.363813707
1074;269;2;0.981440629;2;4.972558177
1075;269;2;0.981440629;3;3.248930672
1076;269;2;0.981440629;4;5.410641826
1077;270;4;0.373187292;1;5.461038966
1078;270;4;0.373187292;2;3.624089777
1079;270;4;0.373187292;3;5.443202413
1080;270;4;0.373187292;4;8.583356665
1081;271;3;0.818378956;1;7.765028917
1082;271;3;0.818378956;2;9.199048551
1083;271;3;0.818378956;3;6.653103234
1084;271;3;0.818378956;4;9.187627766
1085;272;0;0;1;0.784019968
1086;272;0;0;2;2.867427388
1087;272;0;0;3;3.509107789
1088;272;0;0;4;5.113639414
1089;273;3;0.896235209;1;2.393819073
1090;273;3;0.896235209;2;4.790897447
1091;273;3;0.896235209;3;4.276926693
1092;273;3;0.896235209;4;6.957201504
1093;274;0;0;1;-0.188835784
1094;274;0;0;2;3.97757369
1095;274;0;0;3;3.882581741
1096;274;0;0;4;4.595944311
1097;275;2;0.805388189;1;3.124736479
1098;275;2;0.805388189;2;3.563773394
1099;275;2;0.805388189;3;7.063862668
1100;275;2;0.805388189;4;7.474831262
1101;276;4;0.36880164;1;5.30681717
1102;276;4;0.36880164;2;7.971928838
1103;276;4;0.36880164;3;8.094472498
1104;276;4;0.36880164;4;10.46495464
1105;277;0;0;1;2.073433593
1106;277;0;0;2;3.95368694
1107;277;0;0;3;4.427796326
1108;277;0;0;4;4.300325202
1109;278;4;0.935921944;1;6.150347437
1110;278;4;0.935921944;2;7.425284855
1111;278;4;0.935921944;3;9.188629697
1112;278;4;0.935921944;4;8.658138844
1113;279;3;0.993087348;1;4.088928713
1114;279;3;0.993087348;2;4.671256351
1115;279;3;0.993087348;3;5.376230525
1116;279;3;0.993087348;4;5.955040343
1117;280;3;0.275793146;1;4.193783824
1118;280;3;0.275793146;2;4.795965323
1119;280;3;0.275793146;3;4.921724366
1120;280;3;0.275793146;4;4.350415972
1121;281;3;0.243831571;1;6.279359048
1122;281;3;0.243831571;2;6.627481355
1123;281;3;0.243831571;3;7.799809164
1124;281;3;0.243831571;4;6.710436571
1125;282;3;0.068951807;1;3.349536567
1126;282;3;0.068951807;2;4.422317828
1127;282;3;0.068951807;3;6.158076472
1128;282;3;0.068951807;4;4.664009758
1129;283;0;0;1;3.058164189
1130;283;0;0;2;1.996660809
1131;283;0;0;3;2.33604335
1132;283;0;0;4;3.544960911
1133;284;0;0;1;-0.143992149
1134;284;0;0;2;2.977139717
1135;284;0;0;3;3.457564204
1136;284;0;0;4;5.237439225
1137;285;4;0.99555088;1;4.992070099
1138;285;4;0.99555088;2;4.374435044
1139;285;4;0.99555088;3;6.212811619
1140;285;4;0.99555088;4;7.799241312
1141;286;3;0.438323877;1;4.110020446
1142;286;3;0.438323877;2;5.364971577
1143;286;3;0.438323877;3;5.783864991
1144;286;3;0.438323877;4;8.744671248
1145;287;3;0.28269017;1;4.261624551
1146;287;3;0.28269017;2;5.335120007
1147;287;3;0.28269017;3;6.093399399
1148;287;3;0.28269017;4;7.415562288
1149;288;3;0.449396856;1;2.521625661
1150;288;3;0.449396856;2;4.894760309
1151;288;3;0.449396856;3;5.386529485
1152;288;3;0.449396856;4;7.300040727
1153;289;4;0.096882014;1;8.429188596
1154;289;4;0.096882014;2;7.862905637
1155;289;4;0.096882014;3;9.54113695
1156;289;4;0.096882014;4;11.63523973
1157;290;0;0;1;-0.718630638
1158;290;0;0;2;1.205141071
1159;290;0;0;3;2.544449888
1160;290;0;0;4;1.063275242
1161;291;4;0.146374634;1;3.301251441
1162;291;4;0.146374634;2;5.370544255
1163;291;4;0.146374634;3;6.500422829
1164;291;4;0.146374634;4;5.572905346
1165;292;3;0.868663836;1;3.186933247
1166;292;3;0.868663836;2;4.346014866
1167;292;3;0.868663836;3;4.254846908
1168;292;3;0.868663836;4;6.124514061
1169;293;0;0;1;3.070212233
1170;293;0;0;2;4.220698609
1171;293;0;0;3;2.476217195
1172;293;0;0;4;4.932715704
1173;294;2;0.570921075;1;2.231561499
1174;294;2;0.570921075;2;2.958756418
1175;294;2;0.570921075;3;4.361607834
1176;294;2;0.570921075;4;6.087661038
1177;295;4;0.294435233;1;3.121254573
1178;295;4;0.294435233;2;8.282754616
1179;295;4;0.294435233;3;7.390700015
1180;295;4;0.294435233;4;5.94452403
1181;296;0;0;1;2.619374448
1182;296;0;0;2;3.568352767
1183;296;0;0;3;3.790630559
1184;296;0;0;4;4.753352401
1185;297;4;0.344618871;1;5.462612779
1186;297;4;0.344618871;2;6.613883944
1187;297;4;0.344618871;3;7.930928835
1188;297;4;0.344618871;4;10.12925684
1189;298;2;0.113893576;1;5.140215356
1190;298;2;0.113893576;2;5.038447488
1191;298;2;0.113893576;3;6.880090354
1192;298;2;0.113893576;4;8.419496908
1193;299;4;0.379297674;1;3.856225893
1194;299;4;0.379297674;2;4.945672695
1195;299;4;0.379297674;3;7.49879103
1196;299;4;0.379297674;4;7.3988092
1197;300;3;0.945078401;1;4.838906629
1198;300;3;0.945078401;2;5.717819995
1199;300;3;0.945078401;3;5.775694484
1200;300;3;0.945078401;4;4.544255011
1201;301;3;0.819506648;1;5.395042463
1202;301;3;0.819506648;2;6.590957596
1203;301;3;0.819506648;3;7.847347564
1204;301;3;0.819506648;4;8.451108904
1205;302;0;0;1;3.17367993
1206;302;0;0;2;2.397209011
1207;302;0;0;3;5.757606776
1208;302;0;0;4;2.81855205
1209;303;4;0.476859966;1;6.611156692
1210;303;4;0.476859966;2;6.845022871
1211;303;4;0.476859966;3;6.804517529
1212;303;4;0.476859966;4;6.839013312
1213;304;3;0.564252316;1;3.660100622
1214;304;3;0.564252316;2;5.378072281
1215;304;3;0.564252316;3;6.544175202
1216;304;3;0.564252316;4;8.472149467
1217;305;0;0;1;0.688886705
1218;305;0;0;2;3.030370286
1219;305;0;0;3;2.999353599
1220;305;0;0;4;4.802616284
1221;306;3;0.733212838;1;5.832678285
1222;306;3;0.733212838;2;4.765787956
1223;306;3;0.733212838;3;7.188432719
1224;306;3;0.733212838;4;8.170493234
1225;307;2;0.533965335;1;1.122455774
1226;307;2;0.533965335;2;2.903901522
1227;307;2;0.533965335;3;6.829060553
1228;307;2;0.533965335;4;5.126287785
1229;308;0;0;1;1.160436696
1230;308;0;0;2;1.964095163
1231;308;0;0;3;3.888917532
1232;308;0;0;4;3.584249328
1233;309;4;0.875783423;1;5.26264845
1234;309;4;0.875783423;2;4.779849557
1235;309;4;0.875783423;3;5.266909182
1236;309;4;0.875783423;4;7.045004418
1237;310;0;0;1;0.820595549
1238;310;0;0;2;1.54777482
1239;310;0;0;3;1.551300418
1240;310;0;0;4;4.475049676
1241;311;0;0;1;0.144659018
1242;311;0;0;2;2.659661002
1243;311;0;0;3;0.761690761
1244;311;0;0;4;3.628920209
1245;312;4;0.559102626;1;3.653450514
1246;312;4;0.559102626;2;5.340758086
1247;312;4;0.559102626;3;6.023499439
1248;312;4;0.559102626;4;4.543841849
1249;313;3;0.697201571;1;3.048877168
1250;313;3;0.697201571;2;6.393875368
1251;313;3;0.697201571;3;5.224809888
1252;313;3;0.697201571;4;8.580750279
1253;314;3;0.148365783;1;5.77523067
1254;314;3;0.148365783;2;5.995384687
1255;314;3;0.148365783;3;6.719612317
1256;314;3;0.148365783;4;9.515038099
1257;315;2;0.764023263;1;4.09026252
1258;315;2;0.764023263;2;6.018268353
1259;315;2;0.764023263;3;7.837016475
1260;315;2;0.764023263;4;8.855178437
1261;316;2;0.322115536;1;3.814803163
1262;316;2;0.322115536;2;5.496758234
1263;316;2;0.322115536;3;4.793734306
1264;316;2;0.322115536;4;6.748249694
1265;317;2;0.033348424;1;3.784869264
1266;317;2;0.033348424;2;4.611797305
1267;317;2;0.033348424;3;5.880314666
1268;317;2;0.033348424;4;7.929874321
1269;318;3;0.945994636;1;5.015675603
1270;318;3;0.945994636;2;5.324278831
1271;318;3;0.945994636;3;8.870011385
1272;318;3;0.945994636;4;9.168911321
1273;319;3;0.457138145;1;1.460037058
1274;319;3;0.457138145;2;2.19602625
1275;319;3;0.457138145;3;5.732312201
1276;319;3;0.457138145;4;5.481233355
1277;320;0;0;1;2.307595071
1278;320;0;0;2;2.097948342
1279;320;0;0;3;3.516614674
1280;320;0;0;4;4.549023707
1281;321;2;0.350328658;1;1.776190113
1282;321;2;0.350328658;2;1.359734746
1283;321;2;0.350328658;3;4.163183353
1284;321;2;0.350328658;4;5.686732823
1285;322;0;0;1;-0.358360546
1286;322;0;0;2;-0.983558707
1287;322;0;0;3;-0.134395338
1288;322;0;0;4;4.363489534
1289;323;3;0.059959119;1;0.978849091
1290;323;3;0.059959119;2;1.566585031
1291;323;3;0.059959119;3;5.243041838
1292;323;3;0.059959119;4;6.115418481
1293;324;2;0.552574224;1;4.217514542
1294;324;2;0.552574224;2;4.621251833
1295;324;2;0.552574224;3;4.771213135
1296;324;2;0.552574224;4;5.668842385
1297;325;3;0.571501425;1;3.508961766
1298;325;3;0.571501425;2;5.582166147
1299;325;3;0.571501425;3;6.396279909
1300;325;3;0.571501425;4;6.642120162
1301;326;3;0.763239841;1;4.155708858
1302;326;3;0.763239841;2;7.250318894
1303;326;3;0.763239841;3;6.848680458
1304;326;3;0.763239841;4;6.736087888
1305;327;3;0.731125955;1;3.126939835
1306;327;3;0.731125955;2;5.689789975
1307;327;3;0.731125955;3;5.34270468
1308;327;3;0.731125955;4;7.197526743
1309;328;2;0.137186652;1;1.715530029
1310;328;2;0.137186652;2;1.383757549
1311;328;2;0.137186652;3;7.256744977
1312;328;2;0.137186652;4;4.092804216
1313;329;4;0.716019611;1;5.687696321
1314;329;4;0.716019611;2;4.466272911
1315;329;4;0.716019611;3;6.554524863
1316;329;4;0.716019611;4;8.880546366
1317;330;0;0;1;-0.79059618
1318;330;0;0;2;2.203539203
1319;330;0;0;3;-0.814767073
1320;330;0;0;4;3.514901572
1321;331;4;0.243926703;1;5.562325899
1322;331;4;0.243926703;2;5.192985767
1323;331;4;0.243926703;3;4.688988155
1324;331;4;0.243926703;4;8.938067338
1325;332;0;0;1;1.603882582
1326;332;0;0;2;2.605115521
1327;332;0;0;3;2.151105844
1328;332;0;0;4;4.71029405
1329;333;0;0;1;3.128066952
1330;333;0;0;2;3.461380778
1331;333;0;0;3;3.204266818
1332;333;0;0;4;5.189066485
1333;334;2;0.669079028;1;1.415572603
1334;334;2;0.669079028;2;5.042195444
1335;334;2;0.669079028;3;4.671403684
1336;334;2;0.669079028;4;5.976199657
1337;335;3;0.653935906;1;6.768707426
1338;335;3;0.653935906;2;7.89367632
1339;335;3;0.653935906;3;6.992619308
1340;335;3;0.653935906;4;9.023552814
1341;336;3;0.514499534;1;3.070243151
1342;336;3;0.514499534;2;3.947779842
1343;336;3;0.514499534;3;3.941209828
1344;336;3;0.514499534;4;7.003934626
1345;337;3;0.966304613;1;4.893617978
1346;337;3;0.966304613;2;6.559857862
1347;337;3;0.966304613;3;6.498240115
1348;337;3;0.966304613;4;7.47087065
1349;338;2;0.786013769;1;2.83537189
1350;338;2;0.786013769;2;4.304051427
1351;338;2;0.786013769;3;3.884772396
1352;338;2;0.786013769;4;5.812811705
1353;339;0;0;1;-0.328655516
1354;339;0;0;2;2.250836756
1355;339;0;0;3;1.57958742
1356;339;0;0;4;3.699251226
1357;340;3;0.927952649;1;4.091047308
1358;340;3;0.927952649;2;4.208085772
1359;340;3;0.927952649;3;8.71358408
1360;340;3;0.927952649;4;6.658331256
1361;341;0;0;1;-0.52856067
1362;341;0;0;2;1.824368485
1363;341;0;0;3;2.383094209
1364;341;0;0;4;1.017373508
1365;342;3;0.420741748;1;6.426032185
1366;342;3;0.420741748;2;5.199205594
1367;342;3;0.420741748;3;6.713745985
1368;342;3;0.420741748;4;6.07885067
1369;343;4;0.366462206;1;5.520084927
1370;343;4;0.366462206;2;4.948832815
1371;343;4;0.366462206;3;7.048489869
1372;343;4;0.366462206;4;7.324612522
1373;344;0;0;1;3.49286334
1374;344;0;0;2;0.022098063
1375;344;0;0;3;3.351973547
1376;344;0;0;4;5.395431775
1377;345;3;0.597626943;1;2.517585221
1378;345;3;0.597626943;2;4.532183969
1379;345;3;0.597626943;3;4.587158575
1380;345;3;0.597626943;4;4.407184249
1381;346;3;0.143982992;1;0.942624763
1382;346;3;0.143982992;2;0.081378206
1383;346;3;0.143982992;3;3.281495178
1384;346;3;0.143982992;4;6.455145748
1385;347;2;0.128702964;1;4.977521216
1386;347;2;0.128702964;2;5.274261181
1387;347;2;0.128702964;3;5.945456667
1388;347;2;0.128702964;4;7.344775386
1389;348;4;0.02177022;1;7.218797557
1390;348;4;0.02177022;2;6.803787155
1391;348;4;0.02177022;3;8.012663194
1392;348;4;0.02177022;4;9.674215106
1393;349;0;0;1;1.605446095
1394;349;0;0;2;5.051942392
1395;349;0;0;3;5.685993012
1396;349;0;0;4;4.738645218
1397;350;2;0.01062997;1;2.70303857
1398;350;2;0.01062997;2;2.941412776
1399;350;2;0.01062997;3;4.130042511
1400;350;2;0.01062997;4;6.384434837
1401;351;2;0.061143484;1;2.464569289
1402;351;2;0.061143484;2;0.680037692
1403;351;2;0.061143484;3;3.348239184
1404;351;2;0.061143484;4;3.404562649
1405;352;4;0.825455531;1;4.49130384
1406;352;4;0.825455531;2;5.053582139
1407;352;4;0.825455531;3;6.056500966
1408;352;4;0.825455531;4;8.527965166
1409;353;2;0.463842578;1;5.150402266
1410;353;2;0.463842578;2;5.541425388
1411;353;2;0.463842578;3;7.122446325
1412;353;2;0.463842578;4;6.970199687
1413;354;4;0.652305254;1;4.885025847
1414;354;4;0.652305254;2;4.117909096
1415;354;4;0.652305254;3;8.182623769
1416;354;4;0.652305254;4;6.982696497
1417;355;0;0;1;-0.634284632
1418;355;0;0;2;1.20788149
1419;355;0;0;3;1.63098435
1420;355;0;0;4;2.945969701
1421;356;0;0;1;1.782585304
1422;356;0;0;2;2.546848955
1423;356;0;0;3;4.22493671
1424;356;0;0;4;1.862518258
1425;357;4;0.398875256;1;3.538959485
1426;357;4;0.398875256;2;5.192426759
1427;357;4;0.398875256;3;6.044731508
1428;357;4;0.398875256;4;8.056113721
1429;358;4;0.850004156;1;4.817176838
1430;358;4;0.850004156;2;6.593920729
1431;358;4;0.850004156;3;7.505550322
1432;358;4;0.850004156;4;8.892590097
1433;359;3;0.197326689;1;5.188381426
1434;359;3;0.197326689;2;6.610430405
1435;359;3;0.197326689;3;6.995909043
1436;359;3;0.197326689;4;7.998375038
1437;360;0;0;1;3.505435079
1438;360;0;0;2;4.476294025
1439;360;0;0;3;4.857751178
1440;360;0;0;4;3.497178828
1441;361;2;0.729053593;1;2.189606934
1442;361;2;0.729053593;2;2.609418521
1443;361;2;0.729053593;3;3.445969662
1444;361;2;0.729053593;4;4.665527372
1445;362;4;0.165596924;1;6.144727688
1446;362;4;0.165596924;2;8.531325736
1447;362;4;0.165596924;3;8.051510626
1448;362;4;0.165596924;4;8.235477727
1449;363;3;0.821648501;1;2.273881166
1450;363;3;0.821648501;2;6.210028656
1451;363;3;0.821648501;3;5.980705453
1452;363;3;0.821648501;4;6.433271885
1453;364;3;0.235423322;1;1.526011223
1454;364;3;0.235423322;2;4.699434392
1455;364;3;0.235423322;3;4.719381079
1456;364;3;0.235423322;4;6.818220986
1457;365;0;0;1;2.85587041
1458;365;0;0;2;2.416107086
1459;365;0;0;3;5.56342106
1460;365;0;0;4;6.022068006
1461;366;0;0;1;1.248416953
1462;366;0;0;2;2.989000055
1463;366;0;0;3;1.960819034
1464;366;0;0;4;4.074432999
1465;367;4;0.921085276;1;6.902796123
1466;367;4;0.921085276;2;8.15496736
1467;367;4;0.921085276;3;8.246758316
1468;367;4;0.921085276;4;10.70297334
1469;368;2;0.663186027;1;1.517046416
1470;368;2;0.663186027;2;2.426558084
1471;368;2;0.663186027;3;3.563693293
1472;368;2;0.663186027;4;5.58381672
1473;369;0;0;1;-0.247467987
1474;369;0;0;2;2.602021797
1475;369;0;0;3;4.346048574
1476;369;0;0;4;4.691862567
1477;370;4;0.881021916;1;5.122416187
1478;370;4;0.881021916;2;5.686799643
1479;370;4;0.881021916;3;7.608521357
1480;370;4;0.881021916;4;9.413311029
1481;371;0;0;1;2.723516305
1482;371;0;0;2;2.093647654
1483;371;0;0;3;4.500562125
1484;371;0;0;4;4.872032835
1485;372;3;0.695943745;1;4.869590711
1486;372;3;0.695943745;2;5.139591965
1487;372;3;0.695943745;3;6.354317058
1488;372;3;0.695943745;4;7.782394226
1489;373;0;0;1;1.725040772
1490;373;0;0;2;1.138343109
1491;373;0;0;3;5.047897728
1492;373;0;0;4;7.272666326
1493;374;3;0.204433837;1;2.356397379
1494;374;3;0.204433837;2;4.032811569
1495;374;3;0.204433837;3;5.545124141
1496;374;3;0.204433837;4;8.115338837
1497;375;3;0.200488874;1;4.366782332
1498;375;3;0.200488874;2;4.761005436
1499;375;3;0.200488874;3;6.679650826
1500;375;3;0.200488874;4;6.512962134
1501;376;3;0.759475211;1;2.15618081
1502;376;3;0.759475211;2;2.82935361
1503;376;3;0.759475211;3;6.234782951
1504;376;3;0.759475211;4;7.526412862
1505;377;0;0;1;1.300047025
1506;377;0;0;2;0.01413825
1507;377;0;0;3;1.510826342
1508;377;0;0;4;4.311714619
1509;378;2;0.703283859;1;3.291014612
1510;378;2;0.703283859;2;4.276568263
1511;378;2;0.703283859;3;4.975549474
1512;378;2;0.703283859;4;5.504266248
1513;379;3;0.753813978;1;6.118131334
1514;379;3;0.753813978;2;5.984363526
1515;379;3;0.753813978;3;7.822020443
1516;379;3;0.753813978;4;9.193262151
1517;380;4;0.537415986;1;3.980254294
1518;380;4;0.537415986;2;5.632623362
1519;380;4;0.537415986;3;6.659574032
1520;380;4;0.537415986;4;6.181482835
1521;381;3;0.879914881;1;3.127513823
1522;381;3;0.879914881;2;6.149902614
1523;381;3;0.879914881;3;6.467467648
1524;381;3;0.879914881;4;8.036261659
1525;382;2;0.152404558;1;2.683048964
1526;382;2;0.152404558;2;5.301082326
1527;382;2;0.152404558;3;6.261615806
1528;382;2;0.152404558;4;6.155860959
1529;383;2;0.647123823;1;1.487827494
1530;383;2;0.647123823;2;2.815601993
1531;383;2;0.647123823;3;2.485486103
1532;383;2;0.647123823;4;5.313118573
1533;384;2;0.735698865;1;1.057730797
1534;384;2;0.735698865;2;2.731751851
1535;384;2;0.735698865;3;4.910041515
1536;384;2;0.735698865;4;5.757618082
1537;385;2;0.188805111;1;3.409871824
1538;385;2;0.188805111;2;4.425242289
1539;385;2;0.188805111;3;2.693036681
1540;385;2;0.188805111;4;4.351418355
1541;386;2;0.222952763;1;3.641752028
1542;386;2;0.222952763;2;6.009780855
1543;386;2;0.222952763;3;6.134156026
1544;386;2;0.222952763;4;5.453990867
1545;387;4;0.294537129;1;5.001273626
1546;387;4;0.294537129;2;5.543678624
1547;387;4;0.294537129;3;6.739321276
1548;387;4;0.294537129;4;8.636682046
1549;388;2;0.800857146;1;1.195319319
1550;388;2;0.800857146;2;3.031355854
1551;388;2;0.800857146;3;2.792179957
1552;388;2;0.800857146;4;3.794504557
1553;389;0;0;1;3.697155757
1554;389;0;0;2;4.596944281
1555;389;0;0;3;3.796395415
1556;389;0;0;4;4.126219863
1557;390;0;0;1;0.755955825
1558;390;0;0;2;2.771225097
1559;390;0;0;3;1.967560449
1560;390;0;0;4;3.731370938
1561;391;4;0.843277445;1;2.753580145
1562;391;4;0.843277445;2;2.698687843
1563;391;4;0.843277445;3;5.158103971
1564;391;4;0.843277445;4;7.370383918
1565;392;4;0.584385222;1;5.747518243
1566;392;4;0.584385222;2;5.858103536
1567;392;4;0.584385222;3;7.824753233
1568;392;4;0.584385222;4;9.05489596
1569;393;4;0.275357423;1;3.339340683
1570;393;4;0.275357423;2;6.074343873
1571;393;4;0.275357423;3;5.306344224
1572;393;4;0.275357423;4;9.522339329
1573;394;4;0.478852483;1;6.110847903
1574;394;4;0.478852483;2;8.951612254
1575;394;4;0.478852483;3;6.079299155
1576;394;4;0.478852483;4;9.394239249
1577;395;2;0.12268274;1;3.308769394
1578;395;2;0.12268274;2;4.941833867
1579;395;2;0.12268274;3;3.004015769
1580;395;2;0.12268274;4;3.61928329
1581;396;0;0;1;0.989727787
1582;396;0;0;2;2.34054988
1583;396;0;0;3;3.654327724
1584;396;0;0;4;6.093114333
1585;397;4;0.693110948;1;5.404997419
1586;397;4;0.693110948;2;5.519472468
1587;397;4;0.693110948;3;6.740452063
1588;397;4;0.693110948;4;6.170797398
1589;398;4;0.476650752;1;4.927736787
1590;398;4;0.476650752;2;6.119029348
1591;398;4;0.476650752;3;7.404050219
1592;398;4;0.476650752;4;7.579725841
1593;399;2;0.805705919;1;5.829766021
1594;399;2;0.805705919;2;5.835969773
1595;399;2;0.805705919;3;6.559022053
1596;399;2;0.805705919;4;7.7383341
1597;400;3;0.468118944;1;6.739578928
1598;400;3;0.468118944;2;6.425867609
1599;400;3;0.468118944;3;8.769673912
1600;400;3;0.468118944;4;9.288171497
1601;401;4;0.982804887;1;3.702374832
1602;401;4;0.982804887;2;4.431357499
1603;401;4;0.982804887;3;5.787657266
1604;401;4;0.982804887;4;7.978406045
1605;402;3;0.391382051;1;4.173515757
1606;402;3;0.391382051;2;6.362657453
1607;402;3;0.391382051;3;6.903725642
1608;402;3;0.391382051;4;7.621121054
1609;403;0;0;1;1.966020157
1610;403;0;0;2;-0.577062121
1611;403;0;0;3;3.339260334
1612;403;0;0;4;0.978761513
1613;404;0;0;1;0.108512168
1614;404;0;0;2;2.243855521
1615;404;0;0;3;2.581761783
1616;404;0;0;4;4.65848261
1617;405;4;0.496523127;1;8.320838425
1618;405;4;0.496523127;2;6.589340671
1619;405;4;0.496523127;3;8.697103494
1620;405;4;0.496523127;4;9.21674027
1621;406;2;0.223054021;1;3.164579274
1622;406;2;0.223054021;2;2.539223325
1623;406;2;0.223054021;3;3.350574125
1624;406;2;0.223054021;4;5.068492608
1625;407;0;0;1;1.325440986
1626;407;0;0;2;2.093702947
1627;407;0;0;3;1.751364871
1628;407;0;0;4;4.818906001
1629;408;2;0.672960717;1;1.576451264
1630;408;2;0.672960717;2;4.666774903
1631;408;2;0.672960717;3;4.610775302
1632;408;2;0.672960717;4;5.459676167
1633;409;4;0.179824934;1;5.404603072
1634;409;4;0.179824934;2;7.778130795
1635;409;4;0.179824934;3;6.653200938
1636;409;4;0.179824934;4;9.801532117
1637;410;3;0.745075999;1;3.830846816
1638;410;3;0.745075999;2;2.975012662
1639;410;3;0.745075999;3;5.534704653
1640;410;3;0.745075999;4;6.282666357
1641;411;0;0;1;0.431017702
1642;411;0;0;2;0.631540342
1643;411;0;0;3;0.748459467
1644;411;0;0;4;4.4222306
1645;412;0;0;1;1.097768348
1646;412;0;0;2;2.762881031
1647;412;0;0;3;1.247338364
1648;412;0;0;4;5.228867886
1649;413;0;0;1;-0.758693438
1650;413;0;0;2;1.785265718
1651;413;0;0;3;2.823755118
1652;413;0;0;4;4.048732353
1653;414;2;0.90422502;1;2.518266178
1654;414;2;0.90422502;2;3.569925518
1655;414;2;0.90422502;3;4.905497453
1656;414;2;0.90422502;4;5.503833505
1657;415;0;0;1;0.222402684
1658;415;0;0;2;3.45941502
1659;415;0;0;3;4.02852183
1660;415;0;0;4;3.130031689
1661;416;3;0.104410238;1;3.940674516
1662;416;3;0.104410238;2;5.484749507
1663;416;3;0.104410238;3;4.88254761
1664;416;3;0.104410238;4;5.537079378
1665;417;4;0.779168731;1;3.487816998
1666;417;4;0.779168731;2;8.06838197
1667;417;4;0.779168731;3;7.309463062
1668;417;4;0.779168731;4;8.203061141
1669;418;0;0;1;0.617306071
1670;418;0;0;2;2.347128312
1671;418;0;0;3;2.576467393
1672;418;0;0;4;3.874649205
1673;419;2;0.060275937;1;1.814876351
1674;419;2;0.060275937;2;3.9111087
1675;419;2;0.060275937;3;3.486983164
1676;419;2;0.060275937;4;5.268623692
1677;420;3;0.866679286;1;3.680183306
1678;420;3;0.866679286;2;2.663340073
1679;420;3;0.866679286;3;5.216816219
1680;420;3;0.866679286;4;8.306671043
1681;421;4;0.831813848;1;7.375903952
1682;421;4;0.831813848;2;8.012107292
1683;421;4;0.831813848;3;9.14237441
1684;421;4;0.831813848;4;11.47079927
1685;422;0;0;1;1.967419619
1686;422;0;0;2;3.534030676
1687;422;0;0;3;4.086582567
1688;422;0;0;4;5.632259172
1689;423;3;0.620231326;1;2.827662781
1690;423;3;0.620231326;2;5.012054877
1691;423;3;0.620231326;3;6.201189532
1692;423;3;0.620231326;4;6.068409991
1693;424;2;0.618491666;1;2.879153187
1694;424;2;0.618491666;2;1.343305517
1695;424;2;0.618491666;3;3.716579844
1696;424;2;0.618491666;4;5.438947477
1697;425;0;0;1;1.588847489
1698;425;0;0;2;2.83313516
1699;425;0;0;3;1.099088062
1700;425;0;0;4;4.171522257
1701;426;2;0.111331648;1;1.219541069
1702;426;2;0.111331648;2;3.458992864
1703;426;2;0.111331648;3;1.870418415
1704;426;2;0.111331648;4;5.401404286
1705;427;2;0.678904243;1;0.849503045
1706;427;2;0.678904243;2;3.114918096
1707;427;2;0.678904243;3;3.781291769
1708;427;2;0.678904243;4;5.360654682
1709;428;3;0.186644946;1;2.406884867
1710;428;3;0.186644946;2;4.09670484
1711;428;3;0.186644946;3;6.633109735
1712;428;3;0.186644946;4;4.250947946
1713;429;3;0.318890141;1;4.794573426
1714;429;3;0.318890141;2;6.967742424
1715;429;3;0.318890141;3;4.77438792
1716;429;3;0.318890141;4;7.337615686
1717;430;3;0.472037151;1;4.301919796
1718;430;3;0.472037151;2;4.55473316
1719;430;3;0.472037151;3;6.534242679
1720;430;3;0.472037151;4;6.59585135
1721;431;4;0.011945513;1;4.343041982
1722;431;4;0.011945513;2;4.803321335
1723;431;4;0.011945513;3;5.246089764
1724;431;4;0.011945513;4;7.072562274
1725;432;0;0;1;1.502846778
1726;432;0;0;2;2.229648749
1727;432;0;0;3;3.912470678
1728;432;0;0;4;3.323039737
1729;433;3;0.748588125;1;2.774990147
1730;433;3;0.748588125;2;4.198157597
1731;433;3;0.748588125;3;5.353589836
1732;433;3;0.748588125;4;7.748265646
1733;434;0;0;1;0.859463559
1734;434;0;0;2;3.59703852
1735;434;0;0;3;3.377559154
1736;434;0;0;4;3.461375709
1737;435;3;0.324526578;1;1.512280709
1738;435;3;0.324526578;2;3.40914255
1739;435;3;0.324526578;3;4.770534004
1740;435;3;0.324526578;4;4.45432839
1741;436;4;0.677791033;1;5.601108587
1742;436;4;0.677791033;2;7.358778394
1743;436;4;0.677791033;3;6.825673893
1744;436;4;0.677791033;4;8.224657101
1745;437;3;0.937168683;1;3.752429403
1746;437;3;0.937168683;2;4.411046039
1747;437;3;0.937168683;3;6.648367132
1748;437;3;0.937168683;4;7.601470883
1749;438;0;0;1;-0.04555208
1750;438;0;0;2;-0.458953261
1751;438;0;0;3;3.596166996
1752;438;0;0;4;4.074980521
1753;439;4;0.195589722;1;5.071892564
1754;439;4;0.195589722;2;5.441949317
1755;439;4;0.195589722;3;5.832922628
1756;439;4;0.195589722;4;8.021962598
1757;440;4;0.893002955;1;4.4444221
1758;440;4;0.893002955;2;4.736190807
1759;440;4;0.893002955;3;4.76109699
1760;440;4;0.893002955;4;6.07489142
1761;441;0;0;1;0.723142683
1762;441;0;0;2;1.944567562
1763;441;0;0;3;1.363346832
1764;441;0;0;4;3.432076963
1765;442;0;0;1;0.440024831
1766;442;0;0;2;2.681505175
1767;442;0;0;3;4.045234675
1768;442;0;0;4;5.018799479
1769;443;4;0.713221051;1;3.883217635
1770;443;4;0.713221051;2;5.954353124
1771;443;4;0.713221051;3;5.833413677
1772;443;4;0.713221051;4;5.650793847
1773;444;4;0.158132537;1;6.094492146
1774;444;4;0.158132537;2;6.167323964
1775;444;4;0.158132537;3;8.675267937
1776;444;4;0.158132537;4;8.122822105
1777;445;0;0;1;0.849684027
1778;445;0;0;2;1.614734629
1779;445;0;0;3;2.781549299
1780;445;0;0;4;3.721936845
1781;446;4;0.044486001;1;3.851714346
1782;446;4;0.044486001;2;7.119309878
1783;446;4;0.044486001;3;8.554857579
1784;446;4;0.044486001;4;8.080145689
1785;447;0;0;1;1.098733072
1786;447;0;0;2;2.348721148
1787;447;0;0;3;2.535781541
1788;447;0;0;4;4.584681756
1789;448;4;0.976503123;1;5.252175339
1790;448;4;0.976503123;2;7.341190868
1791;448;4;0.976503123;3;8.503990052
1792;448;4;0.976503123;4;10.50142699
1793;449;4;0.57451088;1;7.490799979
1794;449;4;0.57451088;2;8.78656931
1795;449;4;0.57451088;3;10.55720486
1796;449;4;0.57451088;4;11.64655004
1797;450;2;0.005035682;1;3.018708788
1798;450;2;0.005035682;2;4.232303913
1799;450;2;0.005035682;3;6.440983712
1800;450;2;0.005035682;4;6.072259582
1801;451;3;0.091594946;1;4.024390411
1802;451;3;0.091594946;2;5.508649858
1803;451;3;0.091594946;3;6.86644853
1804;451;3;0.091594946;4;8.64296158
1805;452;0;0;1;4.215698349
1806;452;0;0;2;3.284716043
1807;452;0;0;3;2.427424972
1808;452;0;0;4;3.343744282
1809;453;0;0;1;1.439131086
1810;453;0;0;2;2.737388258
1811;453;0;0;3;4.704496202
1812;453;0;0;4;5.51163538
1813;454;0;0;1;0.907721943
1814;454;0;0;2;2.125183679
1815;454;0;0;3;3.681938829
1816;454;0;0;4;3.765696239
1817;455;0;0;1;-0.721917567
1818;455;0;0;2;1.32518697
1819;455;0;0;3;3.073414402
1820;455;0;0;4;3.773672783
1821;456;4;0.349458826;1;5.726132016
1822;456;4;0.349458826;2;6.56538843
1823;456;4;0.349458826;3;5.108941475
1824;456;4;0.349458826;4;6.823124741
1825;457;2;0.894189366;1;4.008384412
1826;457;2;0.894189366;2;3.466335537
1827;457;2;0.894189366;3;5.26118393
1828;457;2;0.894189366;4;8.067693487
1829;458;4;0.131753261;1;8.083287832
1830;458;4;0.131753261;2;8.085521923
1831;458;4;0.131753261;3;7.880097931
1832;458;4;0.131753261;4;9.227578235
1833;459;4;0.053593675;1;4.149855376
1834;459;4;0.053593675;2;5.009958395
1835;459;4;0.053593675;3;5.548993584
1836;459;4;0.053593675;4;5.962676567
1837;460;2;0.264598951;1;4.498689882
1838;460;2;0.264598951;2;3.000983031
1839;460;2;0.264598951;3;5.711655662
1840;460;2;0.264598951;4;6.445339999
1841;461;3;0.195334662;1;1.632055496
1842;461;3;0.195334662;2;2.875732106
1843;461;3;0.195334662;3;4.209016853
1844;461;3;0.195334662;4;5.373209505
1845;462;0;0;1;0.46728769
1846;462;0;0;2;1.776838795
1847;462;0;0;3;1.201344856
1848;462;0;0;4;2.166104304
1849;463;3;0.087028124;1;6.472091894
1850;463;3;0.087028124;2;7.001282933
1851;463;3;0.087028124;3;8.140205499
1852;463;3;0.087028124;4;9.495433825
1853;464;4;0.19144606;1;5.190872531
1854;464;4;0.19144606;2;5.212531094
1855;464;4;0.19144606;3;2.879823643
1856;464;4;0.19144606;4;7.285686015
1857;465;2;0.654470242;1;5.606914066
1858;465;2;0.654470242;2;5.8952388
1859;465;2;0.654470242;3;6.102390112
1860;465;2;0.654470242;4;8.208250123
1861;466;2;0.313717587;1;1.424428079
1862;466;2;0.313717587;2;4.948170422
1863;466;2;0.313717587;3;4.372016859
1864;466;2;0.313717587;4;4.749212529
1865;467;4;0.692735756;1;4.668349369
1866;467;4;0.692735756;2;6.159236851
1867;467;4;0.692735756;3;6.443571483
1868;467;4;0.692735756;4;5.664518484
1869;468;3;0.109070129;1;4.581336263
1870;468;3;0.109070129;2;4.254221656
1871;468;3;0.109070129;3;7.03511185
1872;468;3;0.109070129;4;6.536129409
1873;469;4;0.959977272;1;3.932648379
1874;469;4;0.959977272;2;5.335373838
1875;469;4;0.959977272;3;7.679458016
1876;469;4;0.959977272;4;6.98743063
1877;470;4;0.54172807;1;5.060218508
1878;470;4;0.54172807;2;3.929801112
1879;470;4;0.54172807;3;6.67885279
1880;470;4;0.54172807;4;4.23953969
1881;471;2;0.229238157;1;4.000656999
1882;471;2;0.229238157;2;5.410355576
1883;471;2;0.229238157;3;5.393130554
1884;471;2;0.229238157;4;5.370566
1885;472;3;0.188995687;1;1.857871848
1886;472;3;0.188995687;2;4.119836142
1887;472;3;0.188995687;3;4.505452582
1888;472;3;0.188995687;4;6.843354523
1889;473;2;0.951474188;1;4.750086961
1890;473;2;0.951474188;2;5.129613125
1891;473;2;0.951474188;3;5.558039937
1892;473;2;0.951474188;4;6.87202712
1893;474;0;0;1;0.332926843
1894;474;0;0;2;1.775109315
1895;474;0;0;3;2.202970176
1896;474;0;0;4;4.909272431
1897;475;3;0.693138637;1;6.456484533
1898;475;3;0.693138637;2;4.319770182
1899;475;3;0.693138637;3;6.300001842
1900;475;3;0.693138637;4;7.389184764
1901;476;0;0;1;1.976687622
1902;476;0;0;2;3.619897021
1903;476;0;0;3;1.446559864
1904;476;0;0;4;4.106616406
1905;477;4;0.5866646;1;7.467141992
1906;477;4;0.5866646;2;5.722467275
1907;477;4;0.5866646;3;8.764552735
1908;477;4;0.5866646;4;7.371594956
1909;478;3;0.986277841;1;4.491329813
1910;478;3;0.986277841;2;6.235382922
1911;478;3;0.986277841;3;4.665949728
1912;478;3;0.986277841;4;6.416542427
1913;479;4;0.785120968;1;4.941798829
1914;479;4;0.785120968;2;5.674431733
1915;479;4;0.785120968;3;5.865696823
1916;479;4;0.785120968;4;9.26972328
1917;480;2;0.003612747;1;4.082342168
1918;480;2;0.003612747;2;6.010797103
1919;480;2;0.003612747;3;4.700379275
1920;480;2;0.003612747;4;5.985232501
1921;481;4;0.162456393;1;2.845402876
1922;481;4;0.162456393;2;3.331169555
1923;481;4;0.162456393;3;6.516595533
1924;481;4;0.162456393;4;6.497767265
1925;482;4;0.753647176;1;6.413339961
1926;482;4;0.753647176;2;6.953411815
1927;482;4;0.753647176;3;7.867318042
1928;482;4;0.753647176;4;7.197902938
1929;483;4;0.415568966;1;6.729758788
1930;483;4;0.415568966;2;5.786122553
1931;483;4;0.415568966;3;8.235909688
1932;483;4;0.415568966;4;6.354510704
1933;484;3;0.403468806;1;4.957183454
1934;484;3;0.403468806;2;5.334792251
1935;484;3;0.403468806;3;6.266530235
1936;484;3;0.403468806;4;7.030308946
1937;485;2;0.253779332;1;2.431631921
1938;485;2;0.253779332;2;1.215524887
1939;485;2;0.253779332;3;4.407570483
1940;485;2;0.253779332;4;4.96164138
1941;486;2;0.816181861;1;5.22346492
1942;486;2;0.816181861;2;4.179970673
1943;486;2;0.816181861;3;6.607298176
1944;486;2;0.816181861;4;7.535300314
1945;487;0;0;1;0.118048122
1946;487;0;0;2;2.821511344
1947;487;0;0;3;2.03159408
1948;487;0;0;4;2.211389727
1949;488;4;0.113958838;1;4.713731074
1950;488;4;0.113958838;2;5.800391235
1951;488;4;0.113958838;3;5.686465955
1952;488;4;0.113958838;4;7.889519811
1953;489;0;0;1;1.157250133
1954;489;0;0;2;0.249869039
1955;489;0;0;3;3.308053188
1956;489;0;0;4;5.899140112
1957;490;2;0.77288958;1;0.549797
1958;490;2;0.77288958;2;5.069683416
1959;490;2;0.77288958;3;3.875307746
1960;490;2;0.77288958;4;6.38468114
1961;491;4;0.534065515;1;3.416655649
1962;491;4;0.534065515;2;4.740458226
1963;491;4;0.534065515;3;8.233090631
1964;491;4;0.534065515;4;7.878191595
1965;492;0;0;1;-2.194592521
1966;492;0;0;2;0.700791411
1967;492;0;0;3;0.104902829
1968;492;0;0;4;2.25941719
1969;493;0;0;1;0.347868872
1970;493;0;0;2;2.002747997
1971;493;0;0;3;4.575712838
1972;493;0;0;4;6.238576064
1973;494;3;0.580605984;1;4.067024625
1974;494;3;0.580605984;2;5.760539426
1975;494;3;0.580605984;3;6.876681576
1976;494;3;0.580605984;4;6.928417175
1977;495;4;0.012572068;1;4.908967104
1978;495;4;0.012572068;2;5.613420838
1979;495;4;0.012572068;3;9.072417719
1980;495;4;0.012572068;4;8.964701157
1981;496;3;0.735589431;1;5.795899033
1982;496;3;0.735589431;2;6.123783358
1983;496;3;0.735589431;3;7.60715012
1984;496;3;0.735589431;4;7.361369247
1985;497;4;0.738026438;1;7.126309389
1986;497;4;0.738026438;2;7.774659914
1987;497;4;0.738026438;3;9.263996456
1988;497;4;0.738026438;4;9.452283361
1989;498;2;0.186960884;1;3.745901726
1990;498;2;0.186960884;2;3.617374056
1991;498;2;0.186960884;3;5.788006858
1992;498;2;0.186960884;4;6.562646269
1993;499;4;0.028050174;1;3.856336006
1994;499;4;0.028050174;2;5.816251527
1995;499;4;0.028050174;3;7.336849353
1996;499;4;0.028050174;4;7.41707084
1997;500;4;0.309792659;1;5.058707724
1998;500;4;0.309792659;2;7.965660388
1999;500;4;0.309792659;3;6.524523321
2000;500;4;0.309792659;4;9.166671224
2001;501;4;0.658816218;1;4.598648999
2002;501;4;0.658816218;2;5.818296273
2003;501;4;0.658816218;3;5.78512737
2004;501;4;0.658816218;4;5.262635536
2005;502;0;0;1;0.920347776
2006;502;0;0;2;2.348207573
2007;502;0;0;3;4.932875699
2008;502;0;0;4;2.653666622
2009;503;0;0;1;0.498001839
2010;503;0;0;2;2.093768277
2011;503;0;0;3;0.405078142
2012;503;0;0;4;5.102680493
2013;504;2;0.699658616;1;1.528435899
2014;504;2;0.699658616;2;4.624040765
2015;504;2;0.699658616;3;5.83318612
2016;504;2;0.699658616;4;5.55491965
2017;505;4;0.25313554;1;6.069934107
2018;505;4;0.25313554;2;7.534790746
2019;505;4;0.25313554;3;7.484259797
2020;505;4;0.25313554;4;9.172026306
2021;506;0;0;1;1.948945904
2022;506;0;0;2;2.328332376
2023;506;0;0;3;3.558485376
2024;506;0;0;4;6.161003076
2025;507;4;0.536480734;1;3.33282494
2026;507;4;0.536480734;2;4.817426313
2027;507;4;0.536480734;3;6.915285146
2028;507;4;0.536480734;4;7.764313613
2029;508;0;0;1;2.40821554
2030;508;0;0;2;0.597603414
2031;508;0;0;3;2.597513153
2032;508;0;0;4;4.746241523
2033;509;2;0.243396219;1;1.784757411
2034;509;2;0.243396219;2;4.20518981
2035;509;2;0.243396219;3;4.046814711
2036;509;2;0.243396219;4;4.47507763
2037;510;0;0;1;1.169644989
2038;510;0;0;2;-0.294183946
2039;510;0;0;3;1.866333328
2040;510;0;0;4;4.476744794
2041;511;3;0.111247215;1;4.41738588
2042;511;3;0.111247215;2;5.804020993
2043;511;3;0.111247215;3;5.487900087
2044;511;3;0.111247215;4;7.163254309
2045;512;0;0;1;1.371893912
2046;512;0;0;2;2.624383853
2047;512;0;0;3;5.138324193
2048;512;0;0;4;6.286844604
2049;513;0;0;1;1.955134043
2050;513;0;0;2;2.589493346
2051;513;0;0;3;3.070115417
2052;513;0;0;4;5.359024507
2053;514;4;0.869196173;1;6.552343717
2054;514;4;0.869196173;2;6.937681518
2055;514;4;0.869196173;3;6.933477489
2056;514;4;0.869196173;4;8.062979351
2057;515;2;0.585222862;1;5.362170454
2058;515;2;0.585222862;2;4.746402824
2059;515;2;0.585222862;3;6.576237253
2060;515;2;0.585222862;4;8.156693464
2061;516;0;0;1;3.472152513
2062;516;0;0;2;3.42597763
2063;516;0;0;3;6.737671197
2064;516;0;0;4;6.164201437
2065;517;4;0.976793913;1;5.421179343
2066;517;4;0.976793913;2;6.102060521
2067;517;4;0.976793913;3;5.786672886
2068;517;4;0.976793913;4;8.180432211
2069;518;2;0.407051113;1;3.78548812
2070;518;2;0.407051113;2;3.380494272
2071;518;2;0.407051113;3;6.761398597
2072;518;2;0.407051113;4;6.592307937
2073;519;4;0.250602309;1;7.091982796
2074;519;4;0.250602309;2;7.526117498
2075;519;4;0.250602309;3;9.220213757
2076;519;4;0.250602309;4;9.297757383
2077;520;3;0.999593845;1;3.418247526
2078;520;3;0.999593845;2;2.740337891
2079;520;3;0.999593845;3;5.915976325
2080;520;3;0.999593845;4;3.271676238
2081;521;0;0;1;0.097567307
2082;521;0;0;2;4.946454009
2083;521;0;0;3;3.932177151
2084;521;0;0;4;4.961980004
2085;522;2;0.377890567;1;2.885344858
2086;522;2;0.377890567;2;4.675533987
2087;522;2;0.377890567;3;3.095695477
2088;522;2;0.377890567;4;7.249510202
2089;523;3;0.974233495;1;4.436160286
2090;523;3;0.974233495;2;4.086489498
2091;523;3;0.974233495;3;4.529572909
2092;523;3;0.974233495;4;6.13666063
2093;524;0;0;1;-1.304577541
2094;524;0;0;2;-0.903152046
2095;524;0;0;3;-0.611557321
2096;524;0;0;4;2.351238197
2097;525;4;0.521426349;1;7.213600064
2098;525;4;0.521426349;2;6.210009572
2099;525;4;0.521426349;3;7.806355753
2100;525;4;0.521426349;4;8.04273832
2101;526;0;0;1;1.018409674
2102;526;0;0;2;2.411094835
2103;526;0;0;3;2.268113557
2104;526;0;0;4;4.480047408
2105;527;2;0.487036287;1;2.910226225
2106;527;2;0.487036287;2;3.646635742
2107;527;2;0.487036287;3;3.507037782
2108;527;2;0.487036287;4;6.21573036
2109;528;2;0.018239231;1;2.403702836
2110;528;2;0.018239231;2;1.356172207
2111;528;2;0.018239231;3;4.593731119
2112;528;2;0.018239231;4;4.828461297
2113;529;4;0.885133028;1;5.794513022
2114;529;4;0.885133028;2;5.904976079
2115;529;4;0.885133028;3;8.739369566
2116;529;4;0.885133028;4;7.929051373
2117;530;2;0.292141155;1;3.02401716
2118;530;2;0.292141155;2;4.861355097
2119;530;2;0.292141155;3;6.32819787
2120;530;2;0.292141155;4;7.801851321
2121;531;3;0.261435373;1;4.337594636
2122;531;3;0.261435373;2;3.599604434
2123;531;3;0.261435373;3;3.409137167
2124;531;3;0.261435373;4;5.886604292
2125;532;4;0.667332344;1;4.341393864
2126;532;4;0.667332344;2;6.543176312
2127;532;4;0.667332344;3;7.766296549
2128;532;4;0.667332344;4;8.217935579
2129;533;3;0.092363421;1;2.149531844
2130;533;3;0.092363421;2;3.199902335
2131;533;3;0.092363421;3;6.668246167
2132;533;3;0.092363421;4;7.767556725
2133;534;0;0;1;0.734159734
2134;534;0;0;2;1.136617283
2135;534;0;0;3;2.890263144
2136;534;0;0;4;2.841179157
2137;535;2;0.640952019;1;3.152163483
2138;535;2;0.640952019;2;4.843011059
2139;535;2;0.640952019;3;6.169553339
2140;535;2;0.640952019;4;6.832715727
2141;536;0;0;1;-0.513413777
2142;536;0;0;2;0.934341416
2143;536;0;0;3;3.711593674
2144;536;0;0;4;4.552096703
2145;537;4;0.325393905;1;3.588793111
2146;537;4;0.325393905;2;3.509488433
2147;537;4;0.325393905;3;5.24347101
2148;537;4;0.325393905;4;5.964107503
2149;538;4;0.934960632;1;4.592876406
2150;538;4;0.934960632;2;4.422364554
2151;538;4;0.934960632;3;7.145105046
2152;538;4;0.934960632;4;8.875591578
2153;539;4;0.442812681;1;5.53419389
2154;539;4;0.442812681;2;7.062906437
2155;539;4;0.442812681;3;10.4460211
2156;539;4;0.442812681;4;9.171444223
2157;540;4;0.658653344;1;4.119974112
2158;540;4;0.658653344;2;6.063887522
2159;540;4;0.658653344;3;5.727850382
2160;540;4;0.658653344;4;5.38872963
2161;541;3;0.698572447;1;5.61849725
2162;541;3;0.698572447;2;5.885794384
2163;541;3;0.698572447;3;7.362506184
2164;541;3;0.698572447;4;7.850608611
2165;542;4;0.888576686;1;4.614464743
2166;542;4;0.888576686;2;5.986538176
2167;542;4;0.888576686;3;8.433425091
2168;542;4;0.888576686;4;7.218636675
2169;543;0;0;1;3.396017814
2170;543;0;0;2;3.607141318
2171;543;0;0;3;5.375876749
2172;543;0;0;4;6.00565038
2173;544;2;0.778333847;1;4.051091953
2174;544;2;0.778333847;2;3.722686556
2175;544;2;0.778333847;3;5.330897578
2176;544;2;0.778333847;4;5.981643787
2177;545;4;0.058383211;1;7.573194682
2178;545;4;0.058383211;2;8.484946211
2179;545;4;0.058383211;3;8.682755709
2180;545;4;0.058383211;4;10.70685724
2181;546;3;0.734455411;1;6.326985891
2182;546;3;0.734455411;2;6.106110477
2183;546;3;0.734455411;3;6.130934154
2184;546;3;0.734455411;4;8.180197301
2185;547;0;0;1;1.732051352
2186;547;0;0;2;0.573055318
2187;547;0;0;3;2.608782165
2188;547;0;0;4;2.82922236
2189;548;0;0;1;2.173878363
2190;548;0;0;2;4.023916232
2191;548;0;0;3;3.074949558
2192;548;0;0;4;6.835076847
2193;549;0;0;1;0.522482738
2194;549;0;0;2;1.259208058
2195;549;0;0;3;3.693088466
2196;549;0;0;4;3.836015742
2197;550;0;0;1;-0.540718597
2198;550;0;0;2;0.296341364
2199;550;0;0;3;3.510047585
2200;550;0;0;4;2.046564393
2201;551;3;0.846204994;1;4.437299496
2202;551;3;0.846204994;2;4.969791859
2203;551;3;0.846204994;3;9.467868049
2204;551;3;0.846204994;4;8.411748106
2205;552;2;0.4417189;1;5.25452502
2206;552;2;0.4417189;2;6.42817724
2207;552;2;0.4417189;3;7.166644517
2208;552;2;0.4417189;4;9.364196923
2209;553;0;0;1;0.579164278
2210;553;0;0;2;1.875270277
2211;553;0;0;3;1.463591657
2212;553;0;0;4;4.281376531
2213;554;2;0.160550594;1;2.011777587
2214;554;2;0.160550594;2;6.480927775
2215;554;2;0.160550594;3;5.584454077
2216;554;2;0.160550594;4;8.44577961
2217;555;0;0;1;2.347958045
2218;555;0;0;2;3.431018233
2219;555;0;0;3;1.965802473
2220;555;0;0;4;4.606645717
2221;556;0;0;1;3.166103364
2222;556;0;0;2;3.63205405
2223;556;0;0;3;3.296269337
2224;556;0;0;4;5.826127672
2225;557;3;0.67449505;1;4.286840021
2226;557;3;0.67449505;2;5.804439498
2227;557;3;0.67449505;3;6.900051964
2228;557;3;0.67449505;4;7.227967596
2229;558;2;0.344508627;1;4.008309314
2230;558;2;0.344508627;2;4.966269558
2231;558;2;0.344508627;3;5.766068546
2232;558;2;0.344508627;4;7.518737339
2233;559;4;0.210983373;1;5.894535708
2234;559;4;0.210983373;2;4.462235832
2235;559;4;0.210983373;3;8.677224797
2236;559;4;0.210983373;4;9.537159802
2237;560;0;0;1;1.575746027
2238;560;0;0;2;2.283050461
2239;560;0;0;3;2.965871147
2240;560;0;0;4;5.240557779
2241;561;2;0.889815176;1;4.13371785
2242;561;2;0.889815176;2;5.881620165
2243;561;2;0.889815176;3;4.681206197
2244;561;2;0.889815176;4;4.944143756
2245;562;0;0;1;1.442140952
2246;562;0;0;2;1.075451683
2247;562;0;0;3;1.632068249
2248;562;0;0;4;2.944183311
2249;563;4;0.805242646;1;5.971116189
2250;563;4;0.805242646;2;8.417089887
2251;563;4;0.805242646;3;8.308159316
2252;563;4;0.805242646;4;8.538927336
2253;564;0;0;1;2.9336033
2254;564;0;0;2;3.064584738
2255;564;0;0;3;7.274362285
2256;564;0;0;4;5.153370396
2257;565;2;0.568112276;1;1.45888424
2258;565;2;0.568112276;2;1.577313738
2259;565;2;0.568112276;3;3.761029952
2260;565;2;0.568112276;4;6.39638981
2261;566;0;0;1;1.580754106
2262;566;0;0;2;3.428958709
2263;566;0;0;3;4.951647764
2264;566;0;0;4;5.220186049
2265;567;0;0;1;0.018054765
2266;567;0;0;2;-0.443313347
2267;567;0;0;3;0.347521868
2268;567;0;0;4;2.375467949
2269;568;4;0.828020613;1;4.054209248
2270;568;4;0.828020613;2;5.183717689
2271;568;4;0.828020613;3;4.632460566
2272;568;4;0.828020613;4;6.241027624
2273;569;2;0.989811074;1;1.282600874
2274;569;2;0.989811074;2;2.899746111
2275;569;2;0.989811074;3;4.663775239
2276;569;2;0.989811074;4;4.787405904
2277;570;2;0.195758136;1;3.28937308
2278;570;2;0.195758136;2;2.808099928
2279;570;2;0.195758136;3;3.074526113
2280;570;2;0.195758136;4;4.425360709
2281;571;4;0.049404877;1;6.212809488
2282;571;4;0.049404877;2;5.1003342
2283;571;4;0.049404877;3;5.995042452
2284;571;4;0.049404877;4;9.870948926
2285;572;0;0;1;0.077399219
2286;572;0;0;2;1.844121423
2287;572;0;0;3;5.877692622
2288;572;0;0;4;3.434418225
2289;573;2;0.159736942;1;1.704219508
2290;573;2;0.159736942;2;2.671500735
2291;573;2;0.159736942;3;5.809584915
2292;573;2;0.159736942;4;5.674863996
2293;574;4;0.390937538;1;5.806876842
2294;574;4;0.390937538;2;6.381171862
2295;574;4;0.390937538;3;8.593987162
2296;574;4;0.390937538;4;10.60077082
2297;575;3;0.955229999;1;3.068745746
2298;575;3;0.955229999;2;4.664709874
2299;575;3;0.955229999;3;5.393529902
2300;575;3;0.955229999;4;5.915141202
2301;576;3;0.248869551;1;3.440252965
2302;576;3;0.248869551;2;4.035082715
2303;576;3;0.248869551;3;5.805340046
2304;576;3;0.248869551;4;5.473467994
2305;577;2;0.431796907;1;1.222385725
2306;577;2;0.431796907;2;3.229600334
2307;577;2;0.431796907;3;6.483061953
2308;577;2;0.431796907;4;5.724951506
2309;578;3;0.925082617;1;3.120530821
2310;578;3;0.925082617;2;3.897421904
2311;578;3;0.925082617;3;4.969273795
2312;578;3;0.925082617;4;7.301299736
2313;579;4;0.041641175;1;3.24804921
2314;579;4;0.041641175;2;6.074499002
2315;579;4;0.041641175;3;6.29802327
2316;579;4;0.041641175;4;6.675131889
2317;580;0;0;1;1.608078169
2318;580;0;0;2;0.278418825
2319;580;0;0;3;3.713274395
2320;580;0;0;4;3.982409205
2321;581;0;0;1;-0.480119025
2322;581;0;0;2;2.466845436
2323;581;0;0;3;1.042110568
2324;581;0;0;4;2.94869285
2325;582;2;0.331734276;1;3.160374528
2326;582;2;0.331734276;2;3.087112852
2327;582;2;0.331734276;3;2.691203811
2328;582;2;0.331734276;4;8.254965797
2329;583;4;0.736278562;1;4.695762612
2330;583;4;0.736278562;2;5.141542005
2331;583;4;0.736278562;3;5.520380725
2332;583;4;0.736278562;4;7.354713719
2333;584;3;0.593999323;1;4.637249888
2334;584;3;0.593999323;2;7.574589347
2335;584;3;0.593999323;3;9.055179714
2336;584;3;0.593999323;4;7.230920162
2337;585;2;0.877893759;1;3.450391019
2338;585;2;0.877893759;2;2.67863763
2339;585;2;0.877893759;3;2.240478956
2340;585;2;0.877893759;4;5.365255766
2341;586;3;0.219444317;1;4.258593547
2342;586;3;0.219444317;2;2.814759141
2343;586;3;0.219444317;3;7.43771409
2344;586;3;0.219444317;4;6.252478716
2345;587;3;0.691386402;1;7.311431057
2346;587;3;0.691386402;2;6.562725217
2347;587;3;0.691386402;3;6.852644741
2348;587;3;0.691386402;4;7.515266199
2349;588;0;0;1;0.720402136
2350;588;0;0;2;1.780689693
2351;588;0;0;3;3.32133999
2352;588;0;0;4;5.117872681
2353;589;0;0;1;1.156791089
2354;589;0;0;2;2.149087322
2355;589;0;0;3;2.525313175
2356;589;0;0;4;6.40908344
2357;590;4;0.819008472;1;4.683207115
2358;590;4;0.819008472;2;5.811429158
2359;590;4;0.819008472;3;9.136682496
2360;590;4;0.819008472;4;8.440319366
2361;591;0;0;1;0.468134682
2362;591;0;0;2;-0.042236998
2363;591;0;0;3;-0.942413172
2364;591;0;0;4;2.001172709
2365;592;0;0;1;-0.485521569
2366;592;0;0;2;0.025007722
2367;592;0;0;3;2.838010777
2368;592;0;0;4;3.464943822
2369;593;2;0.947713038;1;2.393535842
2370;593;2;0.947713038;2;2.711601093
2371;593;2;0.947713038;3;5.027919187
2372;593;2;0.947713038;4;4.59185379
2373;594;4;0.079592437;1;6.133424236
2374;594;4;0.079592437;2;4.689602962
2375;594;4;0.079592437;3;7.238195943
2376;594;4;0.079592437;4;6.618724839
2377;595;3;0.488914408;1;4.106992643
2378;595;3;0.488914408;2;6.42360617
2379;595;3;0.488914408;3;7.206175988
2380;595;3;0.488914408;4;8.480809783
2381;596;4;0.312308703;1;7.401622831
2382;596;4;0.312308703;2;5.201848574
2383;596;4;0.312308703;3;8.482094553
2384;596;4;0.312308703;4;8.288387885
2385;597;4;0.27572743;1;6.037136484
2386;597;4;0.27572743;2;5.788370383
2387;597;4;0.27572743;3;7.325472674
2388;597;4;0.27572743;4;7.265855156
2389;598;4;0.556567018;1;0.466442322
2390;598;4;0.556567018;2;3.729226593
2391;598;4;0.556567018;3;5.851860385
2392;598;4;0.556567018;4;5.087784777
2393;599;4;0.298364663;1;3.495786772
2394;599;4;0.298364663;2;6.805567134
2395;599;4;0.298364663;3;9.367009267
2396;599;4;0.298364663;4;8.393945729
2397;600;2;0.601292331;1;0.76377408
2398;600;2;0.601292331;2;2.560625079
2399;600;2;0.601292331;3;3.871239002
2400;600;2;0.601292331;4;4.15117771
2401;601;3;0.819973544;1;3.275409018
2402;601;3;0.819973544;2;4.149814808
2403;601;3;0.819973544;3;3.958090329
2404;601;3;0.819973544;4;5.651389104
2405;602;2;0.135665962;1;2.723278796
2406;602;2;0.135665962;2;6.098966737
2407;602;2;0.135665962;3;4.566097699
2408;602;2;0.135665962;4;5.938782511
2409;603;2;0.07736817;1;1.817854748
2410;603;2;0.07736817;2;3.688048803
2411;603;2;0.07736817;3;4.041157116
2412;603;2;0.07736817;4;5.42059616
2413;604;4;0.849404633;1;5.143518423
2414;604;4;0.849404633;2;6.746631491
2415;604;4;0.849404633;3;8.061824855
2416;604;4;0.849404633;4;8.552551161
2417;605;3;0.365896758;1;4.047105574
2418;605;3;0.365896758;2;4.039405653
2419;605;3;0.365896758;3;5.758129297
2420;605;3;0.365896758;4;5.285923823
2421;606;3;0.485233606;1;6.889038283
2422;606;3;0.485233606;2;7.362074024
2423;606;3;0.485233606;3;7.270717891
2424;606;3;0.485233606;4;7.599924337
2425;607;0;0;1;1.4979655
2426;607;0;0;2;2.26493777
2427;607;0;0;3;5.320102716
2428;607;0;0;4;4.723565911
2429;608;2;0.993760334;1;1.753369918
2430;608;2;0.993760334;2;2.896593308
2431;608;2;0.993760334;3;3.204671029
2432;608;2;0.993760334;4;5.757348141
2433;609;4;0.712091754;1;3.668608082
2434;609;4;0.712091754;2;7.094087657
2435;609;4;0.712091754;3;5.763295004
2436;609;4;0.712091754;4;7.989737903
2437;610;3;0.406107187;1;6.296614945
2438;610;3;0.406107187;2;3.991131334
2439;610;3;0.406107187;3;6.704165745
2440;610;3;0.406107187;4;7.803799746
2441;611;3;0.676657212;1;3.852000733
2442;611;3;0.676657212;2;4.768091707
2443;611;3;0.676657212;3;6.623518134
2444;611;3;0.676657212;4;6.356265885
2445;612;0;0;1;3.185723754
2446;612;0;0;2;4.767370495
2447;612;0;0;3;5.917287144
2448;612;0;0;4;7.75345515
2449;613;3;0.579673039;1;2.220687334
2450;613;3;0.579673039;2;2.648512959
2451;613;3;0.579673039;3;4.678507422
2452;613;3;0.579673039;4;7.216982662
2453;614;2;0.012383239;1;3.911175799
2454;614;2;0.012383239;2;4.178640886
2455;614;2;0.012383239;3;4.719162789
2456;614;2;0.012383239;4;5.581326089
2457;615;0;0;1;1.745973492
2458;615;0;0;2;1.105317022
2459;615;0;0;3;3.160627424
2460;615;0;0;4;4.288253454
2461;616;3;0.133754184;1;6.60102972
2462;616;3;0.133754184;2;8.487572035
2463;616;3;0.133754184;3;9.065935076
2464;616;3;0.133754184;4;8.96931409
2465;617;3;0.455466469;1;4.571464944
2466;617;3;0.455466469;2;4.367196734
2467;617;3;0.455466469;3;6.377536703
2468;617;3;0.455466469;4;7.891940133
2469;618;4;0.503811453;1;5.707824545
2470;618;4;0.503811453;2;8.106548857
2471;618;4;0.503811453;3;5.792286386
2472;618;4;0.503811453;4;8.885570957
2473;619;0;0;1;-0.489596363
2474;619;0;0;2;1.474293202
2475;619;0;0;3;2.468793302
2476;619;0;0;4;4.284757286
2477;620;3;0.247281124;1;5.833042991
2478;620;3;0.247281124;2;6.636440854
2479;620;3;0.247281124;3;7.354615039
2480;620;3;0.247281124;4;7.885086468
2481;621;0;0;1;1.487030085
2482;621;0;0;2;0.328924986
2483;621;0;0;3;2.541376646
2484;621;0;0;4;2.106422585
2485;622;2;0.561813542;1;5.952125928
2486;622;2;0.561813542;2;4.376152674
2487;622;2;0.561813542;3;5.567371781
2488;622;2;0.561813542;4;8.913411889
2489;623;4;0.656296285;1;5.696701044
2490;623;4;0.656296285;2;7.298729389
2491;623;4;0.656296285;3;8.242224621
2492;623;4;0.656296285;4;9.998354832
2493;624;0;0;1;1.508979654
2494;624;0;0;2;0.488037976
2495;624;0;0;3;4.142911216
2496;624;0;0;4;5.10494945
2497;625;3;0.319114617;1;4.630046527
2498;625;3;0.319114617;2;7.169956252
2499;625;3;0.319114617;3;7.346222914
2500;625;3;0.319114617;4;8.572444367
2501;626;0;0;1;-0.775008428
2502;626;0;0;2;1.552242917
2503;626;0;0;3;0.629099667
2504;626;0;0;4;4.562139081
2505;627;3;0.875862898;1;1.845914772
2506;627;3;0.875862898;2;3.198321785
2507;627;3;0.875862898;3;4.119775464
2508;627;3;0.875862898;4;5.393530596
2509;628;0;0;1;1.261692875
2510;628;0;0;2;0.937573695
2511;628;0;0;3;3.092249088
2512;628;0;0;4;4.296911355
2513;629;3;0.9320354;1;2.560801826
2514;629;3;0.9320354;2;3.752794372
2515;629;3;0.9320354;3;4.837999624
2516;629;3;0.9320354;4;4.275975474
2517;630;4;0.975680362;1;4.781844202
2518;630;4;0.975680362;2;8.194657477
2519;630;4;0.975680362;3;6.556570685
2520;630;4;0.975680362;4;9.543275503
2521;631;0;0;1;1.014897562
2522;631;0;0;2;2.93998484
2523;631;0;0;3;4.504334068
2524;631;0;0;4;2.838874285
2525;632;4;0.822718628;1;2.529710506
2526;632;4;0.822718628;2;4.773015612
2527;632;4;0.822718628;3;6.563383722
2528;632;4;0.822718628;4;6.901755287
2529;633;3;0.836259665;1;4.819260835
2530;633;3;0.836259665;2;4.493198626
2531;633;3;0.836259665;3;4.116104182
2532;633;3;0.836259665;4;4.98003669
2533;634;4;0.333189813;1;6.545816659
2534;634;4;0.333189813;2;4.331246662
2535;634;4;0.333189813;3;6.420276945
2536;634;4;0.333189813;4;7.700753089
2537;635;0;0;1;0.212004566
2538;635;0;0;2;2.402588913
2539;635;0;0;3;2.083583016
2540;635;0;0;4;3.076843123
2541;636;0;0;1;2.699855398
2542;636;0;0;2;1.129686433
2543;636;0;0;3;2.303096529
2544;636;0;0;4;4.886860028
2545;637;3;0.858021117;1;5.693444047
2546;637;3;0.858021117;2;5.129542294
2547;637;3;0.858021117;3;5.710805466
2548;637;3;0.858021117;4;8.477083621
2549;638;0;0;1;0.397732536
2550;638;0;0;2;1.762722787
2551;638;0;0;3;1.966031345
2552;638;0;0;4;4.212547984
2553;639;3;0.11410653;1;2.47020134
2554;639;3;0.11410653;2;2.733702899
2555;639;3;0.11410653;3;5.621151223
2556;639;3;0.11410653;4;6.444213766
2557;640;3;0.984485539;1;3.4942393
2558;640;3;0.984485539;2;5.179370931
2559;640;3;0.984485539;3;8.208503525
2560;640;3;0.984485539;4;9.04685151
2561;641;4;0.846561573;1;7.008824319
2562;641;4;0.846561573;2;8.119508115
2563;641;4;0.846561573;3;9.335089146
2564;641;4;0.846561573;4;8.757658224
2565;642;2;0.367077512;1;2.904048491
2566;642;2;0.367077512;2;1.734630671
2567;642;2;0.367077512;3;4.953189058
2568;642;2;0.367077512;4;5.056241603
2569;643;4;0.922374216;1;4.972063625
2570;643;4;0.922374216;2;4.553419967
2571;643;4;0.922374216;3;6.148823973
2572;643;4;0.922374216;4;8.743850232
2573;644;0;0;1;2.265679654
2574;644;0;0;2;2.363476913
2575;644;0;0;3;-0.344468322
2576;644;0;0;4;2.549296326
2577;645;3;0.650016513;1;5.097545634
2578;645;3;0.650016513;2;5.47034627
2579;645;3;0.650016513;3;6.648507718
2580;645;3;0.650016513;4;6.774588552
2581;646;3;0.333646236;1;5.819170439
2582;646;3;0.333646236;2;5.370106632
2583;646;3;0.333646236;3;7.585463175
2584;646;3;0.333646236;4;8.791728013
2585;647;2;0.463107241;1;3.562894063
2586;647;2;0.463107241;2;2.731380423
2587;647;2;0.463107241;3;4.540046123
2588;647;2;0.463107241;4;5.726661625
2589;648;0;0;1;1.384611764
2590;648;0;0;2;2.623155235
2591;648;0;0;3;4.242294996
2592;648;0;0;4;4.595471556
2593;649;4;0.295662732;1;3.990383188
2594;649;4;0.295662732;2;5.165318578
2595;649;4;0.295662732;3;6.42078679
2596;649;4;0.295662732;4;6.224159715
2597;650;0;0;1;2.690669841
2598;650;0;0;2;4.939928052
2599;650;0;0;3;4.928449632
2600;650;0;0;4;4.569152219
2601;651;2;0.093556423;1;2.463999361
2602;651;2;0.093556423;2;4.63459442
2603;651;2;0.093556423;3;5.662248522
2604;651;2;0.093556423;4;7.306452307
2605;652;4;0.047559651;1;7.163998933
2606;652;4;0.047559651;2;5.959722312
2607;652;4;0.047559651;3;9.051419257
2608;652;4;0.047559651;4;8.960417762
2609;653;0;0;1;-0.21534162
2610;653;0;0;2;1.063229881
2611;653;0;0;3;2.634131972
2612;653;0;0;4;3.85124033
2613;654;3;0.450094766;1;7.748045213
2614;654;3;0.450094766;2;6.94423905
2615;654;3;0.450094766;3;8.275860651
2616;654;3;0.450094766;4;7.987852908
2617;655;2;0.436524105;1;1.830917466
2618;655;2;0.436524105;2;3.5518002
2619;655;2;0.436524105;3;6.433098956
2620;655;2;0.436524105;4;8.078308928
2621;656;4;0.306251535;1;6.450409026
2622;656;4;0.306251535;2;5.583127017
2623;656;4;0.306251535;3;7.920971553
2624;656;4;0.306251535;4;6.591247219
2625;657;0;0;1;2.534220659
2626;657;0;0;2;3.356201945
2627;657;0;0;3;4.617144517
2628;657;0;0;4;5.042906592
2629;658;2;0.911298125;1;3.641771703
2630;658;2;0.911298125;2;5.499613845
2631;658;2;0.911298125;3;4.296525603
2632;658;2;0.911298125;4;6.129474738
2633;659;3;0.138720755;1;2.150675294
2634;659;3;0.138720755;2;2.734052905
2635;659;3;0.138720755;3;6.093066797
2636;659;3;0.138720755;4;6.010839771
2637;660;0;0;1;0.708625851
2638;660;0;0;2;2.646561296
2639;660;0;0;3;3.357877529
2640;660;0;0;4;1.688282126
2641;661;4;0.455379979;1;2.753107235
2642;661;4;0.455379979;2;4.845554714
2643;661;4;0.455379979;3;5.671128063
2644;661;4;0.455379979;4;6.302270933
2645;662;0;0;1;1.745890465
2646;662;0;0;2;2.564327356
2647;662;0;0;3;2.379949899
2648;662;0;0;4;4.218024373
2649;663;0;0;1;-0.222491607
2650;663;0;0;2;2.693021287
2651;663;0;0;3;0.90072958
2652;663;0;0;4;4.599148324
2653;664;2;0.440027754;1;4.896659242
2654;664;2;0.440027754;2;3.704947873
2655;664;2;0.440027754;3;5.918779014
2656;664;2;0.440027754;4;7.146851534
2657;665;3;0.367616268;1;2.88431675
2658;665;3;0.367616268;2;5.24863157
2659;665;3;0.367616268;3;5.373058971
2660;665;3;0.367616268;4;7.438060494
2661;666;4;0.768632413;1;4.547069695
2662;666;4;0.768632413;2;6.889441928
2663;666;4;0.768632413;3;6.394198959
2664;666;4;0.768632413;4;7.827084064
2665;667;4;0.745459761;1;6.644428152
2666;667;4;0.745459761;2;6.970508263
2667;667;4;0.745459761;3;7.589799703
2668;667;4;0.745459761;4;9.259502239
2669;668;3;0.315286733;1;5.256680167
2670;668;3;0.315286733;2;5.360482181
2671;668;3;0.315286733;3;6.52858634
2672;668;3;0.315286733;4;5.80397214
2673;669;3;0.515241507;1;3.145204257
2674;669;3;0.515241507;2;5.393866806
2675;669;3;0.515241507;3;7.801718457
2676;669;3;0.515241507;4;6.231338442
2677;670;4;0.408161646;1;0.959303789
2678;670;4;0.408161646;2;5.33871849
2679;670;4;0.408161646;3;6.962685092
2680;670;4;0.408161646;4;6.341920853
2681;671;2;0.539746309;1;0.631872095
2682;671;2;0.539746309;2;2.300365705
2683;671;2;0.539746309;3;5.241372317
2684;671;2;0.539746309;4;4.409281836
2685;672;0;0;1;1.068851838
2686;672;0;0;2;3.398513538
2687;672;0;0;3;2.12976008
2688;672;0;0;4;4.015621771
2689;673;3;0.677241538;1;8.142200039
2690;673;3;0.677241538;2;4.633304945
2691;673;3;0.677241538;3;6.380993729
2692;673;3;0.677241538;4;9.659462875
2693;674;2;0.490201522;1;0.867064968
2694;674;2;0.490201522;2;3.021207851
2695;674;2;0.490201522;3;4.078922393
2696;674;2;0.490201522;4;6.735204788
2697;675;0;0;1;0.839283719
2698;675;0;0;2;2.324651583
2699;675;0;0;3;2.958570724
2700;675;0;0;4;3.754599459
2701;676;0;0;1;0.798322639
2702;676;0;0;2;1.159592539
2703;676;0;0;3;2.416380065
2704;676;0;0;4;4.434230345
2705;677;3;0.456969009;1;2.059801339
2706;677;3;0.456969009;2;3.250505246
2707;677;3;0.456969009;3;4.104262242
2708;677;3;0.456969009;4;5.000992972
2709;678;0;0;1;0.349385729
2710;678;0;0;2;0.894192772
2711;678;0;0;3;3.869035939
2712;678;0;0;4;3.501710302
2713;679;2;0.546737379;1;4.228534523
2714;679;2;0.546737379;2;3.4163956
2715;679;2;0.546737379;3;4.635537924
2716;679;2;0.546737379;4;5.98007486
2717;680;0;0;1;-0.613853904
2718;680;0;0;2;3.963960139
2719;680;0;0;3;1.34548093
2720;680;0;0;4;3.824913113
2721;681;3;0.386972917;1;5.245298209
2722;681;3;0.386972917;2;5.854079473
2723;681;3;0.386972917;3;6.302841772
2724;681;3;0.386972917;4;8.436935691
2725;682;2;0.639867295;1;0.283072842
2726;682;2;0.639867295;2;3.204603935
2727;682;2;0.639867295;3;4.377720544
2728;682;2;0.639867295;4;2.836200568
2729;683;4;0.789624237;1;7.034407545
2730;683;4;0.789624237;2;7.732612619
2731;683;4;0.789624237;3;8.27623451
2732;683;4;0.789624237;4;8.223168434
2733;684;3;0.260375087;1;2.281771087
2734;684;3;0.260375087;2;3.838208576
2735;684;3;0.260375087;3;5.153430674
2736;684;3;0.260375087;4;3.262460653
2737;685;0;0;1;1.824910099
2738;685;0;0;2;0.830628354
2739;685;0;0;3;3.097457014
2740;685;0;0;4;4.632051515
2741;686;3;0.088516539;1;5.561764517
2742;686;3;0.088516539;2;6.121915045
2743;686;3;0.088516539;3;6.435582058
2744;686;3;0.088516539;4;9.988511905
2745;687;0;0;1;2.51184211
2746;687;0;0;2;0.865349005
2747;687;0;0;3;2.761055243
2748;687;0;0;4;3.480025007
2749;688;2;0.859264546;1;2.739475309
2750;688;2;0.859264546;2;3.66922594
2751;688;2;0.859264546;3;2.785194598
2752;688;2;0.859264546;4;5.286917668
2753;689;4;0.113723205;1;8.991529291
2754;689;4;0.113723205;2;7.209699869
2755;689;4;0.113723205;3;8.926026008
2756;689;4;0.113723205;4;9.484919049
2757;690;3;0.41279463;1;2.214461223
2758;690;3;0.41279463;2;5.567478361
2759;690;3;0.41279463;3;6.539040572
2760;690;3;0.41279463;4;6.603764874
2761;691;0;0;1;0.847294427
2762;691;0;0;2;2.642673414
2763;691;0;0;3;2.12317838
2764;691;0;0;4;3.294484349
2765;692;3;0.715463848;1;6.239660878
2766;692;3;0.715463848;2;7.757329467
2767;692;3;0.715463848;3;8.743548401
2768;692;3;0.715463848;4;10.04599914
2769;693;2;0.960712261;1;3.674728412
2770;693;2;0.960712261;2;4.285071523
2771;693;2;0.960712261;3;5.978665884
2772;693;2;0.960712261;4;7.980033987
2773;694;4;0.748806425;1;3.022010538
2774;694;4;0.748806425;2;3.251168814
2775;694;4;0.748806425;3;4.925799102
2776;694;4;0.748806425;4;4.57555741
2777;695;2;0.941015767;1;4.426131185
2778;695;2;0.941015767;2;3.692020793
2779;695;2;0.941015767;3;4.345605427
2780;695;2;0.941015767;4;5.092490892
2781;696;2;0.32618484;1;1.886528031
2782;696;2;0.32618484;2;2.083330881
2783;696;2;0.32618484;3;5.02224206
2784;696;2;0.32618484;4;3.836973785
2785;697;3;0.078082559;1;5.618021523
2786;697;3;0.078082559;2;7.119598611
2787;697;3;0.078082559;3;6.943935516
2788;697;3;0.078082559;4;8.810432849
2789;698;4;0.205551912;1;5.08664332
2790;698;4;0.205551912;2;6.478114585
2791;698;4;0.205551912;3;6.302261884
2792;698;4;0.205551912;4;7.771835024
2793;699;3;0.200300358;1;4.759023009
2794;699;3;0.200300358;2;7.62243059
2795;699;3;0.200300358;3;7.690596234
2796;699;3;0.200300358;4;7.21931779
2797;700;4;0.275700392;1;6.364590025
2798;700;4;0.275700392;2;5.095927306
2799;700;4;0.275700392;3;7.637957052
2800;700;4;0.275700392;4;8.030403248
2801;701;2;0.86012578;1;4.504560759
2802;701;2;0.86012578;2;4.676650449
2803;701;2;0.86012578;3;4.849903823
2804;701;2;0.86012578;4;5.299388732
2805;702;4;0.193506649;1;5.804311389
2806;702;4;0.193506649;2;7.41909424
2807;702;4;0.193506649;3;8.03526852
2808;702;4;0.193506649;4;7.970613559
2809;703;4;0.497713418;1;5.745262319
2810;703;4;0.497713418;2;4.33068781
2811;703;4;0.497713418;3;7.899364414
2812;703;4;0.497713418;4;10.49296244
2813;704;3;0.428190954;1;3.384379736
2814;704;3;0.428190954;2;2.55033355
2815;704;3;0.428190954;3;5.168160754
2816;704;3;0.428190954;4;6.068787521
2817;705;2;0.675011468;1;3.053641616
2818;705;2;0.675011468;2;2.793147622
2819;705;2;0.675011468;3;3.611768104
2820;705;2;0.675011468;4;4.527459492
2821;706;2;0.588878018;1;1.363874118
2822;706;2;0.588878018;2;3.300089239
2823;706;2;0.588878018;3;3.995138457
2824;706;2;0.588878018;4;4.031291403
2825;707;3;0.766883757;1;1.315328794
2826;707;3;0.766883757;2;4.105265831
2827;707;3;0.766883757;3;3.369552312
2828;707;3;0.766883757;4;5.447193572
2829;708;4;0.642639379;1;2.079262199
2830;708;4;0.642639379;2;4.452522463
2831;708;4;0.642639379;3;5.981407916
2832;708;4;0.642639379;4;7.2302852
2833;709;2;0.858246926;1;3.704251917
2834;709;2;0.858246926;2;6.930077568
2835;709;2;0.858246926;3;5.275887917
2836;709;2;0.858246926;4;7.314475377
2837;710;4;0.643272634;1;8.620625868
2838;710;4;0.643272634;2;7.934743308
2839;710;4;0.643272634;3;7.356901031
2840;710;4;0.643272634;4;10.68628059
2841;711;4;0.949407777;1;6.225410766
2842;711;4;0.949407777;2;7.435760134
2843;711;4;0.949407777;3;8.611532692
2844;711;4;0.949407777;4;8.321792836
2845;712;0;0;1;1.733842676
2846;712;0;0;2;2.965334358
2847;712;0;0;3;2.386710716
2848;712;0;0;4;4.86657868
2849;713;0;0;1;-0.711323922
2850;713;0;0;2;2.63924481
2851;713;0;0;3;2.213735521
2852;713;0;0;4;3.82368808
2853;714;2;0.634352728;1;1.680277006
2854;714;2;0.634352728;2;3.867893114
2855;714;2;0.634352728;3;3.951084776
2856;714;2;0.634352728;4;6.154145376
2857;715;2;0.511495414;1;6.165825291
2858;715;2;0.511495414;2;5.667236865
2859;715;2;0.511495414;3;5.895150543
2860;715;2;0.511495414;4;4.919900145
2861;716;2;0.796902416;1;-0.073633828
2862;716;2;0.796902416;2;-0.087608838
2863;716;2;0.796902416;3;1.655555437
2864;716;2;0.796902416;4;4.719396721
2865;717;3;0.02271591;1;3.572323248
2866;717;3;0.02271591;2;5.86531899
2867;717;3;0.02271591;3;4.537910938
2868;717;3;0.02271591;4;4.776618534
2869;718;2;0.030151437;1;2.388244741
2870;718;2;0.030151437;2;4.712951284
2871;718;2;0.030151437;3;5.624716111
2872;718;2;0.030151437;4;3.981720999
2873;719;0;0;1;1.695759659
2874;719;0;0;2;1.760905472
2875;719;0;0;3;3.404214923
2876;719;0;0;4;5.050749287
2877;720;2;0.617089169;1;2.381650725
2878;720;2;0.617089169;2;3.562973188
2879;720;2;0.617089169;3;5.442312283
2880;720;2;0.617089169;4;6.2740738
2881;721;0;0;1;0.989277959
2882;721;0;0;2;3.024167844
2883;721;0;0;3;1.852210522
2884;721;0;0;4;4.488454245
2885;722;2;0.704311403;1;1.92042389
2886;722;2;0.704311403;2;4.533961521
2887;722;2;0.704311403;3;4.7816934
2888;722;2;0.704311403;4;5.612073891
2889;723;0;0;1;-1.671090622
2890;723;0;0;2;0.082286695
2891;723;0;0;3;1.564897836
2892;723;0;0;4;2.924639486
2893;724;2;0.93929562;1;0.69223481
2894;724;2;0.93929562;2;2.21352259
2895;724;2;0.93929562;3;2.776774723
2896;724;2;0.93929562;4;5.57817651
2897;725;3;0.548105307;1;1.936962171
2898;725;3;0.548105307;2;2.279463087
2899;725;3;0.548105307;3;6.671794088
2900;725;3;0.548105307;4;6.298133278
2901;726;0;0;1;-0.371770674
2902;726;0;0;2;1.722043018
2903;726;0;0;3;3.147048519
2904;726;0;0;4;3.631288554
2905;727;3;0.672547502;1;3.334046083
2906;727;3;0.672547502;2;4.574052544
2907;727;3;0.672547502;3;5.384045555
2908;727;3;0.672547502;4;6.910349732
2909;728;3;0.368829009;1;4.38884892
2910;728;3;0.368829009;2;4.455995357
2911;728;3;0.368829009;3;6.92651078
2912;728;3;0.368829009;4;7.141144679
2913;729;3;0.092991117;1;4.598280012
2914;729;3;0.092991117;2;5.969428124
2915;729;3;0.092991117;3;5.676987478
2916;729;3;0.092991117;4;6.22015823
2917;730;0;0;1;-1.154540803
2918;730;0;0;2;1.201452957
2919;730;0;0;3;1.752816286
2920;730;0;0;4;4.851607148
2921;731;0;0;1;-0.933629735
2922;731;0;0;2;1.873560034
2923;731;0;0;3;1.984086717
2924;731;0;0;4;4.981472632
2925;732;2;0.036894397;1;3.63205719
2926;732;2;0.036894397;2;3.281798276
2927;732;2;0.036894397;3;4.693997578
2928;732;2;0.036894397;4;8.889771406
2929;733;2;0.55636482;1;2.784521949
2930;733;2;0.55636482;2;2.461821874
2931;733;2;0.55636482;3;2.725501092
2932;733;2;0.55636482;4;3.965077017
2933;734;4;0.003513508;1;3.407666928
2934;734;4;0.003513508;2;3.988580857
2935;734;4;0.003513508;3;6.143592415
2936;734;4;0.003513508;4;7.631968291
2937;735;4;0.119035246;1;6.761166343
2938;735;4;0.119035246;2;8.063163579
2939;735;4;0.119035246;3;7.640498599
2940;735;4;0.119035246;4;9.075004869
2941;736;0;0;1;2.090435862
2942;736;0;0;2;0.681170979
2943;736;0;0;3;-0.055255212
2944;736;0;0;4;2.014378154
2945;737;3;0.511144361;1;4.478977552
2946;737;3;0.511144361;2;4.459680731
2947;737;3;0.511144361;3;4.689324499
2948;737;3;0.511144361;4;9.221158886
2949;738;0;0;1;0.356927323
2950;738;0;0;2;3.148727336
2951;738;0;0;3;2.43281982
2952;738;0;0;4;4.346462185
2953;739;0;0;1;-0.823473392
2954;739;0;0;2;0.4721256
2955;739;0;0;3;0.929628276
2956;739;0;0;4;2.839199903
2957;740;0;0;1;1.019515052
2958;740;0;0;2;1.957753001
2959;740;0;0;3;3.455434389
2960;740;0;0;4;3.722768253
2961;741;3;0.94230943;1;5.909470516
2962;741;3;0.94230943;2;7.554682408
2963;741;3;0.94230943;3;8.415320829
2964;741;3;0.94230943;4;7.09362751
2965;742;2;0.264257487;1;4.483373801
2966;742;2;0.264257487;2;3.094496891
2967;742;2;0.264257487;3;3.874089209
2968;742;2;0.264257487;4;8.300436957
2969;743;2;0.905477491;1;0.54075023
2970;743;2;0.905477491;2;1.934403362
2971;743;2;0.905477491;3;3.833400482
2972;743;2;0.905477491;4;2.925967162
2973;744;2;0.329856757;1;1.053009458
2974;744;2;0.329856757;2;3.063502263
2975;744;2;0.329856757;3;3.54665107
2976;744;2;0.329856757;4;6.528186665
2977;745;4;0.227845671;1;2.803448512
2978;745;4;0.227845671;2;6.460110149
2979;745;4;0.227845671;3;4.678494117
2980;745;4;0.227845671;4;6.129755084
2981;746;2;0.667791119;1;2.282610378
2982;746;2;0.667791119;2;3.254221635
2983;746;2;0.667791119;3;5.741105007
2984;746;2;0.667791119;4;5.017385452
2985;747;3;0.958246578;1;3.791648145
2986;747;3;0.958246578;2;4.697818351
2987;747;3;0.958246578;3;6.952832143
2988;747;3;0.958246578;4;8.44500924
2989;748;4;0.445572481;1;2.819781881
2990;748;4;0.445572481;2;5.969180167
2991;748;4;0.445572481;3;7.03171205
2992;748;4;0.445572481;4;5.335898605
2993;749;2;0.754097278;1;5.694461866
2994;749;2;0.754097278;2;6.067630141
2995;749;2;0.754097278;3;7.251781487
2996;749;2;0.754097278;4;8.157211241
2997;750;4;0.545409598;1;5.959006995
2998;750;4;0.545409598;2;7.092313385
2999;750;4;0.545409598;3;9.181471344
3000;750;4;0.545409598;4;9.897298983
3001;751;4;0.038990286;1;4.496106588
3002;751;4;0.038990286;2;6.461384893
3003;751;4;0.038990286;3;6.680561198
3004;751;4;0.038990286;4;7.241602823
3005;752;4;0.975315728;1;5.352972899
3006;752;4;0.975315728;2;7.754314985
3007;752;4;0.975315728;3;6.499081159
3008;752;4;0.975315728;4;9.11723359
3009;753;3;0.155701163;1;6.346627327
3010;753;3;0.155701163;2;5.500654416
3011;753;3;0.155701163;3;6.595413855
3012;753;3;0.155701163;4;8.032409962
3013;754;0;0;1;1.903729018
3014;754;0;0;2;1.308606319
3015;754;0;0;3;3.258985522
3016;754;0;0;4;4.103032718
3017;755;2;0.206143412;1;2.031695077
3018;755;2;0.206143412;2;5.523332732
3019;755;2;0.206143412;3;4.803133358
3020;755;2;0.206143412;4;5.522039148
3021;756;0;0;1;2.459439881
3022;756;0;0;2;3.061510877
3023;756;0;0;3;3.904873444
3024;756;0;0;4;4.576412869
3025;757;4;0.437063077;1;6.615711131
3026;757;4;0.437063077;2;7.240670787
3027;757;4;0.437063077;3;6.929842509
3028;757;4;0.437063077;4;7.773744043
3029;758;0;0;1;1.859703617
3030;758;0;0;2;1.452337561
3031;758;0;0;3;3.728948394
3032;758;0;0;4;1.671789059
3033;759;3;0.291651257;1;5.241245864
3034;759;3;0.291651257;2;5.734509385
3035;759;3;0.291651257;3;7.302442856
3036;759;3;0.291651257;4;5.313884409
3037;760;4;0.309546297;1;4.583016356
3038;760;4;0.309546297;2;5.592947471
3039;760;4;0.309546297;3;6.016338756
3040;760;4;0.309546297;4;6.728204312
3041;761;2;0.111783312;1;1.704953609
3042;761;2;0.111783312;2;3.644272191
3043;761;2;0.111783312;3;3.58489489
3044;761;2;0.111783312;4;4.524214711
3045;762;4;0.296677502;1;6.058281461
3046;762;4;0.296677502;2;7.148895583
3047;762;4;0.296677502;3;5.870328447
3048;762;4;0.296677502;4;9.864073685
3049;763;2;0.105421597;1;6.275186843
3050;763;2;0.105421597;2;7.076576693
3051;763;2;0.105421597;3;6.99581504
3052;763;2;0.105421597;4;8.501275074
3053;764;4;0.164732352;1;5.8101666
3054;764;4;0.164732352;2;6.900208564
3055;764;4;0.164732352;3;6.162623022
3056;764;4;0.164732352;4;8.299022725
3057;765;3;0.90708115;1;3.05124145
3058;765;3;0.90708115;2;6.1493219
3059;765;3;0.90708115;3;6.916792562
3060;765;3;0.90708115;4;7.95305502
3061;766;4;0.799750805;1;2.842067196
3062;766;4;0.799750805;2;1.982192455
3063;766;4;0.799750805;3;5.050663424
3064;766;4;0.799750805;4;6.013414027
3065;767;0;0;1;3.164042117
3066;767;0;0;2;2.920136316
3067;767;0;0;3;3.550372234
3068;767;0;0;4;4.258387501
3069;768;4;0.104813678;1;4.640620345
3070;768;4;0.104813678;2;5.083303225
3071;768;4;0.104813678;3;7.119664426
3072;768;4;0.104813678;4;7.915819548
3073;769;0;0;1;1.834633656
3074;769;0;0;2;3.108963938
3075;769;0;0;3;1.970675672
3076;769;0;0;4;4.113768864
3077;770;3;0.225650957;1;3.365810991
3078;770;3;0.225650957;2;6.641729486
3079;770;3;0.225650957;3;6.977046511
3080;770;3;0.225650957;4;6.049665793
3081;771;0;0;1;-0.533099613
3082;771;0;0;2;-0.61347916
3083;771;0;0;3;-0.017509832
3084;771;0;0;4;2.655063771
3085;772;0;0;1;2.802608131
3086;772;0;0;2;4.928004763
3087;772;0;0;3;3.57373181
3088;772;0;0;4;6.48612356
3089;773;0;0;1;0.321510924
3090;773;0;0;2;1.009240026
3091;773;0;0;3;2.684496411
3092;773;0;0;4;4.068117406
3093;774;2;0.421024871;1;5.153759834
3094;774;2;0.421024871;2;7.285852483
3095;774;2;0.421024871;3;6.477785333
3096;774;2;0.421024871;4;7.757925786
3097;775;4;0.704293274;1;4.622211238
3098;775;4;0.704293274;2;6.52116251
3099;775;4;0.704293274;3;6.360448966
3100;775;4;0.704293274;4;7.036772491
3101;776;4;0.055010674;1;4.996005336
3102;776;4;0.055010674;2;6.411317963
3103;776;4;0.055010674;3;6.014351604
3104;776;4;0.055010674;4;7.022976337
3105;777;2;0.637614303;1;4.85783768
3106;777;2;0.637614303;2;6.641209292
3107;777;2;0.637614303;3;6.225507549
3108;777;2;0.637614303;4;9.276268113
3109;778;2;0.674437335;1;3.073042844
3110;778;2;0.674437335;2;5.23146666
3111;778;2;0.674437335;3;5.090336169
3112;778;2;0.674437335;4;5.707923181
3113;779;4;0.992777367;1;6.148176451
3114;779;4;0.992777367;2;6.757077689
3115;779;4;0.992777367;3;8.510390031
3116;779;4;0.992777367;4;7.684145305
3117;780;3;0.382479168;1;4.029413762
3118;780;3;0.382479168;2;6.790287697
3119;780;3;0.382479168;3;8.873093598
3120;780;3;0.382479168;4;8.1073826
3121;781;0;0;1;1.638299961
3122;781;0;0;2;2.665094299
3123;781;0;0;3;2.648388154
3124;781;0;0;4;4.485885679
3125;782;2;0.66688195;1;3.382252234
3126;782;2;0.66688195;2;4.827159015
3127;782;2;0.66688195;3;4.716924691
3128;782;2;0.66688195;4;6.445502349
3129;783;2;0.799783334;1;3.304537249
3130;783;2;0.799783334;2;4.899283818
3131;783;2;0.799783334;3;4.068349116
3132;783;2;0.799783334;4;6.357986073
3133;784;3;0.837111935;1;2.492322367
3134;784;3;0.837111935;2;3.702709173
3135;784;3;0.837111935;3;4.861297259
3136;784;3;0.837111935;4;6.086322477
3137;785;2;0.901877946;1;2.594589738
3138;785;2;0.901877946;2;2.946894605
3139;785;2;0.901877946;3;5.827527344
3140;785;2;0.901877946;4;5.88217738
3141;786;4;0.573648063;1;4.930212207
3142;786;4;0.573648063;2;5.466233636
3143;786;4;0.573648063;3;6.206484277
3144;786;4;0.573648063;4;7.992985356
3145;787;0;0;1;2.818099972
3146;787;0;0;2;2.25728474
3147;787;0;0;3;4.488679314
3148;787;0;0;4;5.262392238
3149;788;2;0.090738007;1;2.557457358
3150;788;2;0.090738007;2;3.980656536
3151;788;2;0.090738007;3;3.553541609
3152;788;2;0.090738007;4;6.532367934
3153;789;4;0.096719013;1;4.131181868
3154;789;4;0.096719013;2;8.327806413
3155;789;4;0.096719013;3;8.463606624
3156;789;4;0.096719013;4;8.2736796
3157;790;2;0.544859503;1;1.974076963
3158;790;2;0.544859503;2;3.77137975
3159;790;2;0.544859503;3;6.505902193
3160;790;2;0.544859503;4;5.306748287
3161;791;0;0;1;0.623732027
3162;791;0;0;2;3.777760496
3163;791;0;0;3;3.175769028
3164;791;0;0;4;3.631237661
3165;792;2;0.20157882;1;3.610136478
3166;792;2;0.20157882;2;2.986998369
3167;792;2;0.20157882;3;4.741761797
3168;792;2;0.20157882;4;5.720511131
3169;793;4;0.702966963;1;4.967341333
3170;793;4;0.702966963;2;6.991776047
3171;793;4;0.702966963;3;6.355589577
3172;793;4;0.702966963;4;8.783302836
3173;794;4;0.278387075;1;5.856973119
3174;794;4;0.278387075;2;4.796870803
3175;794;4;0.278387075;3;5.754109025
3176;794;4;0.278387075;4;7.35167188
3177;795;4;0.294830076;1;5.710868101
3178;795;4;0.294830076;2;5.926854534
3179;795;4;0.294830076;3;7.957715571
3180;795;4;0.294830076;4;8.70124502
3181;796;3;0.675401502;1;3.802142
3182;796;3;0.675401502;2;4.348507065
3183;796;3;0.675401502;3;5.099817882
3184;796;3;0.675401502;4;6.984107751
3185;797;4;0.580927365;1;2.478025056
3186;797;4;0.580927365;2;5.201508497
3187;797;4;0.580927365;3;6.619139772
3188;797;4;0.580927365;4;6.02464236
3189;798;0;0;1;2.175757226
3190;798;0;0;2;3.173827235
3191;798;0;0;3;4.43995332
3192;798;0;0;4;3.962879523
3193;799;2;0.299473575;1;2.877202553
3194;799;2;0.299473575;2;3.893897729
3195;799;2;0.299473575;3;6.535221096
3196;799;2;0.299473575;4;6.793430618
3197;800;0;0;1;0.905846259
3198;800;0;0;2;1.776060946
3199;800;0;0;3;2.987914638
3200;800;0;0;4;4.159902158
3201;801;2;0.708079394;1;3.648178734
3202;801;2;0.708079394;2;4.583388591
3203;801;2;0.708079394;3;6.232864797
3204;801;2;0.708079394;4;4.932699765
3205;802;0;0;1;-1.70981836
3206;802;0;0;2;2.164257743
3207;802;0;0;3;1.648412092
3208;802;0;0;4;3.59019294
3209;803;4;0.912213322;1;5.257225592
3210;803;4;0.912213322;2;7.555347762
3211;803;4;0.912213322;3;7.341844733
3212;803;4;0.912213322;4;8.819318941
3213;804;3;0.305788612;1;2.965005246
3214;804;3;0.305788612;2;3.474811942
3215;804;3;0.305788612;3;7.070059106
3216;804;3;0.305788612;4;6.278940853
3217;805;3;0.239938924;1;3.34309512
3218;805;3;0.239938924;2;4.759399521
3219;805;3;0.239938924;3;5.97316704
3220;805;3;0.239938924;4;6.891099054
3221;806;4;0.669985469;1;5.733782244
3222;806;4;0.669985469;2;6.441339451
3223;806;4;0.669985469;3;10.02343954
3224;806;4;0.669985469;4;10.16003774
3225;807;2;0.121572967;1;1.789445232
3226;807;2;0.121572967;2;5.052346446
3227;807;2;0.121572967;3;4.406963091
3228;807;2;0.121572967;4;5.213794305
3229;808;3;0.747935419;1;6.61292294
3230;808;3;0.747935419;2;5.641017729
3231;808;3;0.747935419;3;6.060131929
3232;808;3;0.747935419;4;6.8905555
3233;809;4;0.255219513;1;2.562962568
3234;809;4;0.255219513;2;4.201123481
3235;809;4;0.255219513;3;4.519480491
3236;809;4;0.255219513;4;5.914770939
3237;810;3;0.255286775;1;5.620249253
3238;810;3;0.255286775;2;7.555688476
3239;810;3;0.255286775;3;7.163341815
3240;810;3;0.255286775;4;8.455339849
3241;811;4;0.45555202;1;5.907835708
3242;811;4;0.45555202;2;7.865348403
3243;811;4;0.45555202;3;8.080301109
3244;811;4;0.45555202;4;8.828863439
3245;812;2;0.350107529;1;2.820962177
3246;812;2;0.350107529;2;2.385961405
3247;812;2;0.350107529;3;4.655656135
3248;812;2;0.350107529;4;5.589716547
3249;813;0;0;1;1.607302157
3250;813;0;0;2;2.963108088
3251;813;0;0;3;4.12594067
3252;813;0;0;4;3.719950191
3253;814;4;0.339232749;1;4.198592143
3254;814;4;0.339232749;2;4.738153268
3255;814;4;0.339232749;3;7.752005955
3256;814;4;0.339232749;4;6.708201071
3257;815;2;0.099320632;1;3.143677026
3258;815;2;0.099320632;2;5.48426158
3259;815;2;0.099320632;3;6.856456567
3260;815;2;0.099320632;4;5.833828289
3261;816;3;0.571430512;1;5.1367087
3262;816;3;0.571430512;2;5.622669797
3263;816;3;0.571430512;3;6.481427108
3264;816;3;0.571430512;4;10.02869404
3265;817;3;0.959636686;1;4.885527988
3266;817;3;0.959636686;2;6.083343696
3267;817;3;0.959636686;3;7.67376738
3268;817;3;0.959636686;4;7.452668824
3269;818;0;0;1;1.110694377
3270;818;0;0;2;2.669022702
3271;818;0;0;3;3.051767526
3272;818;0;0;4;4.401090516
3273;819;3;0.294871111;1;3.808084137
3274;819;3;0.294871111;2;3.229875665
3275;819;3;0.294871111;3;5.635433257
3276;819;3;0.294871111;4;5.527682129
3277;820;3;0.364222593;1;3.242760126
3278;820;3;0.364222593;2;5.652421978
3279;820;3;0.364222593;3;5.247249465
3280;820;3;0.364222593;4;6.554320386
3281;821;2;0.828587919;1;-0.781956405
3282;821;2;0.828587919;2;3.636137355
3283;821;2;0.828587919;3;3.605797215
3284;821;2;0.828587919;4;5.262853175
3285;822;3;0.306822901;1;4.256921143
3286;822;3;0.306822901;2;6.526998516
3287;822;3;0.306822901;3;7.557362294
3288;822;3;0.306822901;4;7.658710607
3289;823;3;0.170992812;1;5.070012164
3290;823;3;0.170992812;2;5.227585707
3291;823;3;0.170992812;3;7.078898647
3292;823;3;0.170992812;4;8.054521145
3293;824;3;0.84172148;1;3.707428115
3294;824;3;0.84172148;2;3.555012649
3295;824;3;0.84172148;3;5.423754268
3296;824;3;0.84172148;4;4.601799998
3297;825;2;0.338400782;1;3.167971799
3298;825;2;0.338400782;2;4.887928396
3299;825;2;0.338400782;3;6.056918666
3300;825;2;0.338400782;4;7.342577639
3301;826;0;0;1;-0.516009473
3302;826;0;0;2;1.988199749
3303;826;0;0;3;2.225311163
3304;826;0;0;4;3.255322029
3305;827;2;0.660282771;1;1.289843221
3306;827;2;0.660282771;2;1.643386311
3307;827;2;0.660282771;3;5.234842444
3308;827;2;0.660282771;4;5.884331182
3309;828;3;0.720027641;1;3.782969251
3310;828;3;0.720027641;2;4.02741343
3311;828;3;0.720027641;3;5.086636384
3312;828;3;0.720027641;4;6.783375722
3313;829;3;0.431610156;1;5.024431507
3314;829;3;0.431610156;2;7.151940314
3315;829;3;0.431610156;3;9.313181517
3316;829;3;0.431610156;4;8.618518399
3317;830;3;0.929158454;1;8.358491915
3318;830;3;0.929158454;2;8.034829346
3319;830;3;0.929158454;3;8.993430277
3320;830;3;0.929158454;4;9.966199329
3321;831;3;0.78812456;1;3.230078271
3322;831;3;0.78812456;2;4.786485859
3323;831;3;0.78812456;3;6.759682658
3324;831;3;0.78812456;4;6.346501198
3325;832;0;0;1;3.463854894
3326;832;0;0;2;2.588588933
3327;832;0;0;3;4.213373404
3328;832;0;0;4;5.270725407
3329;833;0;0;1;4.548477409
3330;833;0;0;2;3.387773226
3331;833;0;0;3;4.87120226
3332;833;0;0;4;4.634432471
3333;834;0;0;1;0.947648797
3334;834;0;0;2;1.522043507
3335;834;0;0;3;3.191313506
3336;834;0;0;4;3.471888627
3337;835;3;0.547654974;1;3.691719764
3338;835;3;0.547654974;2;4.941107831
3339;835;3;0.547654974;3;7.456928341
3340;835;3;0.547654974;4;6.77096181
3341;836;4;0.216249493;1;4.488873432
3342;836;4;0.216249493;2;5.334155591
3343;836;4;0.216249493;3;7.091248309
3344;836;4;0.216249493;4;8.385545295
3345;837;4;0.398486618;1;5.655254613
3346;837;4;0.398486618;2;8.171003953
3347;837;4;0.398486618;3;7.505825038
3348;837;4;0.398486618;4;9.1127499
3349;838;2;0.966529224;1;5.877559396
3350;838;2;0.966529224;2;6.840852457
3351;838;2;0.966529224;3;6.896978502
3352;838;2;0.966529224;4;9.111179176
3353;839;4;0.090728879;1;4.177027925
3354;839;4;0.090728879;2;5.977733425
3355;839;4;0.090728879;3;6.735967549
3356;839;4;0.090728879;4;7.71768583
3357;840;4;0.495485985;1;6.021868601
3358;840;4;0.495485985;2;6.984955372
3359;840;4;0.495485985;3;7.717284876
3360;840;4;0.495485985;4;9.414103421
3361;841;2;0.211806031;1;2.958122425
3362;841;2;0.211806031;2;3.962440974
3363;841;2;0.211806031;3;4.955204493
3364;841;2;0.211806031;4;6.648583686
3365;842;4;0.318074858;1;4.946189398
3366;842;4;0.318074858;2;6.923361972
3367;842;4;0.318074858;3;7.792245516
3368;842;4;0.318074858;4;8.983097893
3369;843;4;0.120296999;1;4.623237076
3370;843;4;0.120296999;2;5.705738557
3371;843;4;0.120296999;3;4.557609576
3372;843;4;0.120296999;4;6.235082289
3373;844;2;0.973387348;1;4.785756524
3374;844;2;0.973387348;2;5.108737826
3375;844;2;0.973387348;3;6.16355059
3376;844;2;0.973387348;4;6.573438038
3377;845;3;0.433098133;1;3.715188166
3378;845;3;0.433098133;2;6.828406189
3379;845;3;0.433098133;3;6.384645384
3380;845;3;0.433098133;4;7.956354015
3381;846;0;0;1;1.833574792
3382;846;0;0;2;1.057137335
3383;846;0;0;3;4.377170329
3384;846;0;0;4;4.826670724
3385;847;4;0.503509419;1;6.96471873
3386;847;4;0.503509419;2;8.637014016
3387;847;4;0.503509419;3;8.589557058
3388;847;4;0.503509419;4;11.1052984
3389;848;0;0;1;-0.530445094
3390;848;0;0;2;1.494322079
3391;848;0;0;3;3.499379279
3392;848;0;0;4;2.940187802
3393;849;4;0.740614255;1;3.887048956
3394;849;4;0.740614255;2;4.767488221
3395;849;4;0.740614255;3;5.600282891
3396;849;4;0.740614255;4;7.314007459
3397;850;4;0.18082831;1;5.365508957
3398;850;4;0.18082831;2;6.285607198
3399;850;4;0.18082831;3;7.754553516
3400;850;4;0.18082831;4;7.517810198
3401;851;4;0.279860063;1;3.261977786
3402;851;4;0.279860063;2;3.75800443
3403;851;4;0.279860063;3;7.091496846
3404;851;4;0.279860063;4;6.368154377
3405;852;0;0;1;1.256374878
3406;852;0;0;2;0.755596639
3407;852;0;0;3;2.478063293
3408;852;0;0;4;4.026237943
3409;853;0;0;1;0.375739188
3410;853;0;0;2;3.486906468
3411;853;0;0;3;2.996406639
3412;853;0;0;4;3.57121203
3413;854;2;0.727867176;1;4.414463852
3414;854;2;0.727867176;2;4.260814406
3415;854;2;0.727867176;3;6.779784343
3416;854;2;0.727867176;4;7.506188784
3417;855;4;0.511811737;1;4.463479191
3418;855;4;0.511811737;2;4.790078491
3419;855;4;0.511811737;3;5.967509477
3420;855;4;0.511811737;4;7.729327316
3421;856;4;0.850814858;1;5.785303903
3422;856;4;0.850814858;2;5.12705008
3423;856;4;0.850814858;3;8.753211149
3424;856;4;0.850814858;4;8.661038163
3425;857;2;0.387865555;1;1.373139011
3426;857;2;0.387865555;2;2.648809928
3427;857;2;0.387865555;3;4.695421582
3428;857;2;0.387865555;4;7.049589926
3429;858;2;0.943245522;1;3.880815081
3430;858;2;0.943245522;2;5.527517726
3431;858;2;0.943245522;3;6.252768856
3432;858;2;0.943245522;4;6.597690229
3433;859;0;0;1;0.014331694
3434;859;0;0;2;4.289619098
3435;859;0;0;3;3.788868596
3436;859;0;0;4;4.473816126
3437;860;0;0;1;-0.85008652
3438;860;0;0;2;0.343854167
3439;860;0;0;3;1.339492537
3440;860;0;0;4;4.455293259
3441;861;2;0.994399664;1;2.976622588
3442;861;2;0.994399664;2;2.49463057
3443;861;2;0.994399664;3;4.921852954
3444;861;2;0.994399664;4;4.973865498
3445;862;3;0.053177506;1;4.730076136
3446;862;3;0.053177506;2;8.141128631
3447;862;3;0.053177506;3;7.051505248
3448;862;3;0.053177506;4;8.648427954
3449;863;2;0.857179627;1;4.530181562
3450;863;2;0.857179627;2;4.501801491
3451;863;2;0.857179627;3;6.960627169
3452;863;2;0.857179627;4;7.022140803
3453;864;3;0.846501183;1;4.2650114
3454;864;3;0.846501183;2;4.203251237
3455;864;3;0.846501183;3;6.070007614
3456;864;3;0.846501183;4;7.618863885
3457;865;2;0.246647759;1;4.10693755
3458;865;2;0.246647759;2;4.711513471
3459;865;2;0.246647759;3;5.649886564
3460;865;2;0.246647759;4;4.506208649
3461;866;0;0;1;2.088123196
3462;866;0;0;2;2.440836164
3463;866;0;0;3;5.283819232
3464;866;0;0;4;3.895598747
3465;867;2;0.804330252;1;3.206410745
3466;867;2;0.804330252;2;4.112254414
3467;867;2;0.804330252;3;5.760183283
3468;867;2;0.804330252;4;8.664200852
3469;868;0;0;1;1.99363934
3470;868;0;0;2;2.165818622
3471;868;0;0;3;4.523722137
3472;868;0;0;4;4.324327024
3473;869;3;0.236242698;1;2.559809885
3474;869;3;0.236242698;2;3.479224345
3475;869;3;0.236242698;3;4.161638689
3476;869;3;0.236242698;4;6.265084244
3477;870;4;0.243919422;1;5.969449743
3478;870;4;0.243919422;2;7.381636525
3479;870;4;0.243919422;3;7.18667107
3480;870;4;0.243919422;4;8.81467017
3481;871;0;0;1;0.690677011
3482;871;0;0;2;1.743913826
3483;871;0;0;3;3.169610655
3484;871;0;0;4;3.17118239
3485;872;0;0;1;3.861982815
3486;872;0;0;2;2.960904373
3487;872;0;0;3;4.515981283
3488;872;0;0;4;4.178992811
3489;873;0;0;1;0.219920107
3490;873;0;0;2;2.057896573
3491;873;0;0;3;3.799131203
3492;873;0;0;4;6.417277366
3493;874;3;0.432462564;1;5.002044858
3494;874;3;0.432462564;2;5.553745509
3495;874;3;0.432462564;3;6.93187438
3496;874;3;0.432462564;4;8.006816791
3497;875;0;0;1;2.067060389
3498;875;0;0;2;0.39150218
3499;875;0;0;3;1.682237352
3500;875;0;0;4;4.270392445
3501;876;2;0.631141699;1;3.307500433
3502;876;2;0.631141699;2;3.851327608
3503;876;2;0.631141699;3;3.473903573
3504;876;2;0.631141699;4;4.114635022
3505;877;2;0.522526115;1;1.313723812
3506;877;2;0.522526115;2;5.508670612
3507;877;2;0.522526115;3;6.032949514
3508;877;2;0.522526115;4;5.25294032
3509;878;2;0.581499937;1;3.60846701
3510;878;2;0.581499937;2;4.552224598
3511;878;2;0.581499937;3;4.66375532
3512;878;2;0.581499937;4;6.846649766
3513;879;4;0.238969705;1;5.66982898
3514;879;4;0.238969705;2;6.541697689
3515;879;4;0.238969705;3;9.183521885
3516;879;4;0.238969705;4;7.809954903
3517;880;4;0.183165983;1;5.82592896
3518;880;4;0.183165983;2;5.393807895
3519;880;4;0.183165983;3;6.524628365
3520;880;4;0.183165983;4;6.909528375
3521;881;4;0.892965359;1;5.337745104
3522;881;4;0.892965359;2;6.106587064
3523;881;4;0.892965359;3;9.45024333
3524;881;4;0.892965359;4;9.532867935
3525;882;3;0.377101875;1;6.073860297
3526;882;3;0.377101875;2;6.442809141
3527;882;3;0.377101875;3;5.584282941
3528;882;3;0.377101875;4;8.078764906
3529;883;3;0.576349093;1;4.409323411
3530;883;3;0.576349093;2;4.453912128
3531;883;3;0.576349093;3;5.295087818
3532;883;3;0.576349093;4;6.980564812
3533;884;4;0.614529723;1;4.467279895
3534;884;4;0.614529723;2;7.333204278
3535;884;4;0.614529723;3;7.304150458
3536;884;4;0.614529723;4;8.82358172
3537;885;4;0.902750129;1;7.512087104
3538;885;4;0.902750129;2;6.689096624
3539;885;4;0.902750129;3;6.747758922
3540;885;4;0.902750129;4;7.33445418
3541;886;0;0;1;-0.342710489
3542;886;0;0;2;1.687415887
3543;886;0;0;3;1.288006049
3544;886;0;0;4;4.068730238
3545;887;2;0.636775188;1;3.540441733
3546;887;2;0.636775188;2;4.808619702
3547;887;2;0.636775188;3;5.873435837
3548;887;2;0.636775188;4;6.890282957
3549;888;2;0.678409972;1;2.872985988
3550;888;2;0.678409972;2;2.99399137
3551;888;2;0.678409972;3;3.940142266
3552;888;2;0.678409972;4;6.912371569
3553;889;2;0.713812718;1;2.806341309
3554;889;2;0.713812718;2;5.555354168
3555;889;2;0.713812718;3;6.800407677
3556;889;2;0.713812718;4;7.296671194
3557;890;2;0.977292484;1;3.152052583
3558;890;2;0.977292484;2;3.728345401
3559;890;2;0.977292484;3;5.713786747
3560;890;2;0.977292484;4;7.316886463
3561;891;0;0;1;1.104916418
3562;891;0;0;2;1.477163809
3563;891;0;0;3;2.203761899
3564;891;0;0;4;4.062536137
3565;892;4;0.575584741;1;5.101726802
3566;892;4;0.575584741;2;6.963303406
3567;892;4;0.575584741;3;8.709442573
3568;892;4;0.575584741;4;9.788931814
3569;893;4;0.595937791;1;8.204055938
3570;893;4;0.595937791;2;6.506762459
3571;893;4;0.595937791;3;8.620593986
3572;893;4;0.595937791;4;9.563876535
3573;894;3;0.412875462;1;7.135198925
3574;894;3;0.412875462;2;6.452242616
3575;894;3;0.412875462;3;7.193278955
3576;894;3;0.412875462;4;8.788949298
3577;895;3;0.144355713;1;1.664516259
3578;895;3;0.144355713;2;0.611945159
3579;895;3;0.144355713;3;4.089465303
3580;895;3;0.144355713;4;6.852536858
3581;896;3;0.754986451;1;3.826273283
3582;896;3;0.754986451;2;3.188334238
3583;896;3;0.754986451;3;6.165447619
3584;896;3;0.754986451;4;5.730948148
3585;897;4;0.007727038;1;6.021160469
3586;897;4;0.007727038;2;5.478641054
3587;897;4;0.007727038;3;6.80295179
3588;897;4;0.007727038;4;7.829768052
3589;898;4;0.747514068;1;5.675145965
3590;898;4;0.747514068;2;5.433853465
3591;898;4;0.747514068;3;5.587590932
3592;898;4;0.747514068;4;7.770753876
3593;899;0;0;1;2.801764907
3594;899;0;0;2;2.591116657
3595;899;0;0;3;5.014558955
3596;899;0;0;4;5.233875819
3597;900;0;0;1;-0.317956583
3598;900;0;0;2;3.311912082
3599;900;0;0;3;3.875402344
3600;900;0;0;4;5.475710446
3601;901;4;0.924054522;1;3.696411139
3602;901;4;0.924054522;2;5.253094985
3603;901;4;0.924054522;3;5.990035098
3604;901;4;0.924054522;4;6.802588684
3605;902;3;0.939878964;1;2.126049264
3606;902;3;0.939878964;2;5.070221082
3607;902;3;0.939878964;3;5.052602176
3608;902;3;0.939878964;4;8.26271347
3609;903;0;0;1;2.416694491
3610;903;0;0;2;1.558749647
3611;903;0;0;3;3.490022818
3612;903;0;0;4;5.168052437
3613;904;3;0.344699889;1;4.10929853
3614;904;3;0.344699889;2;2.666484047
3615;904;3;0.344699889;3;4.069089164
3616;904;3;0.344699889;4;4.991987384
3617;905;0;0;1;2.24992776
3618;905;0;0;2;1.65451851
3619;905;0;0;3;3.060269231
3620;905;0;0;4;3.231151594
3621;906;2;0.820409892;1;1.574871266
3622;906;2;0.820409892;2;3.05956829
3623;906;2;0.820409892;3;4.592230622
3624;906;2;0.820409892;4;5.403212648
3625;907;3;0.649530143;1;4.418048416
3626;907;3;0.649530143;2;3.998630976
3627;907;3;0.649530143;3;5.337781809
3628;907;3;0.649530143;4;6.880022356
3629;908;3;0.580385957;1;5.246783121
3630;908;3;0.580385957;2;4.088826211
3631;908;3;0.580385957;3;8.830671785
3632;908;3;0.580385957;4;8.109658435
3633;909;0;0;1;3.078462591
3634;909;0;0;2;5.880557151
3635;909;0;0;3;8.207105673
3636;909;0;0;4;6.461208652
3637;910;3;0.627179594;1;4.816622707
3638;910;3;0.627179594;2;4.567879691
3639;910;3;0.627179594;3;4.488724886
3640;910;3;0.627179594;4;7.151403132
3641;911;3;0.163607326;1;3.094036228
3642;911;3;0.163607326;2;6.079190299
3643;911;3;0.163607326;3;5.961889375
3644;911;3;0.163607326;4;6.61049258
3645;912;3;0.421070704;1;6.338567812
3646;912;3;0.421070704;2;6.659115725
3647;912;3;0.421070704;3;8.069645139
3648;912;3;0.421070704;4;8.564021753
3649;913;2;0.255481124;1;3.677642762
3650;913;2;0.255481124;2;5.020818012
3651;913;2;0.255481124;3;3.933813159
3652;913;2;0.255481124;4;5.248331795
3653;914;2;0.141943431;1;2.067122181
3654;914;2;0.141943431;2;3.342915569
3655;914;2;0.141943431;3;4.465820254
3656;914;2;0.141943431;4;4.979920975
3657;915;2;0.427476028;1;4.666278254
3658;915;2;0.427476028;2;4.39619145
3659;915;2;0.427476028;3;6.334598346
3660;915;2;0.427476028;4;4.727925842
3661;916;2;0.549452813;1;2.129810365
3662;916;2;0.549452813;2;3.998611737
3663;916;2;0.549452813;3;3.328327783
3664;916;2;0.549452813;4;5.545136254
3665;917;3;0.642260805;1;3.640624782
3666;917;3;0.642260805;2;2.916603279
3667;917;3;0.642260805;3;5.897822083
3668;917;3;0.642260805;4;7.515339448
3669;918;0;0;1;-2.682267057
3670;918;0;0;2;0.921058875
3671;918;0;0;3;1.849564855
3672;918;0;0;4;1.124237035
3673;919;0;0;1;0.196572447
3674;919;0;0;2;-0.949254629
3675;919;0;0;3;3.584741112
3676;919;0;0;4;3.951196501
3677;920;0;0;1;1.98080944
3678;920;0;0;2;1.928297934
3679;920;0;0;3;2.704148862
3680;920;0;0;4;3.17747636
3681;921;4;0.942029158;1;5.187762552
3682;921;4;0.942029158;2;5.523323224
3683;921;4;0.942029158;3;6.285578437
3684;921;4;0.942029158;4;7.898137205
3685;922;3;0.10885679;1;2.906211194
3686;922;3;0.10885679;2;4.392309765
3687;922;3;0.10885679;3;5.514294768
3688;922;3;0.10885679;4;2.399988104
3689;923;2;0.514746896;1;3.608429733
3690;923;2;0.514746896;2;2.199494488
3691;923;2;0.514746896;3;6.383668845
3692;923;2;0.514746896;4;6.250644628
3693;924;2;0.351721763;1;3.288267703
3694;924;2;0.351721763;2;2.659902568
3695;924;2;0.351721763;3;5.571801243
3696;924;2;0.351721763;4;8.070221198
3697;925;4;0.741622893;1;4.232871172
3698;925;4;0.741622893;2;6.021404567
3699;925;4;0.741622893;3;7.36074461
3700;925;4;0.741622893;4;7.292517602
3701;926;3;0.569678541;1;2.871824749
3702;926;3;0.569678541;2;5.463023638
3703;926;3;0.569678541;3;6.116558543
3704;926;3;0.569678541;4;6.896077453
3705;927;0;0;1;1.915485815
3706;927;0;0;2;0.715371667
3707;927;0;0;3;3.481145078
3708;927;0;0;4;4.384091154
3709;928;4;0.603760155;1;4.914105595
3710;928;4;0.603760155;2;6.70059434
3711;928;4;0.603760155;3;6.580423952
3712;928;4;0.603760155;4;10.2682248
3713;929;2;0.562953432;1;4.167502024
3714;929;2;0.562953432;2;1.940483113
3715;929;2;0.562953432;3;4.09753105
3716;929;2;0.562953432;4;4.129880755
3717;930;2;0.086464845;1;3.517288467
3718;930;2;0.086464845;2;4.094566511
3719;930;2;0.086464845;3;7.162343269
3720;930;2;0.086464845;4;6.69320622
3721;931;2;0.814798962;1;1.752398496
3722;931;2;0.814798962;2;1.715787848
3723;931;2;0.814798962;3;3.843917293
3724;931;2;0.814798962;4;5.069482586
3725;932;0;0;1;0.858988921
3726;932;0;0;2;1.348178857
3727;932;0;0;3;3.632145654
3728;932;0;0;4;4.370275274
3729;933;2;0.681710751;1;5.085434202
3730;933;2;0.681710751;2;5.19281629
3731;933;2;0.681710751;3;7.339879186
3732;933;2;0.681710751;4;6.977725671
3733;934;4;0.294674546;1;4.225112336
3734;934;4;0.294674546;2;6.453669613
3735;934;4;0.294674546;3;5.89303446
3736;934;4;0.294674546;4;6.56845128
3737;935;2;0.311893497;1;4.004210037
3738;935;2;0.311893497;2;4.545087166
3739;935;2;0.311893497;3;5.61112052
3740;935;2;0.311893497;4;6.969019887
3741;936;4;0.541220824;1;6.14214184
3742;936;4;0.541220824;2;5.777859109
3743;936;4;0.541220824;3;6.772196717
3744;936;4;0.541220824;4;9.231148823
3745;937;2;0.743938419;1;2.036158973
3746;937;2;0.743938419;2;2.033753352
3747;937;2;0.743938419;3;3.485190797
3748;937;2;0.743938419;4;3.272396365
3749;938;4;0.830570977;1;6.749722126
3750;938;4;0.830570977;2;6.468019174
3751;938;4;0.830570977;3;6.785848288
3752;938;4;0.830570977;4;9.684145164
3753;939;3;0.802253402;1;2.441167438
3754;939;3;0.802253402;2;4.845738554
3755;939;3;0.802253402;3;4.200450389
3756;939;3;0.802253402;4;5.123701973
3757;940;4;0.723499847;1;2.574140874
3758;940;4;0.723499847;2;3.586793315
3759;940;4;0.723499847;3;5.174299207
3760;940;4;0.723499847;4;6.200500052
3761;941;0;0;1;1.849933475
3762;941;0;0;2;4.866330535
3763;941;0;0;3;6.055018089
3764;941;0;0;4;5.596357652
3765;942;4;0.221341388;1;6.236440637
3766;942;4;0.221341388;2;6.633186188
3767;942;4;0.221341388;3;6.551899144
3768;942;4;0.221341388;4;8.586948908
3769;943;0;0;1;2.739371699
3770;943;0;0;2;2.970983479
3771;943;0;0;3;4.075190522
3772;943;0;0;4;5.981896747
3773;944;0;0;1;1.012815293
3774;944;0;0;2;1.680479084
3775;944;0;0;3;1.488811602
3776;944;0;0;4;5.412018052
3777;945;4;0.830629662;1;4.875765123
3778;945;4;0.830629662;2;6.443191323
3779;945;4;0.830629662;3;7.49388589
3780;945;4;0.830629662;4;7.390542619
3781;946;4;0.354746086;1;4.487222051
3782;946;4;0.354746086;2;6.176451368
3783;946;4;0.354746086;3;6.796151598
3784;946;4;0.354746086;4;8.27377614
3785;947;3;0.79094665;1;2.897440023
3786;947;3;0.79094665;2;3.277326556
3787;947;3;0.79094665;3;6.546177326
3788;947;3;0.79094665;4;5.031994657
3789;948;2;0.308486323;1;2.994831013
3790;948;2;0.308486323;2;2.578860498
3791;948;2;0.308486323;3;4.865271908
3792;948;2;0.308486323;4;4.721057766
3793;949;3;0.429968187;1;4.171128124
3794;949;3;0.429968187;2;3.461618233
3795;949;3;0.429968187;3;8.391745993
3796;949;3;0.429968187;4;7.496895627
3797;950;3;0.108524265;1;3.8576547
3798;950;3;0.108524265;2;4.431322909
3799;950;3;0.108524265;3;5.442063413
3800;950;3;0.108524265;4;5.373117227
3801;951;4;0.79577749;1;6.208020246
3802;951;4;0.79577749;2;6.191863828
3803;951;4;0.79577749;3;7.317041477
3804;951;4;0.79577749;4;7.368472873
3805;952;0;0;1;-1.66943594
3806;952;0;0;2;3.279938426
3807;952;0;0;3;0.599432011
3808;952;0;0;4;-0.041968606
3809;953;3;0.909974282;1;1.82389272
3810;953;3;0.909974282;2;3.363441123
3811;953;3;0.909974282;3;3.938961841
3812;953;3;0.909974282;4;6.383177429
3813;954;0;0;1;-1.327816639
3814;954;0;0;2;1.634181895
3815;954;0;0;3;1.763142541
3816;954;0;0;4;4.545971929
3817;955;0;0;1;0.47318824
3818;955;0;0;2;1.988164212
3819;955;0;0;3;5.093411606
3820;955;0;0;4;3.03912822
3821;956;2;0.348795195;1;2.789917656
3822;956;2;0.348795195;2;4.060402622
3823;956;2;0.348795195;3;7.505922788
3824;956;2;0.348795195;4;7.022212236
3825;957;0;0;1;-1.702093502
3826;957;0;0;2;-0.334825232
3827;957;0;0;3;2.673092872
3828;957;0;0;4;3.129975902
3829;958;3;0.819975522;1;4.494148709
3830;958;3;0.819975522;2;3.239851613
3831;958;3;0.819975522;3;5.954934269
3832;958;3;0.819975522;4;8.053603744
3833;959;2;0.819248773;1;0.738524214
3834;959;2;0.819248773;2;3.052430747
3835;959;2;0.819248773;3;2.43190611
3836;959;2;0.819248773;4;7.836368846
3837;960;4;0.02669928;1;6.25999624
3838;960;4;0.02669928;2;7.847722242
3839;960;4;0.02669928;3;7.783617441
3840;960;4;0.02669928;4;8.627014785
3841;961;2;0.216221752;1;4.260888286
3842;961;2;0.216221752;2;5.813406153
3843;961;2;0.216221752;3;4.121173552
3844;961;2;0.216221752;4;8.353153289
3845;962;3;0.128317567;1;4.861987788
3846;962;3;0.128317567;2;3.629668796
3847;962;3;0.128317567;3;7.008664751
3848;962;3;0.128317567;4;8.2752272
3849;963;0;0;1;-0.260082391
3850;963;0;0;2;-0.022046477
3851;963;0;0;3;1.315237982
3852;963;0;0;4;2.758557666
3853;964;0;0;1;0.407300485
3854;964;0;0;2;0.387471216
3855;964;0;0;3;3.064222717
3856;964;0;0;4;3.329504757
3857;965;2;0.781717972;1;1.571059444
3858;965;2;0.781717972;2;2.989064293
3859;965;2;0.781717972;3;3.97284881
3860;965;2;0.781717972;4;6.497515814
3861;966;2;0.004986233;1;5.287087927
3862;966;2;0.004986233;2;4.591697071
3863;966;2;0.004986233;3;6.886433343
3864;966;2;0.004986233;4;7.183181028
3865;967;4;0.078704514;1;6.719766123
3866;967;4;0.078704514;2;6.301853361
3867;967;4;0.078704514;3;8.580790097
3868;967;4;0.078704514;4;9.069876044
3869;968;2;0.425051859;1;2.11108122
3870;968;2;0.425051859;2;3.501353379
3871;968;2;0.425051859;3;4.49424168
3872;968;2;0.425051859;4;6.356709015
3873;969;4;0.616932294;1;4.104669484
3874;969;4;0.616932294;2;5.379876955
3875;969;4;0.616932294;3;5.50469109
3876;969;4;0.616932294;4;7.600495657
3877;970;3;0.48266098;1;4.882965975
3878;970;3;0.48266098;2;6.376711003
3879;970;3;0.48266098;3;2.89387013
3880;970;3;0.48266098;4;7.717428695
3881;971;0;0;1;0.787615195
3882;971;0;0;2;-0.70841455
3883;971;0;0;3;2.167690305
3884;971;0;0;4;2.786235274
3885;972;4;0.099230759;1;5.775880421
3886;972;4;0.099230759;2;5.767682907
3887;972;4;0.099230759;3;6.439225424
3888;972;4;0.099230759;4;9.674806088
3889;973;2;0.145256494;1;2.874662714
3890;973;2;0.145256494;2;2.272641975
3891;973;2;0.145256494;3;4.824278113
3892;973;2;0.145256494;4;6.493621965
3893;974;0;0;1;1.169107947
3894;974;0;0;2;3.268754091
3895;974;0;0;3;3.625383486
3896;974;0;0;4;4.997350468
3897;975;2;0.333926269;1;2.459773363
3898;975;2;0.333926269;2;3.055438545
3899;975;2;0.333926269;3;3.21787959
3900;975;2;0.333926269;4;5.884699752
3901;976;4;0.702034384;1;4.85920099
3902;976;4;0.702034384;2;8.158787933
3903;976;4;0.702034384;3;8.028882119
3904;976;4;0.702034384;4;8.122929266
3905;977;4;0.682803346;1;2.942906307
3906;977;4;0.682803346;2;6.547160824
3907;977;4;0.682803346;3;5.778302836
3908;977;4;0.682803346;4;7.569517544
3909;978;2;0.595706575;1;1.044190568
3910;978;2;0.595706575;2;3.416256172
3911;978;2;0.595706575;3;4.84179818
3912;978;2;0.595706575;4;6.542996812
3913;979;0;0;1;-1.664969921
3914;979;0;0;2;0.633474273
3915;979;0;0;3;3.1414605
3916;979;0;0;4;2.177098001
3917;980;4;0.128008373;1;5.575408531
3918;980;4;0.128008373;2;4.049646318
3919;980;4;0.128008373;3;5.304786277
3920;980;4;0.128008373;4;5.141116576
3921;981;0;0;1;0.609253793
3922;981;0;0;2;0.63296042
3923;981;0;0;3;3.174559394
3924;981;0;0;4;4.010371114
3925;982;0;0;1;1.574534824
3926;982;0;0;2;0.676868319
3927;982;0;0;3;3.916752745
3928;982;0;0;4;5.56488899
3929;983;2;0.583986868;1;0.391746032
3930;983;2;0.583986868;2;1.601785807
3931;983;2;0.583986868;3;2.563969186
3932;983;2;0.583986868;4;4.162213073
3933;984;4;0.210745182;1;2.718341543
3934;984;4;0.210745182;2;5.275357108
3935;984;4;0.210745182;3;6.109218502
3936;984;4;0.210745182;4;7.374322605
3937;985;0;0;1;0.550395623
3938;985;0;0;2;1.370845196
3939;985;0;0;3;3.88102848
3940;985;0;0;4;3.333041165
3941;986;3;0.604608809;1;2.519602243
3942;986;3;0.604608809;2;5.674134315
3943;986;3;0.604608809;3;6.545036097
3944;986;3;0.604608809;4;5.578651038
3945;987;2;0.159511766;1;2.801774294
3946;987;2;0.159511766;2;3.565588851
3947;987;2;0.159511766;3;5.851954511
3948;987;2;0.159511766;4;6.908841341
3949;988;0;0;1;0.831896089
3950;988;0;0;2;1.412664774
3951;988;0;0;3;3.168767706
3952;988;0;0;4;3.038499421
3953;989;2;0.85149617;1;4.247896698
3954;989;2;0.85149617;2;3.652215427
3955;989;2;0.85149617;3;5.327327696
3956;989;2;0.85149617;4;6.874435665
3957;990;2;0.783342307;1;4.103359991
3958;990;2;0.783342307;2;3.606572491
3959;990;2;0.783342307;3;5.988341987
3960;990;2;0.783342307;4;7.457038195
3961;991;3;0.956039818;1;3.393334568
3962;991;3;0.956039818;2;4.187843387
3963;991;3;0.956039818;3;3.488903122
3964;991;3;0.956039818;4;5.203131041
3965;992;4;0.73001275;1;5.404875376
3966;992;4;0.73001275;2;6.928071001
3967;992;4;0.73001275;3;5.320963078
3968;992;4;0.73001275;4;6.440269081
3969;993;0;0;1;0.966658778
3970;993;0;0;2;2.818701764
3971;993;0;0;3;1.158706803
3972;993;0;0;4;1.856242874
3973;994;2;0.46234866;1;2.555778984
3974;994;2;0.46234866;2;2.306391832
3975;994;2;0.46234866;3;3.008543509
3976;994;2;0.46234866;4;3.976800388
3977;995;4;0.874292014;1;4.523662124
3978;995;4;0.874292014;2;5.76598448
3979;995;4;0.874292014;3;7.250429494
3980;995;4;0.874292014;4;5.887256732
3981;996;2;0.360071238;1;2.980875171
3982;996;2;0.360071238;2;1.891839583
3983;996;2;0.360071238;3;4.98639192
3984;996;2;0.360071238;4;6.254767391
3985;997;0;0;1;1.549397003
3986;997;0;0;2;3.316314999
3987;997;0;0;3;4.927126956
3988;997;0;0;4;2.428227866
3989;998;3;0.266903644;1;1.890121557
3990;998;3;0.266903644;2;4.666219005
3991;998;3;0.266903644;3;6.009991251
3992;998;3;0.266903644;4;5.827834546
3993;999;0;0;1;2.082107637
3994;999;0;0;2;0.767444408
3995;999;0;0;3;3.31207019
3996;999;0;0;4;4.484473513
3997;1000;2;0.926849604;1;0.782234831
3998;1000;2;0.926849604;2;4.867144979
3999;1000;2;0.926849604;3;4.850382306
4000;1000;2;0.926849604;4;6.71904028
4001;1001;0;0;1;-0.750167388
4002;1001;0;0;2;0.979830775
4003;1001;0;0;3;2.563263172
4004;1001;0;0;4;3.622567535
4005;1002;3;0.323055818;1;5.57116329
4006;1002;3;0.323055818;2;3.800494664
4007;1002;3;0.323055818;3;5.919583258
4008;1002;3;0.323055818;4;6.29993074
4009;1003;2;0.696393404;1;1.977992756
4010;1003;2;0.696393404;2;3.407217856
4011;1003;2;0.696393404;3;4.400352153
4012;1003;2;0.696393404;4;5.12343279
4013;1004;3;0.248066345;1;3.079618861
4014;1004;3;0.248066345;2;4.998344228
4015;1004;3;0.248066345;3;7.865897768
4016;1004;3;0.248066345;4;5.083007857
4017;1005;0;0;1;1.066954935
4018;1005;0;0;2;0.322092175
4019;1005;0;0;3;1.218943662
4020;1005;0;0;4;2.869786382
4021;1006;3;0.573395002;1;2.130875256
4022;1006;3;0.573395002;2;5.498810604
4023;1006;3;0.573395002;3;7.099234939
4024;1006;3;0.573395002;4;5.957091219
4025;1007;3;0.967053719;1;3.911913868
4026;1007;3;0.967053719;2;0.932420509
4027;1007;3;0.967053719;3;5.977938012
4028;1007;3;0.967053719;4;7.167828163
4029;1008;2;0.885270549;1;3.891276352
4030;1008;2;0.885270549;2;3.501475029
4031;1008;2;0.885270549;3;7.79813775
4032;1008;2;0.885270549;4;3.804993045
4033;1009;0;0;1;4.093006065
4034;1009;0;0;2;3.619449899
4035;1009;0;0;3;5.315176682
4036;1009;0;0;4;7.010452554
4037;1010;0;0;1;0.512412162
4038;1010;0;0;2;1.846977211
4039;1010;0;0;3;2.861310812
4040;1010;0;0;4;6.144256433
4041;1011;3;0.360097998;1;6.626084804
4042;1011;3;0.360097998;2;7.69650969
4043;1011;3;0.360097998;3;8.108885493
4044;1011;3;0.360097998;4;8.800871677
4045;1012;0;0;1;-0.595663974
4046;1012;0;0;2;1.128858247
4047;1012;0;0;3;2.276343192
4048;1012;0;0;4;2.861118993
4049;1013;2;0.132880597;1;2.675046539
4050;1013;2;0.132880597;2;4.04086963
4051;1013;2;0.132880597;3;5.444352123
4052;1013;2;0.132880597;4;5.840371039
4053;1014;4;0.088164427;1;3.363226541
4054;1014;4;0.088164427;2;5.465506917
4055;1014;4;0.088164427;3;4.423891513
4056;1014;4;0.088164427;4;5.950126358
4057;1015;4;0.690024046;1;4.503938879
4058;1015;4;0.690024046;2;5.311750029
4059;1015;4;0.690024046;3;5.094729972
4060;1015;4;0.690024046;4;8.322053788
4061;1016;3;0.160582769;1;6.206089245
4062;1016;3;0.160582769;2;7.26267687
4063;1016;3;0.160582769;3;8.344367357
4064;1016;3;0.160582769;4;7.667920867
4065;1017;4;0.084634838;1;6.978352932
4066;1017;4;0.084634838;2;9.48849178
4067;1017;4;0.084634838;3;8.65221205
4068;1017;4;0.084634838;4;9.419877079
4069;1018;4;0.34418718;1;5.309792004
4070;1018;4;0.34418718;2;4.665778803
4071;1018;4;0.34418718;3;7.241825658
4072;1018;4;0.34418718;4;7.953590407
4073;1019;3;0.710966395;1;4.348552463
4074;1019;3;0.710966395;2;3.86101494
4075;1019;3;0.710966395;3;6.367794723
4076;1019;3;0.710966395;4;9.039697754
4077;1020;0;0;1;-0.245323574
4078;1020;0;0;2;-0.813863162
4079;1020;0;0;3;1.725226574
4080;1020;0;0;4;3.244661683
4081;1021;2;0.315376185;1;2.836763117
4082;1021;2;0.315376185;2;6.366005452
4083;1021;2;0.315376185;3;6.319915064
4084;1021;2;0.315376185;4;4.728336836
4085;1022;3;0.042417772;1;3.729875589
4086;1022;3;0.042417772;2;2.768447314
4087;1022;3;0.042417772;3;5.566956504
4088;1022;3;0.042417772;4;6.504026673
4089;1023;2;0.889313197;1;3.2169526
4090;1023;2;0.889313197;2;3.674636539
4091;1023;2;0.889313197;3;2.827595216
4092;1023;2;0.889313197;4;5.185685929
4093;1024;0;0;1;0.184127326
4094;1024;0;0;2;1.092196551
4095;1024;0;0;3;1.572983294
4096;1024;0;0;4;3.15333701
4097;1025;3;0.837564143;1;6.073717865
4098;1025;3;0.837564143;2;5.741493157
4099;1025;3;0.837564143;3;6.167225737
4100;1025;3;0.837564143;4;8.182595045
4101;1026;3;0.541033864;1;4.605762349
4102;1026;3;0.541033864;2;5.156507682
4103;1026;3;0.541033864;3;7.897358383
4104;1026;3;0.541033864;4;6.72044805
4105;1027;0;0;1;1.417527083
4106;1027;0;0;2;3.507195175
4107;1027;0;0;3;3.348556696
4108;1027;0;0;4;4.242325627
4109;1028;4;0.719215001;1;4.839404024
4110;1028;4;0.719215001;2;5.283870649
4111;1028;4;0.719215001;3;7.365143742
4112;1028;4;0.719215001;4;7.667700347
4113;1029;3;0.2997196;1;4.961722522
4114;1029;3;0.2997196;2;7.979453676
4115;1029;3;0.2997196;3;6.371631936
4116;1029;3;0.2997196;4;8.398296456
4117;1030;3;0.259937384;1;3.634791622
4118;1030;3;0.259937384;2;2.814080881
4119;1030;3;0.259937384;3;5.155748442
4120;1030;3;0.259937384;4;5.096176716
4121;1031;2;0.978125078;1;2.986120335
4122;1031;2;0.978125078;2;3.950131872
4123;1031;2;0.978125078;3;5.785497555
4124;1031;2;0.978125078;4;4.552208841
4125;1032;0;0;1;0.372119986
4126;1032;0;0;2;2.27852516
4127;1032;0;0;3;5.583096291
4128;1032;0;0;4;5.366170474
4129;1033;2;0.231447189;1;2.50243162
4130;1033;2;0.231447189;2;3.029047658
4131;1033;2;0.231447189;3;4.597773388
4132;1033;2;0.231447189;4;5.011856545
4133;1034;0;0;1;0.693036292
4134;1034;0;0;2;2.194614486
4135;1034;0;0;3;1.039922792
4136;1034;0;0;4;3.868187418
4137;1035;4;0.109232055;1;3.206182668
4138;1035;4;0.109232055;2;2.897429285
4139;1035;4;0.109232055;3;5.135302651
4140;1035;4;0.109232055;4;4.798595508
4141;1036;3;0.810048104;1;5.79341207
4142;1036;3;0.810048104;2;7.680522124
4143;1036;3;0.810048104;3;7.886908234
4144;1036;3;0.810048104;4;8.535591809
4145;1037;4;0.547097823;1;3.970598918
4146;1037;4;0.547097823;2;4.850646134
4147;1037;4;0.547097823;3;5.84403385
4148;1037;4;0.547097823;4;9.728402714
4149;1038;3;0.041405445;1;3.193895279
4150;1038;3;0.041405445;2;2.85566162
4151;1038;3;0.041405445;3;6.505375252
4152;1038;3;0.041405445;4;6.29766889
4153;1039;0;0;1;-0.301752285
4154;1039;0;0;2;1.450943615
4155;1039;0;0;3;3.232648611
4156;1039;0;0;4;3.763468046
4157;1040;3;0.006329085;1;5.814146877
4158;1040;3;0.006329085;2;5.238063183
4159;1040;3;0.006329085;3;8.057180745
4160;1040;3;0.006329085;4;5.844073963
4161;1041;0;0;1;0.542396081
4162;1041;0;0;2;2.623982979
4163;1041;0;0;3;4.056860706
4164;1041;0;0;4;5.373532324
4165;1042;3;0.697088952;1;4.431627636
4166;1042;3;0.697088952;2;6.090951977
4167;1042;3;0.697088952;3;5.939329694
4168;1042;3;0.697088952;4;8.33352385
4169;1043;3;0.693210013;1;4.316231887
4170;1043;3;0.693210013;2;7.004032098
4171;1043;3;0.693210013;3;6.986026906
4172;1043;3;0.693210013;4;8.515650271
4173;1044;4;0.348952417;1;2.16799221
4174;1044;4;0.348952417;2;5.84178544
4175;1044;4;0.348952417;3;5.825406483
4176;1044;4;0.348952417;4;7.601174961
4177;1045;0;0;1;-0.883213904
4178;1045;0;0;2;-1.59777958
4179;1045;0;0;3;0.605846151
4180;1045;0;0;4;2.949347325
4181;1046;4;0.824455554;1;5.191295536
4182;1046;4;0.824455554;2;5.614259777
4183;1046;4;0.824455554;3;7.076161835
4184;1046;4;0.824455554;4;8.384945612
4185;1047;4;0.816140908;1;3.520419026
4186;1047;4;0.816140908;2;6.141724365
4187;1047;4;0.816140908;3;7.487976841
4188;1047;4;0.816140908;4;7.909549535
4189;1048;2;0.028525989;1;4.45650219
4190;1048;2;0.028525989;2;5.542271245
4191;1048;2;0.028525989;3;7.879917696
4192;1048;2;0.028525989;4;6.043431879
4193;1049;2;0.187777185;1;3.018271098
4194;1049;2;0.187777185;2;3.843327072
4195;1049;2;0.187777185;3;5.077323676
4196;1049;2;0.187777185;4;8.59265457
4197;1050;0;0;1;0.010409251
4198;1050;0;0;2;0.356203806
4199;1050;0;0;3;2.421421193
4200;1050;0;0;4;2.793700978
4201;1051;2;0.87566599;1;3.335778757
4202;1051;2;0.87566599;2;4.191206409
4203;1051;2;0.87566599;3;4.235957982
4204;1051;2;0.87566599;4;6.877889558
4205;1052;0;0;1;-0.276591797
4206;1052;0;0;2;1.528203175
4207;1052;0;0;3;2.396608948
4208;1052;0;0;4;3.954958103
4209;1053;3;0.64892222;1;4.595847483
4210;1053;3;0.64892222;2;4.098726399
4211;1053;3;0.64892222;3;4.932692631
4212;1053;3;0.64892222;4;4.914377024
4213;1054;3;0.587996608;1;1.042026959
4214;1054;3;0.587996608;2;3.680595511
4215;1054;3;0.587996608;3;4.282035656
4216;1054;3;0.587996608;4;5.883876956
4217;1055;4;0.618967906;1;4.937990952
4218;1055;4;0.618967906;2;5.891408408
4219;1055;4;0.618967906;3;7.659910203
4220;1055;4;0.618967906;4;7.676228179
4221;1056;2;0.043928333;1;4.294706801
4222;1056;2;0.043928333;2;4.977833616
4223;1056;2;0.043928333;3;4.252022839
4224;1056;2;0.043928333;4;8.563467235
4225;1057;3;0.193129754;1;2.300535866
4226;1057;3;0.193129754;2;4.017496085
4227;1057;3;0.193129754;3;7.700420714
4228;1057;3;0.193129754;4;6.696316077
4229;1058;0;0;1;-0.181293137
4230;1058;0;0;2;0.664679099
4231;1058;0;0;3;1.923928883
4232;1058;0;0;4;3.195404694
4233;1059;4;0.258227794;1;4.063636752
4234;1059;4;0.258227794;2;6.084869147
4235;1059;4;0.258227794;3;6.523533769
4236;1059;4;0.258227794;4;6.805655548
4237;1060;0;0;1;1.911593817
4238;1060;0;0;2;0.457811521
4239;1060;0;0;3;0.14409196
4240;1060;0;0;4;3.844509876
4241;1061;4;0.86113803;1;3.611283285
4242;1061;4;0.86113803;2;5.405088219
4243;1061;4;0.86113803;3;6.801572517
4244;1061;4;0.86113803;4;6.700544775
4245;1062;4;0.412513205;1;4.474787938
4246;1062;4;0.412513205;2;5.457005152
4247;1062;4;0.412513205;3;6.337634555
4248;1062;4;0.412513205;4;9.159236625
4249;1063;0;0;1;0.809998867
4250;1063;0;0;2;1.719387886
4251;1063;0;0;3;1.228799911
4252;1063;0;0;4;2.410081549
4253;1064;2;0.226528143;1;3.378388935
4254;1064;2;0.226528143;2;3.910973348
4255;1064;2;0.226528143;3;4.376377512
4256;1064;2;0.226528143;4;7.137679681
4257;1065;3;0.307754974;1;7.910705661
4258;1065;3;0.307754974;2;7.168278303
4259;1065;3;0.307754974;3;6.443860854
4260;1065;3;0.307754974;4;7.423083873
4261;1066;0;0;1;0.285884253
4262;1066;0;0;2;2.410089533
4263;1066;0;0;3;1.339798437
4264;1066;0;0;4;3.085743623
4265;1067;0;0;1;1.591273046
4266;1067;0;0;2;1.440317464
4267;1067;0;0;3;0.618737464
4268;1067;0;0;4;2.777311734
4269;1068;2;0.887159767;1;1.682997191
4270;1068;2;0.887159767;2;3.236998119
4271;1068;2;0.887159767;3;1.591123232
4272;1068;2;0.887159767;4;4.338049142
4273;1069;4;0.931190958;1;6.947681647
4274;1069;4;0.931190958;2;8.036680696
4275;1069;4;0.931190958;3;9.098257606
4276;1069;4;0.931190958;4;9.692342404
4277;1070;2;0.86288423;1;4.077925672
4278;1070;2;0.86288423;2;3.808305714
4279;1070;2;0.86288423;3;3.543820517
4280;1070;2;0.86288423;4;5.69570046
4281;1071;2;0.341542036;1;3.061564173
4282;1071;2;0.341542036;2;4.397692048
4283;1071;2;0.341542036;3;5.160482163
4284;1071;2;0.341542036;4;5.723695548
4285;1072;2;0.851431882;1;1.176766488
4286;1072;2;0.851431882;2;3.748639203
4287;1072;2;0.851431882;3;5.630552808
4288;1072;2;0.851431882;4;4.553108678
4289;1073;3;0.044510925;1;5.532764638
4290;1073;3;0.044510925;2;4.5751316
4291;1073;3;0.044510925;3;4.774233296
4292;1073;3;0.044510925;4;8.420607556
4293;1074;2;0.805938787;1;1.098046821
4294;1074;2;0.805938787;2;2.860072957
4295;1074;2;0.805938787;3;4.189913352
4296;1074;2;0.805938787;4;4.618899091
4297;1075;4;0.732202789;1;5.021893401
4298;1075;4;0.732202789;2;7.147750043
4299;1075;4;0.732202789;3;8.196241679
4300;1075;4;0.732202789;4;9.980360686
4301;1076;2;0.685012187;1;4.170098602
4302;1076;2;0.685012187;2;7.224724158
4303;1076;2;0.685012187;3;3.36811117
4304;1076;2;0.685012187;4;6.881810236
4305;1077;3;0.521184381;1;5.990514136
4306;1077;3;0.521184381;2;5.57448616
4307;1077;3;0.521184381;3;7.280800191
4308;1077;3;0.521184381;4;8.893740952
4309;1078;3;0.513342185;1;3.79278096
4310;1078;3;0.513342185;2;5.034128578
4311;1078;3;0.513342185;3;6.864169364
4312;1078;3;0.513342185;4;8.449216509
4313;1079;4;0.235055454;1;6.633356696
4314;1079;4;0.235055454;2;6.974713216
4315;1079;4;0.235055454;3;7.190705685
4316;1079;4;0.235055454;4;8.742301548
4317;1080;3;0.529392263;1;4.013768328
4318;1080;3;0.529392263;2;2.402786394
4319;1080;3;0.529392263;3;5.500893446
4320;1080;3;0.529392263;4;5.051427288
4321;1081;4;0.246395992;1;7.01805436
4322;1081;4;0.246395992;2;5.337689997
4323;1081;4;0.246395992;3;7.555397212
4324;1081;4;0.246395992;4;10.60592619
4325;1082;0;0;1;0.237100497
4326;1082;0;0;2;2.054095334
4327;1082;0;0;3;1.634341258
4328;1082;0;0;4;4.085573852
4329;1083;0;0;1;0.999417605
4330;1083;0;0;2;1.129260691
4331;1083;0;0;3;2.202365104
4332;1083;0;0;4;5.069788878
4333;1084;3;0.959017986;1;7.440409481
4334;1084;3;0.959017986;2;5.508608462
4335;1084;3;0.959017986;3;7.49551187
4336;1084;3;0.959017986;4;9.472193958
4337;1085;3;0.480892074;1;7.236612767
4338;1085;3;0.480892074;2;7.531701048
4339;1085;3;0.480892074;3;6.565506941
4340;1085;3;0.480892074;4;9.521832886
4341;1086;3;0.022700433;1;6.461054007
4342;1086;3;0.022700433;2;8.299582829
4343;1086;3;0.022700433;3;8.809182594
4344;1086;3;0.022700433;4;9.224130082
4345;1087;3;0.534208009;1;3.916650633
4346;1087;3;0.534208009;2;2.610855663
4347;1087;3;0.534208009;3;6.113204304
4348;1087;3;0.534208009;4;6.661550711
4349;1088;2;0.6113285;1;3.475780191
4350;1088;2;0.6113285;2;3.999741328
4351;1088;2;0.6113285;3;6.229984541
4352;1088;2;0.6113285;4;6.000035517
4353;1089;3;0.412693028;1;-0.057764509
4354;1089;3;0.412693028;2;3.879476127
4355;1089;3;0.412693028;3;3.846978144
4356;1089;3;0.412693028;4;6.153880608
4357;1090;4;0.800096794;1;4.305139116
4358;1090;4;0.800096794;2;6.299900723
4359;1090;4;0.800096794;3;6.55006564
4360;1090;4;0.800096794;4;6.665992563
4361;1091;2;0.719530903;1;2.019067839
4362;1091;2;0.719530903;2;2.978711505
4363;1091;2;0.719530903;3;3.45361382
4364;1091;2;0.719530903;4;5.164073229
4365;1092;2;0.194511875;1;3.983508491
4366;1092;2;0.194511875;2;2.941569179
4367;1092;2;0.194511875;3;4.471551533
4368;1092;2;0.194511875;4;7.025164209
4369;1093;2;0.174622079;1;4.362783777
4370;1093;2;0.174622079;2;4.779920709
4371;1093;2;0.174622079;3;9.041684309
4372;1093;2;0.174622079;4;7.149326502
4373;1094;3;0.167205632;1;3.932621286
4374;1094;3;0.167205632;2;6.627998003
4375;1094;3;0.167205632;3;7.572948138
4376;1094;3;0.167205632;4;8.77565511
4377;1095;4;0.209619957;1;6.816922422
4378;1095;4;0.209619957;2;7.531838482
4379;1095;4;0.209619957;3;7.804510714
4380;1095;4;0.209619957;4;8.818149364
4381;1096;2;0.00990492;1;2.510358563
4382;1096;2;0.00990492;2;2.207752488
4383;1096;2;0.00990492;3;5.537215696
4384;1096;2;0.00990492;4;7.736039749
4385;1097;4;0.966050473;1;8.133354804
4386;1097;4;0.966050473;2;7.019507638
4387;1097;4;0.966050473;3;10.29077306
4388;1097;4;0.966050473;4;8.369950297
4389;1098;0;0;1;0.567291209
4390;1098;0;0;2;2.238327166
4391;1098;0;0;3;0.983395628
4392;1098;0;0;4;4.363755881
4393;1099;4;0.863143361;1;2.960232025
4394;1099;4;0.863143361;2;3.552091903
4395;1099;4;0.863143361;3;6.459223873
4396;1099;4;0.863143361;4;5.858502355
4397;1100;3;0.060737449;1;6.121432914
4398;1100;3;0.060737449;2;6.600385878
4399;1100;3;0.060737449;3;8.793363382
4400;1100;3;0.060737449;4;10.84559277
4401;1101;2;0.317066165;1;1.480134864
4402;1101;2;0.317066165;2;1.832362329
4403;1101;2;0.317066165;3;1.954075482
4404;1101;2;0.317066165;4;4.437658485
4405;1102;3;0.766427454;1;6.146166477
4406;1102;3;0.766427454;2;7.113553729
4407;1102;3;0.766427454;3;6.876225664
4408;1102;3;0.766427454;4;8.048446132
4409;1103;2;0.11580991;1;2.45987187
4410;1103;2;0.11580991;2;2.17578864
4411;1103;2;0.11580991;3;3.968776926
4412;1103;2;0.11580991;4;6.260373644
4413;1104;2;0.324411052;1;5.397607604
4414;1104;2;0.324411052;2;5.912851333
4415;1104;2;0.324411052;3;7.007501824
4416;1104;2;0.324411052;4;8.318002863
4417;1105;2;0.001890199;1;2.152643835
4418;1105;2;0.001890199;2;2.30489316
4419;1105;2;0.001890199;3;4.931326979
4420;1105;2;0.001890199;4;5.967243645
4421;1106;3;0.54201259;1;2.111788121
4422;1106;3;0.54201259;2;4.374747498
4423;1106;3;0.54201259;3;6.217396239
4424;1106;3;0.54201259;4;6.27923137
4425;1107;2;0.824573159;1;4.940213545
4426;1107;2;0.824573159;2;4.48288453
4427;1107;2;0.824573159;3;5.95134082
4428;1107;2;0.824573159;4;5.133367787
4429;1108;4;0.198905657;1;6.075245032
4430;1108;4;0.198905657;2;6.958251455
4431;1108;4;0.198905657;3;6.636990217
4432;1108;4;0.198905657;4;7.419477949
4433;1109;4;0.571801932;1;5.53844305
4434;1109;4;0.571801932;2;5.237909414
4435;1109;4;0.571801932;3;7.931591123
4436;1109;4;0.571801932;4;7.19999352
4437;1110;3;0.489248775;1;3.070724348
4438;1110;3;0.489248775;2;4.686542506
4439;1110;3;0.489248775;3;6.644882174
4440;1110;3;0.489248775;4;6.240487465
4441;1111;4;0.646554574;1;5.674135254
4442;1111;4;0.646554574;2;5.349106427
4443;1111;4;0.646554574;3;8.840510479
4444;1111;4;0.646554574;4;5.821919491
4445;1112;3;0.51830676;1;2.966322223
4446;1112;3;0.51830676;2;6.946352085
4447;1112;3;0.51830676;3;7.48969344
4448;1112;3;0.51830676;4;8.069989063
4449;1113;2;0.568862807;1;2.582368527
4450;1113;2;0.568862807;2;2.685246812
4451;1113;2;0.568862807;3;5.948728291
4452;1113;2;0.568862807;4;4.724304253
4453;1114;0;0;1;-1.808088984
4454;1114;0;0;2;1.498679786
4455;1114;0;0;3;1.005798258
4456;1114;0;0;4;3.656822613
4457;1115;2;0.46877062;1;4.80318821
4458;1115;2;0.46877062;2;5.723679531
4459;1115;2;0.46877062;3;4.084344601
4460;1115;2;0.46877062;4;5.458320319
4461;1116;0;0;1;0.851585427
4462;1116;0;0;2;0.605912321
4463;1116;0;0;3;1.400499953
4464;1116;0;0;4;1.825684532
4465;1117;0;0;1;1.991784458
4466;1117;0;0;2;3.057926668
4467;1117;0;0;3;5.697990552
4468;1117;0;0;4;7.942690259
4469;1118;3;0.985085355;1;4.524228866
4470;1118;3;0.985085355;2;4.201819492
4471;1118;3;0.985085355;3;6.472526083
4472;1118;3;0.985085355;4;5.627860245
4473;1119;4;0.67079178;1;4.598761504
4474;1119;4;0.67079178;2;4.107630621
4475;1119;4;0.67079178;3;7.424196587
4476;1119;4;0.67079178;4;9.475810212
4477;1120;2;0.937892633;1;2.53755522
4478;1120;2;0.937892633;2;4.714830865
4479;1120;2;0.937892633;3;4.751838228
4480;1120;2;0.937892633;4;5.26891784
4481;1121;2;0.772683126;1;3.537729329
4482;1121;2;0.772683126;2;5.15363605
4483;1121;2;0.772683126;3;5.07207172
4484;1121;2;0.772683126;4;5.541081678
4485;1122;4;0.198936117;1;4.780351786
4486;1122;4;0.198936117;2;7.99045299
4487;1122;4;0.198936117;3;7.716804081
4488;1122;4;0.198936117;4;8.55301618
4489;1123;2;0.500884704;1;2.477795169
4490;1123;2;0.500884704;2;3.096667258
4491;1123;2;0.500884704;3;3.535661191
4492;1123;2;0.500884704;4;4.942346892
4493;1124;0;0;1;2.317806313
4494;1124;0;0;2;3.611081535
4495;1124;0;0;3;3.947934723
4496;1124;0;0;4;4.703663245
4497;1125;3;0.777756548;1;2.798260219
4498;1125;3;0.777756548;2;5.344198086
4499;1125;3;0.777756548;3;5.771312069
4500;1125;3;0.777756548;4;5.42893907
4501;1126;3;0.107434805;1;4.42028993
4502;1126;3;0.107434805;2;4.401175934
4503;1126;3;0.107434805;3;5.277357915
4504;1126;3;0.107434805;4;7.057085212
4505;1127;4;0.633896035;1;4.627951252
4506;1127;4;0.633896035;2;5.31428509
4507;1127;4;0.633896035;3;7.258380193
4508;1127;4;0.633896035;4;9.447788166
4509;1128;2;0.80605849;1;2.220735528
4510;1128;2;0.80605849;2;3.714262967
4511;1128;2;0.80605849;3;4.471213594
4512;1128;2;0.80605849;4;5.071617963
4513;1129;0;0;1;1.937529196
4514;1129;0;0;2;5.029845812
4515;1129;0;0;3;6.088248713
4516;1129;0;0;4;6.999267221
4517;1130;3;0.283542274;1;3.51220819
4518;1130;3;0.283542274;2;6.560183706
4519;1130;3;0.283542274;3;6.161964125
4520;1130;3;0.283542274;4;6.708866455
4521;1131;0;0;1;0.512781087
4522;1131;0;0;2;1.062775451
4523;1131;0;0;3;2.397648274
4524;1131;0;0;4;3.32287945
4525;1132;4;0.048434578;1;4.726978248
4526;1132;4;0.048434578;2;4.358844185
4527;1132;4;0.048434578;3;7.377891445
4528;1132;4;0.048434578;4;9.179226396
4529;1133;2;0.790577643;1;1.369017266
4530;1133;2;0.790577643;2;5.198335961
4531;1133;2;0.790577643;3;5.237637279
4532;1133;2;0.790577643;4;6.456445902
4533;1134;2;0.006401612;1;1.007548243
4534;1134;2;0.006401612;2;1.738840125
4535;1134;2;0.006401612;3;3.082727484
4536;1134;2;0.006401612;4;4.852182497
4537;1135;4;0.126502509;1;2.050043945
4538;1135;4;0.126502509;2;4.973278624
4539;1135;4;0.126502509;3;6.427966622
4540;1135;4;0.126502509;4;7.107149223
4541;1136;2;0.744141146;1;4.407335284
4542;1136;2;0.744141146;2;4.436202253
4543;1136;2;0.744141146;3;7.425278741
4544;1136;2;0.744141146;4;5.368746069
4545;1137;0;0;1;4.223475722
4546;1137;0;0;2;3.860088139
4547;1137;0;0;3;2.774817941
4548;1137;0;0;4;5.466375368
4549;1138;3;0.56739487;1;2.6254089
4550;1138;3;0.56739487;2;5.683010758
4551;1138;3;0.56739487;3;4.86376599
4552;1138;3;0.56739487;4;4.425859134
4553;1139;2;0.722670131;1;1.81052833
4554;1139;2;0.722670131;2;3.327799891
4555;1139;2;0.722670131;3;5.20940724
4556;1139;2;0.722670131;4;6.347510035
4557;1140;0;0;1;0.686708328
4558;1140;0;0;2;2.872904675
4559;1140;0;0;3;3.358153553
4560;1140;0;0;4;5.368500828
4561;1141;3;0.372955809;1;4.524163494
4562;1141;3;0.372955809;2;6.416717488
4563;1141;3;0.372955809;3;6.219695977
4564;1141;3;0.372955809;4;8.202525364
4565;1142;4;0.948164348;1;4.141032246
4566;1142;4;0.948164348;2;5.434783108
4567;1142;4;0.948164348;3;5.63745191
4568;1142;4;0.948164348;4;9.593795876
4569;1143;2;0.037346085;1;3.340084557
4570;1143;2;0.037346085;2;6.426067526
4571;1143;2;0.037346085;3;4.294780613
4572;1143;2;0.037346085;4;7.384443896
4573;1144;0;0;1;1.769669145
4574;1144;0;0;2;2.353134543
4575;1144;0;0;3;3.307789831
4576;1144;0;0;4;5.40044202
4577;1145;4;0.710771599;1;5.185033314
4578;1145;4;0.710771599;2;6.493292453
4579;1145;4;0.710771599;3;7.798132582
4580;1145;4;0.710771599;4;7.435461951
4581;1146;3;0.097373304;1;3.50738873
4582;1146;3;0.097373304;2;5.350118952
4583;1146;3;0.097373304;3;6.14958185
4584;1146;3;0.097373304;4;5.403529556
4585;1147;3;0.258357149;1;5.427881635
4586;1147;3;0.258357149;2;4.671845599
4587;1147;3;0.258357149;3;7.874135201
4588;1147;3;0.258357149;4;7.488288617
4589;1148;3;0.243308375;1;4.414964737
4590;1148;3;0.243308375;2;5.292958745
4591;1148;3;0.243308375;3;6.083265282
4592;1148;3;0.243308375;4;6.735730257
4593;1149;2;0.777943129;1;4.550829391
4594;1149;2;0.777943129;2;6.8267286
4595;1149;2;0.777943129;3;4.144232969
4596;1149;2;0.777943129;4;8.252241891
4597;1150;4;0.62859918;1;4.66651623
4598;1150;4;0.62859918;2;3.709213277
4599;1150;4;0.62859918;3;6.271289103
4600;1150;4;0.62859918;4;4.506959366
4601;1151;2;0.645035127;1;1.70580024
4602;1151;2;0.645035127;2;4.249086833
4603;1151;2;0.645035127;3;6.029855908
4604;1151;2;0.645035127;4;4.336871479
4605;1152;2;0.069060041;1;2.132783561
4606;1152;2;0.069060041;2;3.010656172
4607;1152;2;0.069060041;3;4.01732617
4608;1152;2;0.069060041;4;5.727207478
4609;1153;4;0.785033277;1;6.488361523
4610;1153;4;0.785033277;2;5.331472144
4611;1153;4;0.785033277;3;7.159111497
4612;1153;4;0.785033277;4;8.11091554
4613;1154;2;0.675037171;1;1.217295012
4614;1154;2;0.675037171;2;3.29221948
4615;1154;2;0.675037171;3;3.363384626
4616;1154;2;0.675037171;4;4.081355973
4617;1155;2;0.032198416;1;0.770779461
4618;1155;2;0.032198416;2;3.477969291
4619;1155;2;0.032198416;3;3.405869857
4620;1155;2;0.032198416;4;5.138821764
4621;1156;2;0.945828521;1;3.347294255
4622;1156;2;0.945828521;2;6.108540788
4623;1156;2;0.945828521;3;4.887394038
4624;1156;2;0.945828521;4;6.964207475
4625;1157;3;0.117282549;1;3.282180627
4626;1157;3;0.117282549;2;5.549010217
4627;1157;3;0.117282549;3;3.62804598
4628;1157;3;0.117282549;4;6.848779993
4629;1158;2;0.499153063;1;3.124870522
4630;1158;2;0.499153063;2;3.807736872
4631;1158;2;0.499153063;3;6.694344459
4632;1158;2;0.499153063;4;7.258543037
4633;1159;2;0.837791421;1;2.118263894
4634;1159;2;0.837791421;2;1.943230269
4635;1159;2;0.837791421;3;4.335721279
4636;1159;2;0.837791421;4;5.803417208
4637;1160;2;0.534981628;1;2.696481612
4638;1160;2;0.534981628;2;5.668778015
4639;1160;2;0.534981628;3;6.752017264
4640;1160;2;0.534981628;4;6.518449439
4641;1161;2;0.415155967;1;3.674306813
4642;1161;2;0.415155967;2;3.679844827
4643;1161;2;0.415155967;3;4.579235078
4644;1161;2;0.415155967;4;4.71435574
4645;1162;0;0;1;-0.740118877
4646;1162;0;0;2;-1.283998171
4647;1162;0;0;3;0.724901827
4648;1162;0;0;4;2.815151268
4649;1163;4;0.975369155;1;6.239027079
4650;1163;4;0.975369155;2;7.784065265
4651;1163;4;0.975369155;3;8.755462572
4652;1163;4;0.975369155;4;9.783108015
4653;1164;2;0.764488802;1;5.811265355
4654;1164;2;0.764488802;2;8.346521784
4655;1164;2;0.764488802;3;4.873831523
4656;1164;2;0.764488802;4;7.774449912
4657;1165;4;0.428897847;1;3.992845357
4658;1165;4;0.428897847;2;4.196650809
4659;1165;4;0.428897847;3;7.747492096
4660;1165;4;0.428897847;4;9.21527551
4661;1166;0;0;1;2.411618331
4662;1166;0;0;2;4.74202275
4663;1166;0;0;3;4.892441237
4664;1166;0;0;4;3.311171856
4665;1167;3;0.019031505;1;3.838070555
4666;1167;3;0.019031505;2;5.403531388
4667;1167;3;0.019031505;3;6.334401965
4668;1167;3;0.019031505;4;7.430503066
4669;1168;3;0.876012658;1;4.755451894
4670;1168;3;0.876012658;2;4.40266391
4671;1168;3;0.876012658;3;7.519417912
4672;1168;3;0.876012658;4;8.280894542
4673;1169;4;0.759316339;1;3.429610918
4674;1169;4;0.759316339;2;4.938218222
4675;1169;4;0.759316339;3;5.472790419
4676;1169;4;0.759316339;4;6.481428478
4677;1170;3;0.100430137;1;1.402450964
4678;1170;3;0.100430137;2;1.952467132
4679;1170;3;0.100430137;3;3.296566261
4680;1170;3;0.100430137;4;5.340938247
4681;1171;3;0.213892034;1;2.979460179
4682;1171;3;0.213892034;2;3.349085613
4683;1171;3;0.213892034;3;4.032067842
4684;1171;3;0.213892034;4;5.350889332
4685;1172;2;0.639295409;1;4.997927817
4686;1172;2;0.639295409;2;3.794801223
4687;1172;2;0.639295409;3;6.638235616
4688;1172;2;0.639295409;4;8.498691546
4689;1173;2;0.956847069;1;4.196636786
4690;1173;2;0.956847069;2;2.948871199
4691;1173;2;0.956847069;3;5.815301089
4692;1173;2;0.956847069;4;5.977295807
4693;1174;2;0.705820969;1;5.94142509
4694;1174;2;0.705820969;2;6.814384224
4695;1174;2;0.705820969;3;5.078470518
4696;1174;2;0.705820969;4;8.226193999
4697;1175;0;0;1;-0.335171105
4698;1175;0;0;2;-0.663150767
4699;1175;0;0;3;3.527919518
4700;1175;0;0;4;2.307792967
4701;1176;0;0;1;-0.284468906
4702;1176;0;0;2;1.29703477
4703;1176;0;0;3;0.566118453
4704;1176;0;0;4;2.882206562
4705;1177;3;0.918983576;1;5.451722851
4706;1177;3;0.918983576;2;5.302163958
4707;1177;3;0.918983576;3;6.076102463
4708;1177;3;0.918983576;4;6.613184802
4709;1178;2;0.243665029;1;1.052156625
4710;1178;2;0.243665029;2;3.043654425
4711;1178;2;0.243665029;3;3.113000073
4712;1178;2;0.243665029;4;4.709194083
4713;1179;3;0.611090406;1;3.858671773
4714;1179;3;0.611090406;2;5.685739456
4715;1179;3;0.611090406;3;4.659065595
4716;1179;3;0.611090406;4;7.766291299
4717;1180;3;0.2279478;1;3.373427433
4718;1180;3;0.2279478;2;5.62732558
4719;1180;3;0.2279478;3;7.312885718
4720;1180;3;0.2279478;4;8.171781724
4721;1181;4;0.244687645;1;6.933128924
4722;1181;4;0.244687645;2;7.728663144
4723;1181;4;0.244687645;3;7.559287091
4724;1181;4;0.244687645;4;10.71831718
4725;1182;3;0.307708674;1;2.415230371
4726;1182;3;0.307708674;2;4.679194038
4727;1182;3;0.307708674;3;6.060640379
4728;1182;3;0.307708674;4;7.452982804
4729;1183;0;0;1;1.065843283
4730;1183;0;0;2;2.786869316
4731;1183;0;0;3;4.270309554
4732;1183;0;0;4;6.308236885
4733;1184;0;0;1;0.960512047
4734;1184;0;0;2;3.681148756
4735;1184;0;0;3;4.250863911
4736;1184;0;0;4;3.745021006
4737;1185;4;0.287361098;1;5.224249912
4738;1185;4;0.287361098;2;6.572792644
4739;1185;4;0.287361098;3;8.8461131
4740;1185;4;0.287361098;4;10.32999357
4741;1186;3;0.091655119;1;6.643875104
4742;1186;3;0.091655119;2;7.109016959
4743;1186;3;0.091655119;3;6.699273491
4744;1186;3;0.091655119;4;6.833392496
4745;1187;0;0;1;2.092108379
4746;1187;0;0;2;3.976522181
4747;1187;0;0;3;2.113417245
4748;1187;0;0;4;5.459823404
4749;1188;4;0.45835373;1;4.143471744
4750;1188;4;0.45835373;2;4.845460232
4751;1188;4;0.45835373;3;8.538833316
4752;1188;4;0.45835373;4;7.311870578
4753;1189;4;0.095825847;1;6.606355212
4754;1189;4;0.095825847;2;6.119028954
4755;1189;4;0.095825847;3;7.228857129
4756;1189;4;0.095825847;4;7.366784987
4757;1190;4;0.589664625;1;4.571640038
4758;1190;4;0.589664625;2;4.155658488
4759;1190;4;0.589664625;3;7.295867529
4760;1190;4;0.589664625;4;5.492623454
4761;1191;3;0.575457242;1;3.722282653
4762;1191;3;0.575457242;2;4.455045551
4763;1191;3;0.575457242;3;7.684474329
4764;1191;3;0.575457242;4;7.861251355
4765;1192;4;0.911028905;1;7.597082208
4766;1192;4;0.911028905;2;7.096055258
4767;1192;4;0.911028905;3;8.715632202
4768;1192;4;0.911028905;4;9.799131739
4769;1193;3;0.829502947;1;5.152880688
4770;1193;3;0.829502947;2;7.04202044
4771;1193;3;0.829502947;3;8.380116382
4772;1193;3;0.829502947;4;7.57411434
4773;1194;4;0.338295011;1;4.842160235
4774;1194;4;0.338295011;2;6.342076648
4775;1194;4;0.338295011;3;5.700529657
4776;1194;4;0.338295011;4;6.969078757
4777;1195;0;0;1;1.244400269
4778;1195;0;0;2;1.580941874
4779;1195;0;0;3;2.609592607
4780;1195;0;0;4;3.048426421
4781;1196;3;0.734288086;1;3.218902352
4782;1196;3;0.734288086;2;4.224905076
4783;1196;3;0.734288086;3;5.915174777
4784;1196;3;0.734288086;4;6.84417955
4785;1197;2;0.244071928;1;4.599408164
4786;1197;2;0.244071928;2;3.21294958
4787;1197;2;0.244071928;3;6.054175829
4788;1197;2;0.244071928;4;5.522508134
4789;1198;4;0.213004506;1;5.833706173
4790;1198;4;0.213004506;2;6.437905541
4791;1198;4;0.213004506;3;8.205640689
4792;1198;4;0.213004506;4;8.917843355
4793;1199;2;0.646982626;1;1.978690889
4794;1199;2;0.646982626;2;3.108372451
4795;1199;2;0.646982626;3;3.860766405
4796;1199;2;0.646982626;4;4.271964721
4797;1200;3;0.161765494;1;3.291597261
4798;1200;3;0.161765494;2;4.932757534
4799;1200;3;0.161765494;3;7.657689651
4800;1200;3;0.161765494;4;5.459872081
4801;1201;4;0.766291076;1;4.970001997
4802;1201;4;0.766291076;2;7.593337062
4803;1201;4;0.766291076;3;8.666543452
4804;1201;4;0.766291076;4;10.61861542
4805;1202;3;0.512806848;1;4.843562827
4806;1202;3;0.512806848;2;5.441686031
4807;1202;3;0.512806848;3;6.586800477
4808;1202;3;0.512806848;4;8.460632309
4809;1203;4;0.602145299;1;8.267107736
4810;1203;4;0.602145299;2;8.867392335
4811;1203;4;0.602145299;3;9.825462631
4812;1203;4;0.602145299;4;9.096329376
4813;1204;2;0.466146646;1;2.624350686
4814;1204;2;0.466146646;2;4.13893854
4815;1204;2;0.466146646;3;6.158670003
4816;1204;2;0.466146646;4;7.03528856
4817;1205;2;0.789850166;1;2.330509191
4818;1205;2;0.789850166;2;1.9239024
4819;1205;2;0.789850166;3;4.464365784
4820;1205;2;0.789850166;4;4.727748125
4821;1206;0;0;1;2.003673651
4822;1206;0;0;2;3.390694883
4823;1206;0;0;3;4.534539423
4824;1206;0;0;4;5.217293127
4825;1207;0;0;1;1.518795858
4826;1207;0;0;2;4.200587122
4827;1207;0;0;3;2.202651153
4828;1207;0;0;4;2.730680864
4829;1208;0;0;1;2.405624707
4830;1208;0;0;2;2.159972633
4831;1208;0;0;3;3.192092015
4832;1208;0;0;4;6.15462239
4833;1209;4;0.476442065;1;5.685073131
4834;1209;4;0.476442065;2;7.284946169
4835;1209;4;0.476442065;3;6.592987431
4836;1209;4;0.476442065;4;8.87461438
4837;1210;4;0.485596729;1;4.602273816
4838;1210;4;0.485596729;2;5.52463403
4839;1210;4;0.485596729;3;7.862733176
4840;1210;4;0.485596729;4;6.250330917
4841;1211;3;0.261804423;1;2.805579702
4842;1211;3;0.261804423;2;2.729653645
4843;1211;3;0.261804423;3;2.17115899
4844;1211;3;0.261804423;4;4.083871847
4845;1212;2;0.485791289;1;3.851384839
4846;1212;2;0.485791289;2;5.218342346
4847;1212;2;0.485791289;3;4.255358031
4848;1212;2;0.485791289;4;7.65578852
4849;1213;0;0;1;2.126145133
4850;1213;0;0;2;1.843909741
4851;1213;0;0;3;4.583231724
4852;1213;0;0;4;5.921115032
4853;1214;2;0.879839494;1;5.060242442
4854;1214;2;0.879839494;2;6.218646892
4855;1214;2;0.879839494;3;6.709111734
4856;1214;2;0.879839494;4;6.464499116
4857;1215;0;0;1;1.564088816
4858;1215;0;0;2;1.05819637
4859;1215;0;0;3;1.445936982
4860;1215;0;0;4;1.880454635
4861;1216;0;0;1;-0.260559881
4862;1216;0;0;2;2.219032267
4863;1216;0;0;3;0.466287857
4864;1216;0;0;4;3.198729656
4865;1217;2;0.695692522;1;4.075006908
4866;1217;2;0.695692522;2;4.322912474
4867;1217;2;0.695692522;3;4.635439093
4868;1217;2;0.695692522;4;5.485115315
4869;1218;0;0;1;2.283641788
4870;1218;0;0;2;0.098162607
4871;1218;0;0;3;1.421113831
4872;1218;0;0;4;2.782243484
4873;1219;0;0;1;0.738520053
4874;1219;0;0;2;0.037854262
4875;1219;0;0;3;1.557917683
4876;1219;0;0;4;2.40559721
4877;1220;2;0.923406272;1;4.784881795
4878;1220;2;0.923406272;2;5.2401727
4879;1220;2;0.923406272;3;7.502022417
4880;1220;2;0.923406272;4;7.802538539
4881;1221;3;0.301819302;1;4.3531442
4882;1221;3;0.301819302;2;4.65876265
4883;1221;3;0.301819302;3;5.458299033
4884;1221;3;0.301819302;4;7.145968804
4885;1222;0;0;1;0.950854104
4886;1222;0;0;2;2.282514966
4887;1222;0;0;3;4.281895539
4888;1222;0;0;4;3.517884715
4889;1223;4;0.764755999;1;6.790608513
4890;1223;4;0.764755999;2;6.250944113
4891;1223;4;0.764755999;3;7.931761169
4892;1223;4;0.764755999;4;10.04820153
4893;1224;4;0.075978457;1;5.211339862
4894;1224;4;0.075978457;2;7.4599879
4895;1224;4;0.075978457;3;7.430761233
4896;1224;4;0.075978457;4;8.396009086
4897;1225;4;0.390443905;1;5.098954919
4898;1225;4;0.390443905;2;5.814197906
4899;1225;4;0.390443905;3;6.54761746
4900;1225;4;0.390443905;4;7.325544222
4901;1226;4;0.74509919;1;2.16538392
4902;1226;4;0.74509919;2;4.694991565
4903;1226;4;0.74509919;3;5.362504003
4904;1226;4;0.74509919;4;5.565910923
4905;1227;4;0.299896092;1;7.109429386
4906;1227;4;0.299896092;2;6.473695863
4907;1227;4;0.299896092;3;6.553072535
4908;1227;4;0.299896092;4;9.562906953
4909;1228;3;0.653984922;1;5.334420727
4910;1228;3;0.653984922;2;4.95221565
4911;1228;3;0.653984922;3;6.958651187
4912;1228;3;0.653984922;4;7.981732924
4913;1229;2;0.524933145;1;1.784648634
4914;1229;2;0.524933145;2;2.937464224
4915;1229;2;0.524933145;3;4.925354157
4916;1229;2;0.524933145;4;6.754007001
4917;1230;0;0;1;0.386206381
4918;1230;0;0;2;1.070459948
4919;1230;0;0;3;2.022902263
4920;1230;0;0;4;2.874808199
4921;1231;3;0.326139344;1;2.270770761
4922;1231;3;0.326139344;2;3.982220911
4923;1231;3;0.326139344;3;6.000389755
4924;1231;3;0.326139344;4;5.271450849
4925;1232;2;0.226003149;1;3.757688662
4926;1232;2;0.226003149;2;3.394238855
4927;1232;2;0.226003149;3;6.215711225
4928;1232;2;0.226003149;4;9.068091677
4929;1233;0;0;1;3.345702585
4930;1233;0;0;2;3.419033873
4931;1233;0;0;3;3.244542884
4932;1233;0;0;4;3.192548219
4933;1234;0;0;1;1.332131517
4934;1234;0;0;2;-0.152496893
4935;1234;0;0;3;3.758190097
4936;1234;0;0;4;4.656438002
4937;1235;4;0.666881744;1;5.775950305
4938;1235;4;0.666881744;2;6.871820871
4939;1235;4;0.666881744;3;7.075896377
4940;1235;4;0.666881744;4;6.684552153
4941;1236;0;0;1;0.016541712
4942;1236;0;0;2;3.46864184
4943;1236;0;0;3;2.55225359
4944;1236;0;0;4;3.897057517
4945;1237;2;0.234780218;1;2.805757747
4946;1237;2;0.234780218;2;4.708275805
4947;1237;2;0.234780218;3;6.91466198
4948;1237;2;0.234780218;4;6.690251527
4949;1238;4;0.872474298;1;5.959282324
4950;1238;4;0.872474298;2;6.156133592
4951;1238;4;0.872474298;3;5.358725358
4952;1238;4;0.872474298;4;7.720613715
4953;1239;3;0.365835943;1;4.480575694
4954;1239;3;0.365835943;2;3.8276587
4955;1239;3;0.365835943;3;6.093137664
4956;1239;3;0.365835943;4;6.254285288
4957;1240;2;0.193375373;1;4.203845069
4958;1240;2;0.193375373;2;3.462143944
4959;1240;2;0.193375373;3;7.036490526
4960;1240;2;0.193375373;4;6.633835088
4961;1241;0;0;1;1.932469199
4962;1241;0;0;2;1.982535618
4963;1241;0;0;3;2.618355727
4964;1241;0;0;4;5.382607344
4965;1242;2;0.572295256;1;3.817170914
4966;1242;2;0.572295256;2;2.118000923
4967;1242;2;0.572295256;3;3.611845509
4968;1242;2;0.572295256;4;5.883595953
4969;1243;4;0.156397343;1;7.59334968
4970;1243;4;0.156397343;2;7.068154154
4971;1243;4;0.156397343;3;9.471199427
4972;1243;4;0.156397343;4;8.169575114
4973;1244;4;0.140407664;1;6.033234472
4974;1244;4;0.140407664;2;6.467867763
4975;1244;4;0.140407664;3;10.26154112
4976;1244;4;0.140407664;4;8.189023264
4977;1245;2;0.114396309;1;5.373093801
4978;1245;2;0.114396309;2;4.874754898
4979;1245;2;0.114396309;3;7.560478056
4980;1245;2;0.114396309;4;8.732473788
4981;1246;2;0.483036439;1;1.400333071
4982;1246;2;0.483036439;2;3.437679075
4983;1246;2;0.483036439;3;5.672502364
4984;1246;2;0.483036439;4;5.973996382
4985;1247;4;0.653801412;1;3.159815278
4986;1247;4;0.653801412;2;5.092382381
4987;1247;4;0.653801412;3;6.113771145
4988;1247;4;0.653801412;4;8.688335587
4989;1248;3;0.546099003;1;4.203392626
4990;1248;3;0.546099003;2;4.578995982
4991;1248;3;0.546099003;3;6.033220333
4992;1248;3;0.546099003;4;7.684764127
4993;1249;4;0.855220893;1;2.780108469
4994;1249;4;0.855220893;2;4.833290902
4995;1249;4;0.855220893;3;6.843975817
4996;1249;4;0.855220893;4;7.049328509
4997;1250;0;0;1;-0.008376813
4998;1250;0;0;2;-0.088619637
4999;1250;0;0;3;2.287059881
5000;1250;0;0;4;3.680598017
5001;1251;0;0;1;1.914155366
5002;1251;0;0;2;3.589175608
5003;1251;0;0;3;2.254025008
5004;1251;0;0;4;4.546269377
5005;1252;2;0.173634738;1;2.321809393
5006;1252;2;0.173634738;2;2.334088023
5007;1252;2;0.173634738;3;3.908462204
5008;1252;2;0.173634738;4;4.173807675
5009;1253;2;0.57572671;1;1.778449017
5010;1253;2;0.57572671;2;2.398426396
5011;1253;2;0.57572671;3;2.670067791
5012;1253;2;0.57572671;4;5.87968602
5013;1254;0;0;1;-0.284289628
5014;1254;0;0;2;0.56905111
5015;1254;0;0;3;2.810535975
5016;1254;0;0;4;3.348567312
5017;1255;3;0.986669467;1;2.655311373
5018;1255;3;0.986669467;2;6.331832496
5019;1255;3;0.986669467;3;6.189434584
5020;1255;3;0.986669467;4;8.361729374
5021;1256;3;0.983443582;1;1.245702408
5022;1256;3;0.983443582;2;1.553169014
5023;1256;3;0.983443582;3;4.22648805
5024;1256;3;0.983443582;4;5.826331893
5025;1257;0;0;1;0.121884989
5026;1257;0;0;2;2.183350952
5027;1257;0;0;3;3.497826536
5028;1257;0;0;4;4.062560893
5029;1258;3;0.018036657;1;1.925158484
5030;1258;3;0.018036657;2;4.159130621
5031;1258;3;0.018036657;3;6.689497114
5032;1258;3;0.018036657;4;7.972456777
5033;1259;3;0.810946469;1;5.750308691
5034;1259;3;0.810946469;2;6.935936662
5035;1259;3;0.810946469;3;7.50281891
5036;1259;3;0.810946469;4;7.565022535
5037;1260;0;0;1;1.844744603
5038;1260;0;0;2;2.826956998
5039;1260;0;0;3;2.712599806
5040;1260;0;0;4;3.364773051
5041;1261;0;0;1;1.503087897
5042;1261;0;0;2;0.852409997
5043;1261;0;0;3;0.604454188
5044;1261;0;0;4;2.291266341
5045;1262;3;0.521568764;1;5.738862806
5046;1262;3;0.521568764;2;5.72887257
5047;1262;3;0.521568764;3;6.895947283
5048;1262;3;0.521568764;4;7.620981185
5049;1263;0;0;1;0.526142814
5050;1263;0;0;2;-0.514696187
5051;1263;0;0;3;1.117520496
5052;1263;0;0;4;3.571696695
5053;1264;0;0;1;0.215349381
5054;1264;0;0;2;5.529124634
5055;1264;0;0;3;5.550311092
5056;1264;0;0;4;4.788973394
5057;1265;2;0.135502648;1;4.669337416
5058;1265;2;0.135502648;2;6.252509249
5059;1265;2;0.135502648;3;4.970702679
5060;1265;2;0.135502648;4;5.674874855
5061;1266;3;0.182879066;1;6.311609021
5062;1266;3;0.182879066;2;4.958005919
5063;1266;3;0.182879066;3;5.238167411
5064;1266;3;0.182879066;4;8.294704135
5065;1267;4;0.253103308;1;4.911289262
5066;1267;4;0.253103308;2;7.872606218
5067;1267;4;0.253103308;3;8.839046897
5068;1267;4;0.253103308;4;7.434270575
5069;1268;4;0.063107107;1;6.873900646
5070;1268;4;0.063107107;2;6.144479089
5071;1268;4;0.063107107;3;7.401511315
5072;1268;4;0.063107107;4;7.614880806
5073;1269;2;0.086170117;1;3.593614839
5074;1269;2;0.086170117;2;4.126773226
5075;1269;2;0.086170117;3;5.196890735
5076;1269;2;0.086170117;4;5.299866223
5077;1270;4;0.947484265;1;5.381811259
5078;1270;4;0.947484265;2;6.84411526
5079;1270;4;0.947484265;3;7.076856522
5080;1270;4;0.947484265;4;10.75501867
5081;1271;2;0.49229583;1;3.326446337
5082;1271;2;0.49229583;2;2.623240468
5083;1271;2;0.49229583;3;3.687064698
5084;1271;2;0.49229583;4;6.271151731
5085;1272;4;0.242520803;1;3.359624055
5086;1272;4;0.242520803;2;4.316139706
5087;1272;4;0.242520803;3;6.256474948
5088;1272;4;0.242520803;4;5.911791255
5089;1273;4;0.181168126;1;2.188760159
5090;1273;4;0.181168126;2;5.159869285
5091;1273;4;0.181168126;3;6.344274324
5092;1273;4;0.181168126;4;5.286222372
5093;1274;4;0.079004027;1;5.975325171
5094;1274;4;0.079004027;2;8.091529921
5095;1274;4;0.079004027;3;6.992752534
5096;1274;4;0.079004027;4;8.815241037
5097;1275;4;0.629293291;1;6.567478694
5098;1275;4;0.629293291;2;6.797298409
5099;1275;4;0.629293291;3;8.846674594
5100;1275;4;0.629293291;4;8.504828212
5101;1276;4;0.990505745;1;6.371685506
5102;1276;4;0.990505745;2;5.304256835
5103;1276;4;0.990505745;3;7.502910252
5104;1276;4;0.990505745;4;9.476219206
5105;1277;3;0.267430718;1;0.350747659
5106;1277;3;0.267430718;2;4.292987039
5107;1277;3;0.267430718;3;4.602906849
5108;1277;3;0.267430718;4;5.262248524
5109;1278;4;0.654121029;1;6.136223034
5110;1278;4;0.654121029;2;4.311352338
5111;1278;4;0.654121029;3;6.264519962
5112;1278;4;0.654121029;4;7.328436171
5113;1279;0;0;1;2.781027781
5114;1279;0;0;2;2.815857373
5115;1279;0;0;3;1.743535891
5116;1279;0;0;4;5.136243166
5117;1280;0;0;1;1.901301916
5118;1280;0;0;2;2.53469623
5119;1280;0;0;3;4.031087099
5120;1280;0;0;4;3.634387569
5121;1281;4;0.79128805;1;2.55240508
5122;1281;4;0.79128805;2;4.193907385
5123;1281;4;0.79128805;3;4.766145854
5124;1281;4;0.79128805;4;6.22893198
5125;1282;2;0.635817922;1;5.109405616
5126;1282;2;0.635817922;2;3.95023779
5127;1282;2;0.635817922;3;5.476990127
5128;1282;2;0.635817922;4;5.872736183
5129;1283;3;0.754890445;1;4.374458901
5130;1283;3;0.754890445;2;8.368099835
5131;1283;3;0.754890445;3;7.891789739
5132;1283;3;0.754890445;4;7.536413335
5133;1284;2;0.800881102;1;3.722333366
5134;1284;2;0.800881102;2;4.998019023
5135;1284;2;0.800881102;3;3.476604812
5136;1284;2;0.800881102;4;6.524592087
5137;1285;4;0.988356555;1;4.995258525
5138;1285;4;0.988356555;2;5.256376626
5139;1285;4;0.988356555;3;6.589505971
5140;1285;4;0.988356555;4;6.141979941
5141;1286;2;0.719023536;1;4.626806538
5142;1286;2;0.719023536;2;4.274009335
5143;1286;2;0.719023536;3;6.026455444
5144;1286;2;0.719023536;4;6.707857486
5145;1287;3;0.5227938;1;3.630001035
5146;1287;3;0.5227938;2;4.13649841
5147;1287;3;0.5227938;3;5.436804552
5148;1287;3;0.5227938;4;6.423353224
5149;1288;3;0.04639322;1;5.214391839
5150;1288;3;0.04639322;2;6.118852202
5151;1288;3;0.04639322;3;6.878639859
5152;1288;3;0.04639322;4;8.571497671
5153;1289;3;0.035892672;1;4.093600931
5154;1289;3;0.035892672;2;4.355833857
5155;1289;3;0.035892672;3;5.303877334
5156;1289;3;0.035892672;4;8.372709188
5157;1290;2;0.587569325;1;2.121093894
5158;1290;2;0.587569325;2;1.707962383
5159;1290;2;0.587569325;3;3.281960558
5160;1290;2;0.587569325;4;3.894010528
5161;1291;2;0.165568197;1;2.954088393
5162;1291;2;0.165568197;2;4.098809237
5163;1291;2;0.165568197;3;7.901724052
5164;1291;2;0.165568197;4;8.196172227
5165;1292;2;0.619756013;1;4.42338007
5166;1292;2;0.619756013;2;3.400892075
5167;1292;2;0.619756013;3;5.339639974
5168;1292;2;0.619756013;4;7.581200522
5169;1293;3;0.739078998;1;4.113916219
5170;1293;3;0.739078998;2;5.786801421
5171;1293;3;0.739078998;3;6.71959693
5172;1293;3;0.739078998;4;7.891538381
5173;1294;0;0;1;0.185712192
5174;1294;0;0;2;0.805398054
5175;1294;0;0;3;1.197925211
5176;1294;0;0;4;2.225292336
5177;1295;4;0.448470245;1;0.269988481
5178;1295;4;0.448470245;2;1.651193071
5179;1295;4;0.448470245;3;3.401425189
5180;1295;4;0.448470245;4;5.920452629
5181;1296;0;0;1;0.826551867
5182;1296;0;0;2;1.809281521
5183;1296;0;0;3;1.741917915
5184;1296;0;0;4;3.63854765
5185;1297;2;0.829383608;1;5.021954027
5186;1297;2;0.829383608;2;4.866579693
5187;1297;2;0.829383608;3;3.707330753
5188;1297;2;0.829383608;4;6.549029874
5189;1298;4;0.064788508;1;5.804387523
5190;1298;4;0.064788508;2;7.770778325
5191;1298;4;0.064788508;3;7.459471292
5192;1298;4;0.064788508;4;7.900197999
5193;1299;4;0.837347241;1;4.819125081
5194;1299;4;0.837347241;2;3.88794545
5195;1299;4;0.837347241;3;7.102689914
5196;1299;4;0.837347241;4;6.488987299
5197;1300;4;0.143873064;1;3.777554781
5198;1300;4;0.143873064;2;5.903132122
5199;1300;4;0.143873064;3;5.361851671
5200;1300;4;0.143873064;4;4.688447736
5201;1301;3;0.984997983;1;3.046556619
5202;1301;3;0.984997983;2;3.058167965
5203;1301;3;0.984997983;3;6.91648007
5204;1301;3;0.984997983;4;6.749160765
5205;1302;0;0;1;3.907532836
5206;1302;0;0;2;3.166750949
5207;1302;0;0;3;3.428252062
5208;1302;0;0;4;4.543956887
5209;1303;3;0.612093186;1;4.268214182
5210;1303;3;0.612093186;2;6.374357563
5211;1303;3;0.612093186;3;5.91093478
5212;1303;3;0.612093186;4;6.555842128
5213;1304;2;0.844359402;1;4.215404873
5214;1304;2;0.844359402;2;4.610062492
5215;1304;2;0.844359402;3;4.230309611
5216;1304;2;0.844359402;4;8.217356271
5217;1305;3;0.469225762;1;3.952752563
5218;1305;3;0.469225762;2;4.881052886
5219;1305;3;0.469225762;3;6.447314652
5220;1305;3;0.469225762;4;5.962891775
5221;1306;0;0;1;1.536202021
5222;1306;0;0;2;2.523837942
5223;1306;0;0;3;4.294403087
5224;1306;0;0;4;4.525294729
5225;1307;4;0.305676444;1;3.065984907
5226;1307;4;0.305676444;2;6.939857344
5227;1307;4;0.305676444;3;7.414413102
5228;1307;4;0.305676444;4;7.995647617
5229;1308;2;0.209677636;1;3.237322449
5230;1308;2;0.209677636;2;4.932219756
5231;1308;2;0.209677636;3;5.622327562
5232;1308;2;0.209677636;4;6.500895265
5233;1309;3;0.543290772;1;5.451648849
5234;1309;3;0.543290772;2;6.287883648
5235;1309;3;0.543290772;3;7.607913789
5236;1309;3;0.543290772;4;7.463859475
5237;1310;4;0.792291854;1;4.493504664
5238;1310;4;0.792291854;2;7.261369932
5239;1310;4;0.792291854;3;5.919806687
5240;1310;4;0.792291854;4;7.135050344
5241;1311;4;0.66352169;1;6.412672387
5242;1311;4;0.66352169;2;6.23498211
5243;1311;4;0.66352169;3;10.00330845
5244;1311;4;0.66352169;4;7.526819298
5245;1312;4;0.882970213;1;4.56970793
5246;1312;4;0.882970213;2;5.794475642
5247;1312;4;0.882970213;3;5.463627611
5248;1312;4;0.882970213;4;8.023585244
5249;1313;0;0;1;-0.488823078
5250;1313;0;0;2;0.599012871
5251;1313;0;0;3;1.823157677
5252;1313;0;0;4;1.410059908
5253;1314;3;0.950393552;1;4.794964287
5254;1314;3;0.950393552;2;5.304582501
5255;1314;3;0.950393552;3;6.004345099
5256;1314;3;0.950393552;4;5.759932586
5257;1315;3;0.717415805;1;2.697272936
5258;1315;3;0.717415805;2;3.628256912
5259;1315;3;0.717415805;3;5.037098294
5260;1315;3;0.717415805;4;5.519604414
5261;1316;4;0.46405075;1;4.813278892
5262;1316;4;0.46405075;2;4.931893205
5263;1316;4;0.46405075;3;7.667874743
5264;1316;4;0.46405075;4;8.343682135
5265;1317;3;0.089993845;1;3.261887643
5266;1317;3;0.089993845;2;3.540892664
5267;1317;3;0.089993845;3;3.796362093
5268;1317;3;0.089993845;4;4.136369368
5269;1318;0;0;1;0.623068952
5270;1318;0;0;2;1.724477607
5271;1318;0;0;3;2.648600403
5272;1318;0;0;4;2.73976389
5273;1319;4;0.115835569;1;5.419360736
5274;1319;4;0.115835569;2;3.55628539
5275;1319;4;0.115835569;3;7.034497245
5276;1319;4;0.115835569;4;7.690372884
5277;1320;3;0.155716315;1;7.980143235
5278;1320;3;0.155716315;2;3.647371666
5279;1320;3;0.155716315;3;6.277754718
5280;1320;3;0.155716315;4;6.227568298
5281;1321;2;0.059191331;1;1.969214085
5282;1321;2;0.059191331;2;3.421404671
5283;1321;2;0.059191331;3;4.171512176
5284;1321;2;0.059191331;4;6.448552871
5285;1322;0;0;1;2.093717855
5286;1322;0;0;2;3.186984566
5287;1322;0;0;3;1.894243759
5288;1322;0;0;4;0.419515857
5289;1323;4;0.856062252;1;3.668722053
5290;1323;4;0.856062252;2;2.439175629
5291;1323;4;0.856062252;3;5.512551035
5292;1323;4;0.856062252;4;7.799922501
5293;1324;4;0.020320375;1;3.945512383
5294;1324;4;0.020320375;2;4.727196113
5295;1324;4;0.020320375;3;7.584260935
5296;1324;4;0.020320375;4;7.853762045
5297;1325;3;0.079515594;1;4.782150796
5298;1325;3;0.079515594;2;6.727979911
5299;1325;3;0.079515594;3;5.181148309
5300;1325;3;0.079515594;4;7.172736501
5301;1326;3;0.210033713;1;2.681108245
5302;1326;3;0.210033713;2;5.385437536
5303;1326;3;0.210033713;3;5.897762205
5304;1326;3;0.210033713;4;7.884328758
5305;1327;2;0.282162101;1;2.840902837
5306;1327;2;0.282162101;2;2.503645426
5307;1327;2;0.282162101;3;6.58942907
5308;1327;2;0.282162101;4;4.323328405
5309;1328;2;0.402255309;1;1.477542867
5310;1328;2;0.402255309;2;4.479423348
5311;1328;2;0.402255309;3;4.900807815
5312;1328;2;0.402255309;4;4.936984372
5313;1329;2;0.113842514;1;3.44055666
5314;1329;2;0.113842514;2;6.649073045
5315;1329;2;0.113842514;3;6.138325153
5316;1329;2;0.113842514;4;5.735448739
5317;1330;3;0.679154741;1;5.945780976
5318;1330;3;0.679154741;2;6.165404171
5319;1330;3;0.679154741;3;5.117144233
5320;1330;3;0.679154741;4;7.611654342
5321;1331;2;0.885672981;1;7.159231497
5322;1331;2;0.885672981;2;3.292077357
5323;1331;2;0.885672981;3;5.264464941
5324;1331;2;0.885672981;4;7.343881694
5325;1332;4;0.253037442;1;3.579998422
5326;1332;4;0.253037442;2;5.910081043
5327;1332;4;0.253037442;3;6.769440118
5328;1332;4;0.253037442;4;6.68253396
5329;1333;2;0.937551115;1;2.856759662
5330;1333;2;0.937551115;2;5.375435089
5331;1333;2;0.937551115;3;3.411486257
5332;1333;2;0.937551115;4;6.44719638
5333;1334;3;0.201061227;1;1.648398883
5334;1334;3;0.201061227;2;4.751644492
5335;1334;3;0.201061227;3;6.369326197
5336;1334;3;0.201061227;4;6.272467592
5337;1335;2;0.778885138;1;2.819624141
5338;1335;2;0.778885138;2;2.769787513
5339;1335;2;0.778885138;3;2.639622118
5340;1335;2;0.778885138;4;4.942034267
5341;1336;3;0.145976883;1;3.087297809
5342;1336;3;0.145976883;2;4.962654774
5343;1336;3;0.145976883;3;5.014954061
5344;1336;3;0.145976883;4;6.195336278
5345;1337;0;0;1;0.9482428
5346;1337;0;0;2;2.303910248
5347;1337;0;0;3;1.659043805
5348;1337;0;0;4;3.09046328
5349;1338;4;0.858435912;1;4.919818664
5350;1338;4;0.858435912;2;7.476155068
5351;1338;4;0.858435912;3;8.706883885
5352;1338;4;0.858435912;4;6.848516799
5353;1339;2;0.382449676;1;2.916132597
5354;1339;2;0.382449676;2;2.877194174
5355;1339;2;0.382449676;3;5.707960153
5356;1339;2;0.382449676;4;4.957588679
5357;1340;3;0.828514381;1;6.454726904
5358;1340;3;0.828514381;2;6.414490306
5359;1340;3;0.828514381;3;6.186447362
5360;1340;3;0.828514381;4;6.935651253
5361;1341;0;0;1;0.092857733
5362;1341;0;0;2;-0.054435304
5363;1341;0;0;3;2.140933092
5364;1341;0;0;4;3.255934988
5365;1342;0;0;1;-2.670759285
5366;1342;0;0;2;-1.058716588
5367;1342;0;0;3;-0.159024144
5368;1342;0;0;4;1.13924488
5369;1343;4;0.576618932;1;5.497757833
5370;1343;4;0.576618932;2;8.464864949
5371;1343;4;0.576618932;3;7.92675385
5372;1343;4;0.576618932;4;10.73423722
5373;1344;4;0.205247429;1;7.164422297
5374;1344;4;0.205247429;2;6.585033109
5375;1344;4;0.205247429;3;7.569571238
5376;1344;4;0.205247429;4;8.178839615
5377;1345;2;0.121429893;1;2.825664849
5378;1345;2;0.121429893;2;3.027661153
5379;1345;2;0.121429893;3;3.749989523
5380;1345;2;0.121429893;4;5.084882322
5381;1346;0;0;1;1.003092091
5382;1346;0;0;2;2.695607588
5383;1346;0;0;3;4.313390909
5384;1346;0;0;4;2.707798403
5385;1347;3;0.408053405;1;3.544001039
5386;1347;3;0.408053405;2;4.318129469
5387;1347;3;0.408053405;3;6.801688918
5388;1347;3;0.408053405;4;7.106021895
5389;1348;3;0.588363328;1;1.180380076
5390;1348;3;0.588363328;2;1.987927335
5391;1348;3;0.588363328;3;5.159383221
5392;1348;3;0.588363328;4;5.660853025
5393;1349;3;0.898754716;1;4.620445187
5394;1349;3;0.898754716;2;5.193534238
5395;1349;3;0.898754716;3;5.277854185
5396;1349;3;0.898754716;4;6.916582258
5397;1350;3;0.433970498;1;5.397625036
5398;1350;3;0.433970498;2;7.420610809
5399;1350;3;0.433970498;3;8.278196022
5400;1350;3;0.433970498;4;9.241331308
5401;1351;4;0.14650291;1;6.149568244
5402;1351;4;0.14650291;2;5.223475322
5403;1351;4;0.14650291;3;8.316943037
5404;1351;4;0.14650291;4;9.788423339
5405;1352;0;0;1;1.360564396
5406;1352;0;0;2;0.066589143
5407;1352;0;0;3;3.920111643
5408;1352;0;0;4;3.002581306
5409;1353;3;0.783836632;1;4.321353973
5410;1353;3;0.783836632;2;6.165058868
5411;1353;3;0.783836632;3;6.251209187
5412;1353;3;0.783836632;4;8.018802094
5413;1354;4;0.794972005;1;5.000294997
5414;1354;4;0.794972005;2;5.265477666
5415;1354;4;0.794972005;3;7.666245131
5416;1354;4;0.794972005;4;7.915398977
5417;1355;0;0;1;3.006164445
5418;1355;0;0;2;1.784357907
5419;1355;0;0;3;2.661677248
5420;1355;0;0;4;4.499060377
5421;1356;4;0.266811971;1;4.572656742
5422;1356;4;0.266811971;2;5.590547633
5423;1356;4;0.266811971;3;7.929262688
5424;1356;4;0.266811971;4;7.970330351
5425;1357;3;0.58607648;1;1.924515811
5426;1357;3;0.58607648;2;3.8581123
5427;1357;3;0.58607648;3;2.452541219
5428;1357;3;0.58607648;4;4.439522098
5429;1358;4;0.698502877;1;3.207701685
5430;1358;4;0.698502877;2;3.57827119
5431;1358;4;0.698502877;3;4.481004703
5432;1358;4;0.698502877;4;4.404029463
5433;1359;2;0.725111767;1;4.529716744
5434;1359;2;0.725111767;2;5.639297469
5435;1359;2;0.725111767;3;3.684328656
5436;1359;2;0.725111767;4;3.713313421
5437;1360;3;0.779218293;1;3.406730744
5438;1360;3;0.779218293;2;4.874885073
5439;1360;3;0.779218293;3;6.5496405
5440;1360;3;0.779218293;4;7.845354643
5441;1361;3;0.554115657;1;3.644630974
5442;1361;3;0.554115657;2;5.115898686
5443;1361;3;0.554115657;3;6.02110666
5444;1361;3;0.554115657;4;5.978704534
5445;1362;4;0.924758257;1;5.80402203
5446;1362;4;0.924758257;2;5.309475498
5447;1362;4;0.924758257;3;7.384084826
5448;1362;4;0.924758257;4;7.904443108
5449;1363;2;0.938945567;1;3.721760454
5450;1363;2;0.938945567;2;3.614711876
5451;1363;2;0.938945567;3;6.302925475
5452;1363;2;0.938945567;4;6.459988277
5453;1364;2;0.915187379;1;5.899181573
5454;1364;2;0.915187379;2;7.452543534
5455;1364;2;0.915187379;3;7.875690382
5456;1364;2;0.915187379;4;7.961291588
5457;1365;0;0;1;-0.043410487
5458;1365;0;0;2;0.631238306
5459;1365;0;0;3;3.438614809
5460;1365;0;0;4;2.465641117
5461;1366;2;0.184717847;1;5.418185665
5462;1366;2;0.184717847;2;5.314687745
5463;1366;2;0.184717847;3;7.092608606
5464;1366;2;0.184717847;4;8.229464119
5465;1367;2;0.609872245;1;4.303281879
5466;1367;2;0.609872245;2;3.752490172
5467;1367;2;0.609872245;3;7.197798541
5468;1367;2;0.609872245;4;9.05909293
5469;1368;2;0.472333582;1;4.250429185
5470;1368;2;0.472333582;2;6.226130757
5471;1368;2;0.472333582;3;6.309582458
5472;1368;2;0.472333582;4;6.920981481
5473;1369;2;0.759913172;1;3.74344722
5474;1369;2;0.759913172;2;4.161796363
5475;1369;2;0.759913172;3;5.489351358
5476;1369;2;0.759913172;4;4.877431661
5477;1370;4;0.951819531;1;4.416173196
5478;1370;4;0.951819531;2;6.576964067
5479;1370;4;0.951819531;3;5.678172413
5480;1370;4;0.951819531;4;6.109451142
5481;1371;3;0.493677473;1;3.314248132
5482;1371;3;0.493677473;2;6.3573056
5483;1371;3;0.493677473;3;5.874774768
5484;1371;3;0.493677473;4;5.98133334
5485;1372;0;0;1;0.167096007
5486;1372;0;0;2;1.708031749
5487;1372;0;0;3;3.585390067
5488;1372;0;0;4;4.38895352
5489;1373;4;0.252374279;1;5.639323808
5490;1373;4;0.252374279;2;4.434700485
5491;1373;4;0.252374279;3;5.083663644
5492;1373;4;0.252374279;4;5.5482961
5493;1374;0;0;1;2.103579337
5494;1374;0;0;2;3.240328857
5495;1374;0;0;3;4.995230062
5496;1374;0;0;4;4.262065377
5497;1375;2;0.972314547;1;2.34453083
5498;1375;2;0.972314547;2;4.684787801
5499;1375;2;0.972314547;3;5.520040489
5500;1375;2;0.972314547;4;5.188331745
5501;1376;0;0;1;-0.116729067
5502;1376;0;0;2;2.431598966
5503;1376;0;0;3;3.224427457
5504;1376;0;0;4;4.032180988
5505;1377;4;0.830698504;1;5.213075319
5506;1377;4;0.830698504;2;5.66775143
5507;1377;4;0.830698504;3;6.701018448
5508;1377;4;0.830698504;4;9.691747332
5509;1378;4;0.548289085;1;6.48147476
5510;1378;4;0.548289085;2;7.210495219
5511;1378;4;0.548289085;3;6.903950667
5512;1378;4;0.548289085;4;6.665693685
5513;1379;2;0.85507646;1;3.377705044
5514;1379;2;0.85507646;2;4.251815429
5515;1379;2;0.85507646;3;7.234763498
5516;1379;2;0.85507646;4;6.995799417
5517;1380;4;0.039133252;1;2.052898975
5518;1380;4;0.039133252;2;4.449493298
5519;1380;4;0.039133252;3;6.414105499
5520;1380;4;0.039133252;4;3.78979791
5521;1381;3;0.125240368;1;5.557261301
5522;1381;3;0.125240368;2;6.349106777
5523;1381;3;0.125240368;3;5.966084955
5524;1381;3;0.125240368;4;7.362687039
5525;1382;0;0;1;1.882586146
5526;1382;0;0;2;3.978272322
5527;1382;0;0;3;4.573989651
5528;1382;0;0;4;5.356353849
5529;1383;0;0;1;0.504948669
5530;1383;0;0;2;3.012912332
5531;1383;0;0;3;-0.315463747
5532;1383;0;0;4;2.985909134
5533;1384;0;0;1;2.925154092
5534;1384;0;0;2;4.691714165
5535;1384;0;0;3;4.394412796
5536;1384;0;0;4;5.975803176
5537;1385;4;0.023299454;1;4.880115667
5538;1385;4;0.023299454;2;5.353961312
5539;1385;4;0.023299454;3;7.776617466
5540;1385;4;0.023299454;4;7.389664291
5541;1386;2;0.648436838;1;2.517557337
5542;1386;2;0.648436838;2;2.215289914
5543;1386;2;0.648436838;3;4.234241211
5544;1386;2;0.648436838;4;4.873143025
5545;1387;0;0;1;-0.423894218
5546;1387;0;0;2;1.444741208
5547;1387;0;0;3;1.291715691
5548;1387;0;0;4;3.655165136
5549;1388;2;0.742344974;1;6.794320588
5550;1388;2;0.742344974;2;5.986721672
5551;1388;2;0.742344974;3;7.996410332
5552;1388;2;0.742344974;4;8.609718859
5553;1389;4;0.040335563;1;3.580326598
5554;1389;4;0.040335563;2;5.114601481
5555;1389;4;0.040335563;3;6.13255101
5556;1389;4;0.040335563;4;6.395933367
5557;1390;3;0.002227248;1;4.196790845
5558;1390;3;0.002227248;2;3.611285888
5559;1390;3;0.002227248;3;6.310377912
5560;1390;3;0.002227248;4;8.30629334
5561;1391;2;0.027353683;1;2.881916694
5562;1391;2;0.027353683;2;3.450760181
5563;1391;2;0.027353683;3;3.4374741
5564;1391;2;0.027353683;4;2.557380845
5565;1392;4;0.789676571;1;5.048920775
5566;1392;4;0.789676571;2;5.830614972
5567;1392;4;0.789676571;3;4.736345752
5568;1392;4;0.789676571;4;5.617822561
5569;1393;0;0;1;2.382065775
5570;1393;0;0;2;3.187839882
5571;1393;0;0;3;5.853995886
5572;1393;0;0;4;5.008924507
5573;1394;2;0.119176464;1;2.941510166
5574;1394;2;0.119176464;2;4.064427842
5575;1394;2;0.119176464;3;4.289175272
5576;1394;2;0.119176464;4;6.770329591
5577;1395;3;0.058343302;1;2.714344168
5578;1395;3;0.058343302;2;3.831663194
5579;1395;3;0.058343302;3;2.538094492
5580;1395;3;0.058343302;4;6.272790798
5581;1396;3;0.783912087;1;2.423634316
5582;1396;3;0.783912087;2;3.008246226
5583;1396;3;0.783912087;3;4.44774953
5584;1396;3;0.783912087;4;1.999691548
5585;1397;0;0;1;0.172343755
5586;1397;0;0;2;-0.012175773
5587;1397;0;0;3;4.553165166
5588;1397;0;0;4;4.023155395
5589;1398;2;0.149632651;1;3.164484258
5590;1398;2;0.149632651;2;3.979475992
5591;1398;2;0.149632651;3;5.433576353
5592;1398;2;0.149632651;4;6.680315897
5593;1399;0;0;1;2.239341412
5594;1399;0;0;2;2.204731113
5595;1399;0;0;3;4.476012144
5596;1399;0;0;4;7.225812397
5597;1400;0;0;1;0.51406093
5598;1400;0;0;2;0.490716057
5599;1400;0;0;3;3.726729991
5600;1400;0;0;4;4.257694138
5601;1401;4;0.460828079;1;5.811284565
5602;1401;4;0.460828079;2;5.302744654
5603;1401;4;0.460828079;3;6.807575018
5604;1401;4;0.460828079;4;7.051773855
5605;1402;4;0.057563961;1;4.30641767
5606;1402;4;0.057563961;2;7.210824956
5607;1402;4;0.057563961;3;7.974991393
5608;1402;4;0.057563961;4;9.683465024
5609;1403;0;0;1;1.506881891
5610;1403;0;0;2;3.084659603
5611;1403;0;0;3;3.67571966
5612;1403;0;0;4;4.446031553
5613;1404;0;0;1;1.982578602
5614;1404;0;0;2;1.250130949
5615;1404;0;0;3;3.414646749
5616;1404;0;0;4;5.426661486
5617;1405;3;0.19968473;1;3.608409062
5618;1405;3;0.19968473;2;3.513443337
5619;1405;3;0.19968473;3;5.099834696
5620;1405;3;0.19968473;4;7.839283843
5621;1406;0;0;1;-1.830246114
5622;1406;0;0;2;0.272120537
5623;1406;0;0;3;2.268622047
5624;1406;0;0;4;1.37349374
5625;1407;2;0.333459551;1;2.429442435
5626;1407;2;0.333459551;2;4.308012142
5627;1407;2;0.333459551;3;5.371620901
5628;1407;2;0.333459551;4;5.045582971
5629;1408;3;0.623954411;1;4.954991588
5630;1408;3;0.623954411;2;6.806513297
5631;1408;3;0.623954411;3;6.635923293
5632;1408;3;0.623954411;4;8.136866152
5633;1409;3;0.096268703;1;3.883721656
5634;1409;3;0.096268703;2;4.620936302
5635;1409;3;0.096268703;3;6.982349215
5636;1409;3;0.096268703;4;8.424110771
5637;1410;2;0.983104768;1;1.910560577
5638;1410;2;0.983104768;2;2.892405164
5639;1410;2;0.983104768;3;2.950792324
5640;1410;2;0.983104768;4;5.306615919
5641;1411;3;0.080731195;1;4.460513065
5642;1411;3;0.080731195;2;4.354058231
5643;1411;3;0.080731195;3;6.100606495
5644;1411;3;0.080731195;4;8.439382838
5645;1412;3;0.319026666;1;3.892031189
5646;1412;3;0.319026666;2;4.720001171
5647;1412;3;0.319026666;3;5.655187017
5648;1412;3;0.319026666;4;7.296905724
5649;1413;4;0.485124248;1;6.957585772
5650;1413;4;0.485124248;2;7.145919534
5651;1413;4;0.485124248;3;6.595042182
5652;1413;4;0.485124248;4;6.827251714
5653;1414;4;0.834823686;1;7.346328133
5654;1414;4;0.834823686;2;8.804770318
5655;1414;4;0.834823686;3;9.31770499
5656;1414;4;0.834823686;4;8.458563929
5657;1415;2;0.341105524;1;6.082243498
5658;1415;2;0.341105524;2;2.059884945
5659;1415;2;0.341105524;3;4.728095466
5660;1415;2;0.341105524;4;6.117390861
5661;1416;0;0;1;-1.921621072
5662;1416;0;0;2;-0.447041518
5663;1416;0;0;3;1.700703103
5664;1416;0;0;4;-0.057448708
5665;1417;0;0;1;2.24897309
5666;1417;0;0;2;2.532842595
5667;1417;0;0;3;3.322417688
5668;1417;0;0;4;4.965280011
5669;1418;2;0.595986462;1;3.927601525
5670;1418;2;0.595986462;2;3.672165524
5671;1418;2;0.595986462;3;5.375558264
5672;1418;2;0.595986462;4;8.86743725
5673;1419;2;0.14540254;1;1.4108779
5674;1419;2;0.14540254;2;2.841391794
5675;1419;2;0.14540254;3;5.661098368
5676;1419;2;0.14540254;4;4.544212138
5677;1420;2;0.025416109;1;3.39478097
5678;1420;2;0.025416109;2;3.686982755
5679;1420;2;0.025416109;3;6.8939882
5680;1420;2;0.025416109;4;5.660833679
5681;1421;0;0;1;2.218262942
5682;1421;0;0;2;2.459641016
5683;1421;0;0;3;2.437602404
5684;1421;0;0;4;2.747287287
5685;1422;4;0.170685326;1;4.45735352
5686;1422;4;0.170685326;2;5.896296495
5687;1422;4;0.170685326;3;5.765833932
5688;1422;4;0.170685326;4;7.094954314
5689;1423;0;0;1;-0.265202469
5690;1423;0;0;2;-0.807432971
5691;1423;0;0;3;0.596872755
5692;1423;0;0;4;1.013765692
5693;1424;4;0.227852696;1;5.507838751
5694;1424;4;0.227852696;2;5.231750662
5695;1424;4;0.227852696;3;7.814519373
5696;1424;4;0.227852696;4;10.95840843
5697;1425;3;0.630478452;1;4.726088083
5698;1425;3;0.630478452;2;4.75825409
5699;1425;3;0.630478452;3;4.552015619
5700;1425;3;0.630478452;4;7.399951397
5701;1426;4;0.738153434;1;3.844561137
5702;1426;4;0.738153434;2;4.34526358
5703;1426;4;0.738153434;3;4.839552118
5704;1426;4;0.738153434;4;6.251417015
5705;1427;4;0.678859622;1;5.269652599
5706;1427;4;0.678859622;2;5.524806842
5707;1427;4;0.678859622;3;4.295229026
5708;1427;4;0.678859622;4;7.462216157
5709;1428;3;0.285092318;1;2.939897963
5710;1428;3;0.285092318;2;5.3339995
5711;1428;3;0.285092318;3;5.362116596
5712;1428;3;0.285092318;4;7.059816661
5713;1429;3;0.157280985;1;2.393424693
5714;1429;3;0.157280985;2;3.263413826
5715;1429;3;0.157280985;3;3.91506967
5716;1429;3;0.157280985;4;6.119352105
5717;1430;4;0.468601664;1;6.203393398
5718;1430;4;0.468601664;2;8.629574406
5719;1430;4;0.468601664;3;9.625292081
5720;1430;4;0.468601664;4;8.610533758
5721;1431;2;0.977121981;1;2.214722816
5722;1431;2;0.977121981;2;3.767390745
5723;1431;2;0.977121981;3;6.205010339
5724;1431;2;0.977121981;4;6.122556739
5725;1432;0;0;1;3.002536902
5726;1432;0;0;2;2.416789669
5727;1432;0;0;3;3.010956682
5728;1432;0;0;4;5.714084767
5729;1433;2;0.857682174;1;1.660778014
5730;1433;2;0.857682174;2;4.351172425
5731;1433;2;0.857682174;3;3.393720638
5732;1433;2;0.857682174;4;3.875004756
5733;1434;2;0.645857125;1;0.988239217
5734;1434;2;0.645857125;2;4.229981625
5735;1434;2;0.645857125;3;5.084117747
5736;1434;2;0.645857125;4;5.059664903
5737;1435;3;0.92306814;1;3.155363284
5738;1435;3;0.92306814;2;5.02100168
5739;1435;3;0.92306814;3;5.113000643
5740;1435;3;0.92306814;4;7.357928299
5741;1436;2;0.34653708;1;2.440238524
5742;1436;2;0.34653708;2;2.047951351
5743;1436;2;0.34653708;3;5.416508097
5744;1436;2;0.34653708;4;6.194186394
5745;1437;3;0.787885969;1;1.955851524
5746;1437;3;0.787885969;2;4.306763254
5747;1437;3;0.787885969;3;6.182713114
5748;1437;3;0.787885969;4;7.230158914
5749;1438;0;0;1;-0.249896237
5750;1438;0;0;2;2.640516064
5751;1438;0;0;3;3.618437923
5752;1438;0;0;4;3.160255005
5753;1439;0;0;1;-0.865809908
5754;1439;0;0;2;1.650641448
5755;1439;0;0;3;1.09203328
5756;1439;0;0;4;3.995884502
5757;1440;2;0.392445403;1;3.077656383
5758;1440;2;0.392445403;2;4.03414761
5759;1440;2;0.392445403;3;4.853324361
5760;1440;2;0.392445403;4;6.342191591
5761;1441;2;0.283567048;1;3.302736135
5762;1441;2;0.283567048;2;1.920064954
5763;1441;2;0.283567048;3;5.652738153
5764;1441;2;0.283567048;4;5.495049873
5765;1442;3;0.97379474;1;4.645411986
5766;1442;3;0.97379474;2;6.766741878
5767;1442;3;0.97379474;3;5.329389283
5768;1442;3;0.97379474;4;6.740829568
5769;1443;3;0.198839497;1;3.14618146
5770;1443;3;0.198839497;2;2.661718446
5771;1443;3;0.198839497;3;4.841600858
5772;1443;3;0.198839497;4;3.950651385
5773;1444;0;0;1;1.343761488
5774;1444;0;0;2;-0.083605397
5775;1444;0;0;3;5.181873793
5776;1444;0;0;4;3.181500837
5777;1445;0;0;1;-0.317093621
5778;1445;0;0;2;0.850251893
5779;1445;0;0;3;1.754211906
5780;1445;0;0;4;4.205588461
5781;1446;3;0.76856531;1;5.07261142
5782;1446;3;0.76856531;2;5.063624833
5783;1446;3;0.76856531;3;7.950530816
5784;1446;3;0.76856531;4;8.592306774
5785;1447;4;0.263595438;1;3.666825738
5786;1447;4;0.263595438;2;5.469281203
5787;1447;4;0.263595438;3;5.162155289
5788;1447;4;0.263595438;4;6.986743886
5789;1448;3;0.665995331;1;2.58399063
5790;1448;3;0.665995331;2;5.396779065
5791;1448;3;0.665995331;3;6.75913592
5792;1448;3;0.665995331;4;7.131285501
5793;1449;4;0.580360104;1;6.444533785
5794;1449;4;0.580360104;2;6.216643842
5795;1449;4;0.580360104;3;7.569514959
5796;1449;4;0.580360104;4;8.884970574
5797;1450;3;0.587695229;1;2.59378574
5798;1450;3;0.587695229;2;4.026760346
5799;1450;3;0.587695229;3;5.872428127
5800;1450;3;0.587695229;4;6.11535018
5801;1451;3;0.552265083;1;3.465121959
5802;1451;3;0.552265083;2;2.50493246
5803;1451;3;0.552265083;3;4.803926992
5804;1451;3;0.552265083;4;4.922096243
5805;1452;4;0.327385193;1;5.462790782
5806;1452;4;0.327385193;2;7.102773634
5807;1452;4;0.327385193;3;8.61051278
5808;1452;4;0.327385193;4;8.542410794
5809;1453;4;0.673022747;1;5.215127963
5810;1453;4;0.673022747;2;3.489270855
5811;1453;4;0.673022747;3;5.980496487
5812;1453;4;0.673022747;4;8.531754597
5813;1454;4;0.989183319;1;4.869822626
5814;1454;4;0.989183319;2;3.582037823
5815;1454;4;0.989183319;3;7.231780841
5816;1454;4;0.989183319;4;8.652307218
5817;1455;3;0.405038192;1;1.508156347
5818;1455;3;0.405038192;2;4.273902902
5819;1455;3;0.405038192;3;4.953056759
5820;1455;3;0.405038192;4;7.494143318
5821;1456;3;0.570380721;1;4.842445195
5822;1456;3;0.570380721;2;4.154905695
5823;1456;3;0.570380721;3;6.396429797
5824;1456;3;0.570380721;4;5.900916389
5825;1457;4;0.579388892;1;8.626323875
5826;1457;4;0.579388892;2;5.749929867
5827;1457;4;0.579388892;3;9.302411582
5828;1457;4;0.579388892;4;9.088285836
5829;1458;2;0.220102287;1;2.031677385
5830;1458;2;0.220102287;2;2.513348329
5831;1458;2;0.220102287;3;3.176642126
5832;1458;2;0.220102287;4;4.542900651
5833;1459;3;0.206329256;1;4.439952195
5834;1459;3;0.206329256;2;6.210847914
5835;1459;3;0.206329256;3;5.49330426
5836;1459;3;0.206329256;4;6.371580908
5837;1460;3;0.208917984;1;6.583401317
5838;1460;3;0.208917984;2;6.815330084
5839;1460;3;0.208917984;3;4.639112115
5840;1460;3;0.208917984;4;8.848282805
5841;1461;0;0;1;2.188225209
5842;1461;0;0;2;3.076582685
5843;1461;0;0;3;4.922456218
5844;1461;0;0;4;4.964838214
5845;1462;0;0;1;-0.106080422
5846;1462;0;0;2;0.481958353
5847;1462;0;0;3;3.889089422
5848;1462;0;0;4;4.199865273
5849;1463;0;0;1;1.011769998
5850;1463;0;0;2;3.857359411
5851;1463;0;0;3;3.740079899
5852;1463;0;0;4;4.172689603
5853;1464;0;0;1;-3.46323974
5854;1464;0;0;2;-0.341297172
5855;1464;0;0;3;1.133768907
5856;1464;0;0;4;2.504053073
5857;1465;0;0;1;1.294299301
5858;1465;0;0;2;0.942757033
5859;1465;0;0;3;4.082381015
5860;1465;0;0;4;3.10935485
5861;1466;3;0.54196229;1;4.54790341
5862;1466;3;0.54196229;2;5.165078921
5863;1466;3;0.54196229;3;4.676516369
5864;1466;3;0.54196229;4;5.573258491
5865;1467;3;0.586082161;1;4.312960367
5866;1467;3;0.586082161;2;2.300190698
5867;1467;3;0.586082161;3;5.913992725
5868;1467;3;0.586082161;4;6.13538883
5869;1468;4;0.384640344;1;5.304915191
5870;1468;4;0.384640344;2;6.109731597
5871;1468;4;0.384640344;3;7.533070527
5872;1468;4;0.384640344;4;8.249275157
5873;1469;3;0.937298064;1;6.04152951
5874;1469;3;0.937298064;2;4.14260515
5875;1469;3;0.937298064;3;6.629627691
5876;1469;3;0.937298064;4;6.409175554
5877;1470;2;0.883871654;1;2.575188651
5878;1470;2;0.883871654;2;3.448072945
5879;1470;2;0.883871654;3;6.722858811
5880;1470;2;0.883871654;4;5.313805776
5881;1471;3;0.436718718;1;4.722580146
5882;1471;3;0.436718718;2;4.432753432
5883;1471;3;0.436718718;3;6.325961967
5884;1471;3;0.436718718;4;6.385718511
5885;1472;4;0.664619572;1;5.705472504
5886;1472;4;0.664619572;2;7.196931411
5887;1472;4;0.664619572;3;8.068962257
5888;1472;4;0.664619572;4;9.959907782
5889;1473;0;0;1;-0.395623979
5890;1473;0;0;2;2.00119724
5891;1473;0;0;3;4.727723416
5892;1473;0;0;4;6.333504734
5893;1474;0;0;1;1.176409108
5894;1474;0;0;2;2.463837795
5895;1474;0;0;3;3.816083826
5896;1474;0;0;4;5.958171274
5897;1475;3;0.204464654;1;4.386992633
5898;1475;3;0.204464654;2;3.961186012
5899;1475;3;0.204464654;3;7.865517757
5900;1475;3;0.204464654;4;9.336612995
5901;1476;2;0.06883809;1;2.659369583
5902;1476;2;0.06883809;2;2.984943176
5903;1476;2;0.06883809;3;3.824347627
5904;1476;2;0.06883809;4;5.714567328
5905;1477;4;0.78553996;1;7.069768603
5906;1477;4;0.78553996;2;7.407599773
5907;1477;4;0.78553996;3;9.517311449
5908;1477;4;0.78553996;4;9.003624849
5909;1478;2;0.663660621;1;2.052581344
5910;1478;2;0.663660621;2;3.043471745
5911;1478;2;0.663660621;3;4.571353837
5912;1478;2;0.663660621;4;6.423401118
5913;1479;4;0.476167501;1;7.229216975
5914;1479;4;0.476167501;2;5.842520178
5915;1479;4;0.476167501;3;7.464470654
5916;1479;4;0.476167501;4;7.539452032
5917;1480;4;0.391575782;1;4.772623314
5918;1480;4;0.391575782;2;5.585557695
5919;1480;4;0.391575782;3;8.44562502
5920;1480;4;0.391575782;4;9.295483505
5921;1481;0;0;1;1.802246093
5922;1481;0;0;2;2.158996681
5923;1481;0;0;3;2.742834478
5924;1481;0;0;4;2.867950933
5925;1482;0;0;1;-0.839685117
5926;1482;0;0;2;-1.427773384
5927;1482;0;0;3;2.058229282
5928;1482;0;0;4;2.323076283
5929;1483;3;0.672831125;1;3.707396163
5930;1483;3;0.672831125;2;5.1607081
5931;1483;3;0.672831125;3;7.646350377
5932;1483;3;0.672831125;4;8.254023888
5933;1484;4;0.280788586;1;2.315217752
5934;1484;4;0.280788586;2;2.402568324
5935;1484;4;0.280788586;3;3.825507165
5936;1484;4;0.280788586;4;4.015550879
5937;1485;0;0;1;0.802441431
5938;1485;0;0;2;2.344439189
5939;1485;0;0;3;3.341914038
5940;1485;0;0;4;3.96031861
5941;1486;4;0.595420174;1;3.109681801
5942;1486;4;0.595420174;2;7.484858844
5943;1486;4;0.595420174;3;6.135158521
5944;1486;4;0.595420174;4;8.305696567
5945;1487;2;0.688758898;1;1.306582719
5946;1487;2;0.688758898;2;1.307789749
5947;1487;2;0.688758898;3;4.862544556
5948;1487;2;0.688758898;4;3.223884557
5949;1488;2;0.38044737;1;3.099132718
5950;1488;2;0.38044737;2;3.269806841
5951;1488;2;0.38044737;3;5.976981663
5952;1488;2;0.38044737;4;7.38363891
5953;1489;2;0.49056391;1;1.4807605
5954;1489;2;0.49056391;2;4.251903184
5955;1489;2;0.49056391;3;3.403508372
5956;1489;2;0.49056391;4;6.37673812
5957;1490;0;0;1;1.176735393
5958;1490;0;0;2;2.97219292
5959;1490;0;0;3;3.284327716
5960;1490;0;0;4;2.961024176
5961;1491;4;0.714745883;1;3.398891705
5962;1491;4;0.714745883;2;3.341182083
5963;1491;4;0.714745883;3;4.966797244
5964;1491;4;0.714745883;4;6.615294255
5965;1492;2;0.5321507;1;2.907808836
5966;1492;2;0.5321507;2;3.096105431
5967;1492;2;0.5321507;3;1.71140232
5968;1492;2;0.5321507;4;5.714672464
5969;1493;0;0;1;0.440652005
5970;1493;0;0;2;0.849603085
5971;1493;0;0;3;3.486326018
5972;1493;0;0;4;3.38583133
5973;1494;3;0.857909561;1;0.358163916
5974;1494;3;0.857909561;2;4.790945319
5975;1494;3;0.857909561;3;4.766697389
5976;1494;3;0.857909561;4;5.927638032
5977;1495;4;0.833577421;1;4.457707551
5978;1495;4;0.833577421;2;3.721679402
5979;1495;4;0.833577421;3;7.528670139
5980;1495;4;0.833577421;4;7.330133349
5981;1496;4;0.00180977;1;4.204348432
5982;1496;4;0.00180977;2;4.099429732
5983;1496;4;0.00180977;3;6.89585159
5984;1496;4;0.00180977;4;8.257226344
5985;1497;4;0.111962384;1;3.728470153
5986;1497;4;0.111962384;2;6.456168496
5987;1497;4;0.111962384;3;7.27615485
5988;1497;4;0.111962384;4;6.771792689
5989;1498;3;0.311166154;1;2.270151487
5990;1498;3;0.311166154;2;3.519550108
5991;1498;3;0.311166154;3;6.402511925
5992;1498;3;0.311166154;4;6.764007986
5993;1499;0;0;1;0.6176168
5994;1499;0;0;2;1.609199962
5995;1499;0;0;3;2.398075588
5996;1499;0;0;4;3.751499541
5997;1500;0;0;1;-0.186451243
5998;1500;0;0;2;2.654085941
5999;1500;0;0;3;3.581818176
6000;1500;0;0;4;2.545128224
6001;1501;3;0.677131498;1;4.147940769
6002;1501;3;0.677131498;2;4.173584191
6003;1501;3;0.677131498;3;5.889110799
6004;1501;3;0.677131498;4;7.639493264
6005;1502;4;0.132999673;1;4.372670479
6006;1502;4;0.132999673;2;4.893450737
6007;1502;4;0.132999673;3;4.611466952
6008;1502;4;0.132999673;4;8.324370278
6009;1503;4;0.760647813;1;5.815283781
6010;1503;4;0.760647813;2;7.133529971
6011;1503;4;0.760647813;3;8.183915022
6012;1503;4;0.760647813;4;9.133226061
6013;1504;0;0;1;0.375858096
6014;1504;0;0;2;0.396636621
6015;1504;0;0;3;2.010767067
6016;1504;0;0;4;3.093620744
6017;1505;0;0;1;3.221986479
6018;1505;0;0;2;2.59049138
6019;1505;0;0;3;2.67811112
6020;1505;0;0;4;5.681718654
6021;1506;0;0;1;-0.906011037
6022;1506;0;0;2;1.042405983
6023;1506;0;0;3;1.374083609
6024;1506;0;0;4;1.944696938
6025;1507;4;0.63673729;1;5.92103282
6026;1507;4;0.63673729;2;4.544177895
6027;1507;4;0.63673729;3;7.592115642
6028;1507;4;0.63673729;4;9.627397129
6029;1508;0;0;1;3.164153758
6030;1508;0;0;2;1.316557097
6031;1508;0;0;3;4.437343813
6032;1508;0;0;4;4.780077653
6033;1509;2;0.722088072;1;4.983066334
6034;1509;2;0.722088072;2;4.776588785
6035;1509;2;0.722088072;3;4.969552621
6036;1509;2;0.722088072;4;6.095390993
6037;1510;4;0.329075671;1;2.679382992
6038;1510;4;0.329075671;2;4.436153735
6039;1510;4;0.329075671;3;5.296801849
6040;1510;4;0.329075671;4;7.946005373
6041;1511;4;0.525347355;1;4.312279184
6042;1511;4;0.525347355;2;5.366393256
6043;1511;4;0.525347355;3;8.728381013
6044;1511;4;0.525347355;4;9.784353868
6045;1512;4;0.730185158;1;5.684405048
6046;1512;4;0.730185158;2;6.998785535
6047;1512;4;0.730185158;3;7.192306094
6048;1512;4;0.730185158;4;8.157275046
6049;1513;2;0.089960287;1;2.689365903
6050;1513;2;0.089960287;2;5.337812807
6051;1513;2;0.089960287;3;3.707674216
6052;1513;2;0.089960287;4;6.195285661
6053;1514;4;0.414574427;1;7.392690934
6054;1514;4;0.414574427;2;7.906626828
6055;1514;4;0.414574427;3;9.014228432
6056;1514;4;0.414574427;4;9.669541268
6057;1515;2;0.69703529;1;0.330083111
6058;1515;2;0.69703529;2;0.985407875
6059;1515;2;0.69703529;3;2.459979783
6060;1515;2;0.69703529;4;3.975923582
6061;1516;3;0.210688097;1;3.610012862
6062;1516;3;0.210688097;2;4.117216441
6063;1516;3;0.210688097;3;5.434625982
6064;1516;3;0.210688097;4;6.483902881
6065;1517;3;0.280365931;1;4.511623807
6066;1517;3;0.280365931;2;5.149962342
6067;1517;3;0.280365931;3;7.558631911
6068;1517;3;0.280365931;4;8.303258472
6069;1518;3;0.209824828;1;4.573360813
6070;1518;3;0.209824828;2;5.493350207
6071;1518;3;0.209824828;3;6.159402034
6072;1518;3;0.209824828;4;7.330633359
6073;1519;2;0.094054709;1;2.65742846
6074;1519;2;0.094054709;2;5.851443508
6075;1519;2;0.094054709;3;4.228876376
6076;1519;2;0.094054709;4;5.952827855
6077;1520;2;0.476691534;1;6.291971062
6078;1520;2;0.476691534;2;8.339657045
6079;1520;2;0.476691534;3;9.602087349
6080;1520;2;0.476691534;4;8.712290013
6081;1521;4;0.744848999;1;5.325404071
6082;1521;4;0.744848999;2;6.031903218
6083;1521;4;0.744848999;3;6.742548042
6084;1521;4;0.744848999;4;7.211755656
6085;1522;2;0.637025332;1;2.707816469
6086;1522;2;0.637025332;2;5.487419029
6087;1522;2;0.637025332;3;6.880501241
6088;1522;2;0.637025332;4;7.090900216
6089;1523;3;0.929833325;1;5.981076831
6090;1523;3;0.929833325;2;5.011924099
6091;1523;3;0.929833325;3;6.717698891
6092;1523;3;0.929833325;4;7.411700631
6093;1524;2;0.165965738;1;3.536176089
6094;1524;2;0.165965738;2;4.432041968
6095;1524;2;0.165965738;3;7.960470119
6096;1524;2;0.165965738;4;6.22319291
6097;1525;2;0.54162335;1;3.477462492
6098;1525;2;0.54162335;2;5.565546542
6099;1525;2;0.54162335;3;8.244414834
6100;1525;2;0.54162335;4;6.758058943
6101;1526;0;0;1;1.35675027
6102;1526;0;0;2;0.785376843
6103;1526;0;0;3;1.69781486
6104;1526;0;0;4;2.205709725
6105;1527;0;0;1;2.452199364
6106;1527;0;0;2;4.383693864
6107;1527;0;0;3;2.698480695
6108;1527;0;0;4;5.830978011
6109;1528;3;0.39223217;1;6.274696906
6110;1528;3;0.39223217;2;6.209763539
6111;1528;3;0.39223217;3;6.73771917
6112;1528;3;0.39223217;4;7.130232303
6113;1529;3;0.334226484;1;3.159176856
6114;1529;3;0.334226484;2;6.141087696
6115;1529;3;0.334226484;3;7.3116113
6116;1529;3;0.334226484;4;6.509923545
6117;1530;2;0.83761292;1;4.009006018
6118;1530;2;0.83761292;2;5.046478515
6119;1530;2;0.83761292;3;4.148408453
6120;1530;2;0.83761292;4;7.62584384
6121;1531;0;0;1;3.620521
6122;1531;0;0;2;1.547458234
6123;1531;0;0;3;3.632872975
6124;1531;0;0;4;8.334630968
6125;1532;2;0.947728581;1;4.271442139
6126;1532;2;0.947728581;2;4.918904403
6127;1532;2;0.947728581;3;3.775767383
6128;1532;2;0.947728581;4;6.474286879
6129;1533;3;0.871782932;1;2.073651598
6130;1533;3;0.871782932;2;4.899733359
6131;1533;3;0.871782932;3;4.73812362
6132;1533;3;0.871782932;4;5.46409935
6133;1534;4;0.600212011;1;3.504197242
6134;1534;4;0.600212011;2;5.451818622
6135;1534;4;0.600212011;3;5.109948921
6136;1534;4;0.600212011;4;7.524498047
6137;1535;3;0.376496549;1;5.241444955
6138;1535;3;0.376496549;2;7.113374084
6139;1535;3;0.376496549;3;8.038817137
6140;1535;3;0.376496549;4;9.236423378
6141;1536;2;0.974527468;1;2.836973364
6142;1536;2;0.974527468;2;3.584353465
6143;1536;2;0.974527468;3;4.986448849
6144;1536;2;0.974527468;4;5.523086871
6145;1537;4;0.754922297;1;4.305157326
6146;1537;4;0.754922297;2;4.930240585
6147;1537;4;0.754922297;3;7.818403226
6148;1537;4;0.754922297;4;8.569378065
6149;1538;2;0.319536778;1;4.038642721
6150;1538;2;0.319536778;2;2.472834799
6151;1538;2;0.319536778;3;5.067846178
6152;1538;2;0.319536778;4;6.755082239
6153;1539;0;0;1;0.050512521
6154;1539;0;0;2;2.897287607
6155;1539;0;0;3;3.164373692
6156;1539;0;0;4;5.870027112
6157;1540;3;0.846484646;1;4.125383078
6158;1540;3;0.846484646;2;4.777102276
6159;1540;3;0.846484646;3;6.010874746
6160;1540;3;0.846484646;4;7.410070295
6161;1541;0;0;1;0.438043861
6162;1541;0;0;2;-0.044083415
6163;1541;0;0;3;1.666695409
6164;1541;0;0;4;4.9545668
6165;1542;3;0.606446853;1;3.463864527
6166;1542;3;0.606446853;2;3.231208059
6167;1542;3;0.606446853;3;4.9083482
6168;1542;3;0.606446853;4;4.904170633
6169;1543;2;0.989799748;1;2.220481617
6170;1543;2;0.989799748;2;3.909954288
6171;1543;2;0.989799748;3;6.376276432
6172;1543;2;0.989799748;4;6.472027402
6173;1544;4;0.917353073;1;4.893777316
6174;1544;4;0.917353073;2;5.252699511
6175;1544;4;0.917353073;3;6.959487919
6176;1544;4;0.917353073;4;8.545785849
6177;1545;3;0.848672226;1;5.188877555
6178;1545;3;0.848672226;2;5.309913541
6179;1545;3;0.848672226;3;5.045783579
6180;1545;3;0.848672226;4;7.636804567
6181;1546;2;0.736527339;1;2.318908682
6182;1546;2;0.736527339;2;5.427920529
6183;1546;2;0.736527339;3;3.108824629
6184;1546;2;0.736527339;4;7.11601049
6185;1547;0;0;1;2.532514426
6186;1547;0;0;2;3.765681391
6187;1547;0;0;3;5.719562384
6188;1547;0;0;4;5.085368738
6189;1548;2;0.42147146;1;3.48397703
6190;1548;2;0.42147146;2;4.396280559
6191;1548;2;0.42147146;3;6.714525525
6192;1548;2;0.42147146;4;7.175668036
6193;1549;4;0.949605623;1;3.843425405
6194;1549;4;0.949605623;2;5.216937037
6195;1549;4;0.949605623;3;6.896808375
6196;1549;4;0.949605623;4;9.564934983
6197;1550;3;0.436302693;1;4.871474427
6198;1550;3;0.436302693;2;4.724324835
6199;1550;3;0.436302693;3;6.760541846
6200;1550;3;0.436302693;4;6.673458248
6201;1551;3;0.742148727;1;4.576951608
6202;1551;3;0.742148727;2;4.141307536
6203;1551;3;0.742148727;3;5.466247119
6204;1551;3;0.742148727;4;5.610679885
6205;1552;4;0.966560731;1;2.68266637
6206;1552;4;0.966560731;2;5.382242351
6207;1552;4;0.966560731;3;6.094505501
6208;1552;4;0.966560731;4;5.75794778
6209;1553;2;0.126094635;1;3.110115338
6210;1553;2;0.126094635;2;4.041920811
6211;1553;2;0.126094635;3;5.371678398
6212;1553;2;0.126094635;4;4.402627445
6213;1554;0;0;1;1.554128028
6214;1554;0;0;2;0.248099797
6215;1554;0;0;3;2.014970174
6216;1554;0;0;4;3.130903879
6217;1555;3;0.69570967;1;4.459650297
6218;1555;3;0.69570967;2;5.347578983
6219;1555;3;0.69570967;3;6.102648653
6220;1555;3;0.69570967;4;6.023911438
6221;1556;4;0.137814968;1;3.43814316
6222;1556;4;0.137814968;2;3.986767958
6223;1556;4;0.137814968;3;5.810097192
6224;1556;4;0.137814968;4;7.794135332
6225;1557;3;0.515089417;1;-0.411495308
6226;1557;3;0.515089417;2;3.566032973
6227;1557;3;0.515089417;3;4.838597307
6228;1557;3;0.515089417;4;2.942349932
6229;1558;2;0.669284128;1;3.514975583
6230;1558;2;0.669284128;2;3.679381574
6231;1558;2;0.669284128;3;3.105544623
6232;1558;2;0.669284128;4;5.537179126
6233;1559;3;0.184055874;1;5.837619126
6234;1559;3;0.184055874;2;7.197788567
6235;1559;3;0.184055874;3;6.616417033
6236;1559;3;0.184055874;4;9.163280094
6237;1560;2;0.520520926;1;0.9175095
6238;1560;2;0.520520926;2;5.090319336
6239;1560;2;0.520520926;3;5.634547798
6240;1560;2;0.520520926;4;5.990250451
6241;1561;0;0;1;-0.029263613
6242;1561;0;0;2;1.914571564
6243;1561;0;0;3;2.110376168
6244;1561;0;0;4;4.667968222
6245;1562;2;0.634424082;1;0.896573188
6246;1562;2;0.634424082;2;3.243206476
6247;1562;2;0.634424082;3;3.290158744
6248;1562;2;0.634424082;4;5.606336869
6249;1563;3;0.051168001;1;1.987938283
6250;1563;3;0.051168001;2;2.763278142
6251;1563;3;0.051168001;3;3.955980276
6252;1563;3;0.051168001;4;6.090964045
6253;1564;2;0.649180166;1;2.119442104
6254;1564;2;0.649180166;2;3.411908065
6255;1564;2;0.649180166;3;3.851547884
6256;1564;2;0.649180166;4;5.183862915
6257;1565;2;0.4001996;1;2.260891382
6258;1565;2;0.4001996;2;4.155143688
6259;1565;2;0.4001996;3;6.179107233
6260;1565;2;0.4001996;4;6.574313017
6261;1566;2;0.25501083;1;3.680509882
6262;1566;2;0.25501083;2;3.931328833
6263;1566;2;0.25501083;3;6.394752703
6264;1566;2;0.25501083;4;5.757773947
6265;1567;4;0.81451353;1;5.272937575
6266;1567;4;0.81451353;2;6.213965942
6267;1567;4;0.81451353;3;7.907588086
6268;1567;4;0.81451353;4;10.33062251
6269;1568;2;0.272351381;1;4.421082369
6270;1568;2;0.272351381;2;6.901843962
6271;1568;2;0.272351381;3;5.066961733
6272;1568;2;0.272351381;4;6.402704997
6273;1569;3;0.013485697;1;3.548476537
6274;1569;3;0.013485697;2;5.364482896
6275;1569;3;0.013485697;3;5.453280496
6276;1569;3;0.013485697;4;7.069350233
6277;1570;3;0.507569099;1;2.924050383
6278;1570;3;0.507569099;2;3.325700454
6279;1570;3;0.507569099;3;4.463245337
6280;1570;3;0.507569099;4;5.961622892
6281;1571;3;0.879219999;1;2.090648684
6282;1571;3;0.879219999;2;2.492167683
6283;1571;3;0.879219999;3;3.915600379
6284;1571;3;0.879219999;4;5.971506787
6285;1572;4;0.881792989;1;6.154967315
6286;1572;4;0.881792989;2;6.444454566
6287;1572;4;0.881792989;3;6.230267356
6288;1572;4;0.881792989;4;7.208603236
6289;1573;4;0.034288793;1;3.311401804
6290;1573;4;0.034288793;2;5.5181064
6291;1573;4;0.034288793;3;9.401536311
6292;1573;4;0.034288793;4;8.985539403
6293;1574;2;0.526093943;1;3.003804045
6294;1574;2;0.526093943;2;2.56262962
6295;1574;2;0.526093943;3;6.084110117
6296;1574;2;0.526093943;4;6.586968296
6297;1575;2;0.369204362;1;4.858814224
6298;1575;2;0.369204362;2;4.952530954
6299;1575;2;0.369204362;3;7.768350534
6300;1575;2;0.369204362;4;6.300127793
6301;1576;3;0.676338622;1;4.189594806
6302;1576;3;0.676338622;2;6.525088691
6303;1576;3;0.676338622;3;5.357568321
6304;1576;3;0.676338622;4;6.887086836
6305;1577;3;0.876007407;1;1.876786576
6306;1577;3;0.876007407;2;4.374218469
6307;1577;3;0.876007407;3;5.72978908
6308;1577;3;0.876007407;4;4.950170843
6309;1578;2;0.320711483;1;4.327813554
6310;1578;2;0.320711483;2;5.230928082
6311;1578;2;0.320711483;3;5.900305744
6312;1578;2;0.320711483;4;8.853601003
6313;1579;3;0.774477568;1;3.641819305
6314;1579;3;0.774477568;2;6.228084165
6315;1579;3;0.774477568;3;6.164861139
6316;1579;3;0.774477568;4;7.726315119
6317;1580;4;0.917786223;1;4.77975627
6318;1580;4;0.917786223;2;6.20482935
6319;1580;4;0.917786223;3;7.608664663
6320;1580;4;0.917786223;4;9.030137603
6321;1581;4;0.600742792;1;6.375342674
6322;1581;4;0.600742792;2;7.666163737
6323;1581;4;0.600742792;3;7.855496725
6324;1581;4;0.600742792;4;9.785554899
6325;1582;0;0;1;-1.035161741
6326;1582;0;0;2;0.818033227
6327;1582;0;0;3;1.626807526
6328;1582;0;0;4;3.729950182
6329;1583;3;0.494155465;1;5.356415294
6330;1583;3;0.494155465;2;5.882641688
6331;1583;3;0.494155465;3;7.402744572
6332;1583;3;0.494155465;4;7.341968839
6333;1584;4;0.07911967;1;5.130730038
6334;1584;4;0.07911967;2;6.8114885
6335;1584;4;0.07911967;3;7.977235817
6336;1584;4;0.07911967;4;9.828588751
6337;1585;2;0.653796766;1;3.559959904
6338;1585;2;0.653796766;2;3.617081312
6339;1585;2;0.653796766;3;4.314888257
6340;1585;2;0.653796766;4;6.603293328
6341;1586;0;0;1;1.397027348
6342;1586;0;0;2;2.041339935
6343;1586;0;0;3;2.323107533
6344;1586;0;0;4;5.172923903
6345;1587;4;0.347875255;1;3.779163499
6346;1587;4;0.347875255;2;7.166573833
6347;1587;4;0.347875255;3;8.83484365
6348;1587;4;0.347875255;4;8.903835398
6349;1588;4;0.484030929;1;3.371728936
6350;1588;4;0.484030929;2;6.813636473
6351;1588;4;0.484030929;3;8.46047759
6352;1588;4;0.484030929;4;4.680162039
6353;1589;4;0.478396824;1;4.438465292
6354;1589;4;0.478396824;2;4.976682091
6355;1589;4;0.478396824;3;6.515840206
6356;1589;4;0.478396824;4;6.668046807
6357;1590;3;0.678860258;1;2.821413902
6358;1590;3;0.678860258;2;3.480843522
6359;1590;3;0.678860258;3;4.227324308
6360;1590;3;0.678860258;4;5.710953703
6361;1591;4;0.503007578;1;6.678318452
6362;1591;4;0.503007578;2;7.293945369
6363;1591;4;0.503007578;3;6.776552227
6364;1591;4;0.503007578;4;10.17594177
6365;1592;2;0.709836133;1;6.788023819
6366;1592;2;0.709836133;2;7.225903283
6367;1592;2;0.709836133;3;5.029985208
6368;1592;2;0.709836133;4;8.141868888
6369;1593;0;0;1;0.086467815
6370;1593;0;0;2;3.827576684
6371;1593;0;0;3;2.655887027
6372;1593;0;0;4;4.737515892
6373;1594;2;0.058626478;1;5.159227988
6374;1594;2;0.058626478;2;6.942871226
6375;1594;2;0.058626478;3;7.538345439
6376;1594;2;0.058626478;4;6.545983347
6377;1595;3;0.883634341;1;4.445215354
6378;1595;3;0.883634341;2;6.070726577
6379;1595;3;0.883634341;3;5.08613351
6380;1595;3;0.883634341;4;4.398839774
6381;1596;0;0;1;-0.452639926
6382;1596;0;0;2;0.99990256
6383;1596;0;0;3;1.518941726
6384;1596;0;0;4;1.533513767
6385;1597;2;0.837855088;1;3.970897113
6386;1597;2;0.837855088;2;4.237025237
6387;1597;2;0.837855088;3;6.019259499
6388;1597;2;0.837855088;4;5.743431626
6389;1598;4;0.509822152;1;5.441051065
6390;1598;4;0.509822152;2;5.336451115
6391;1598;4;0.509822152;3;6.068370913
6392;1598;4;0.509822152;4;7.905719778
6393;1599;2;0.673155615;1;3.826504204
6394;1599;2;0.673155615;2;6.091741623
6395;1599;2;0.673155615;3;5.417867578
6396;1599;2;0.673155615;4;7.451740989
6397;1600;0;0;1;0.651512701
6398;1600;0;0;2;4.616532256
6399;1600;0;0;3;3.456844971
6400;1600;0;0;4;5.091209482
6401;1601;2;0.695990627;1;1.361692974
6402;1601;2;0.695990627;2;3.980943996
6403;1601;2;0.695990627;3;2.577917377
6404;1601;2;0.695990627;4;5.732642558
6405;1602;3;0.426634191;1;3.998413593
6406;1602;3;0.426634191;2;5.048975181
6407;1602;3;0.426634191;3;5.993359228
6408;1602;3;0.426634191;4;7.109721807
6409;1603;2;0.809638548;1;2.28837998
6410;1603;2;0.809638548;2;1.693484258
6411;1603;2;0.809638548;3;3.444765151
6412;1603;2;0.809638548;4;6.966138116
6413;1604;4;0.631051541;1;2.888342526
6414;1604;4;0.631051541;2;4.233468135
6415;1604;4;0.631051541;3;4.466713163
6416;1604;4;0.631051541;4;7.735172801
6417;1605;3;0.685093433;1;1.795063941
6418;1605;3;0.685093433;2;4.251015085
6419;1605;3;0.685093433;3;5.805015973
6420;1605;3;0.685093433;4;6.35457961
6421;1606;2;0.005254165;1;2.883141897
6422;1606;2;0.005254165;2;2.160207416
6423;1606;2;0.005254165;3;4.425936503
6424;1606;2;0.005254165;4;5.565202089
6425;1607;0;0;1;-2.434208579
6426;1607;0;0;2;1.340545816
6427;1607;0;0;3;2.555061123
6428;1607;0;0;4;4.623797238
6429;1608;2;0.008468071;1;4.852456352
6430;1608;2;0.008468071;2;6.81048721
6431;1608;2;0.008468071;3;6.802436517
6432;1608;2;0.008468071;4;8.71239131
6433;1609;3;0.832732235;1;5.577137007
6434;1609;3;0.832732235;2;3.417516864
6435;1609;3;0.832732235;3;8.015638922
6436;1609;3;0.832732235;4;9.041010268
6437;1610;4;0.926900887;1;4.34261251
6438;1610;4;0.926900887;2;5.743946647
6439;1610;4;0.926900887;3;5.936477951
6440;1610;4;0.926900887;4;5.867861292
6441;1611;0;0;1;1.864489493
6442;1611;0;0;2;1.634308584
6443;1611;0;0;3;3.210114855
6444;1611;0;0;4;3.495819079
6445;1612;2;0.077122424;1;4.223198681
6446;1612;2;0.077122424;2;4.882529083
6447;1612;2;0.077122424;3;6.115006341
6448;1612;2;0.077122424;4;6.499103857
6449;1613;2;0.314022531;1;3.484662819
6450;1613;2;0.314022531;2;4.307412137
6451;1613;2;0.314022531;3;5.779397252
6452;1613;2;0.314022531;4;7.353008208
6453;1614;3;0.357658877;1;2.904961906
6454;1614;3;0.357658877;2;3.874662767
6455;1614;3;0.357658877;3;5.475798763
6456;1614;3;0.357658877;4;5.395155195
6457;1615;3;0.355134492;1;2.167595264
6458;1615;3;0.355134492;2;3.286401974
6459;1615;3;0.355134492;3;6.196689579
6460;1615;3;0.355134492;4;4.639771241
6461;1616;2;0.675893177;1;4.65367483
6462;1616;2;0.675893177;2;4.358797674
6463;1616;2;0.675893177;3;6.33460446
6464;1616;2;0.675893177;4;6.613021261
6465;1617;4;0.175292966;1;5.115746596
6466;1617;4;0.175292966;2;8.451099057
6467;1617;4;0.175292966;3;7.097657618
6468;1617;4;0.175292966;4;8.667668559
6469;1618;4;0.209144444;1;7.284683588
6470;1618;4;0.209144444;2;7.18590481
6471;1618;4;0.209144444;3;4.763634768
6472;1618;4;0.209144444;4;7.520297938
6473;1619;3;0.064248071;1;6.807600182
6474;1619;3;0.064248071;2;5.8589352
6475;1619;3;0.064248071;3;7.625491043
6476;1619;3;0.064248071;4;7.807395599
6477;1620;4;0.447672566;1;5.835435987
6478;1620;4;0.447672566;2;4.426016633
6479;1620;4;0.447672566;3;7.500911082
6480;1620;4;0.447672566;4;7.836362461
6481;1621;0;0;1;0.517336858
6482;1621;0;0;2;2.507708622
6483;1621;0;0;3;3.079167639
6484;1621;0;0;4;5.197478487
6485;1622;4;0.275593297;1;4.223311712
6486;1622;4;0.275593297;2;2.497996651
6487;1622;4;0.275593297;3;4.435293459
6488;1622;4;0.275593297;4;4.114335807
6489;1623;0;0;1;5.194238245
6490;1623;0;0;2;3.194237998
6491;1623;0;0;3;4.669054546
6492;1623;0;0;4;7.337267562
6493;1624;0;0;1;1.356595342
6494;1624;0;0;2;1.022637821
6495;1624;0;0;3;3.721353102
6496;1624;0;0;4;3.68951835
6497;1625;3;0.931914073;1;3.807104763
6498;1625;3;0.931914073;2;2.472907355
6499;1625;3;0.931914073;3;2.986675
6500;1625;3;0.931914073;4;4.113263424
6501;1626;3;0.699784245;1;4.102560455
6502;1626;3;0.699784245;2;6.66680618
6503;1626;3;0.699784245;3;6.286238693
6504;1626;3;0.699784245;4;9.090460293
6505;1627;2;0.729884819;1;2.995203528
6506;1627;2;0.729884819;2;4.198023703
6507;1627;2;0.729884819;3;3.997675652
6508;1627;2;0.729884819;4;5.580935601
6509;1628;2;0.835655858;1;4.499701732
6510;1628;2;0.835655858;2;5.602823373
6511;1628;2;0.835655858;3;8.794942676
6512;1628;2;0.835655858;4;7.388496517
6513;1629;0;0;1;0.259679435
6514;1629;0;0;2;1.877436253
6515;1629;0;0;3;2.701160788
6516;1629;0;0;4;5.067169463
6517;1630;4;0.978966179;1;5.448588567
6518;1630;4;0.978966179;2;8.115419249
6519;1630;4;0.978966179;3;8.357621636
6520;1630;4;0.978966179;4;9.035768114
6521;1631;3;0.225960537;1;4.314514716
6522;1631;3;0.225960537;2;4.77700987
6523;1631;3;0.225960537;3;4.991478659
6524;1631;3;0.225960537;4;7.6328352
6525;1632;0;0;1;2.602776507
6526;1632;0;0;2;5.61349269
6527;1632;0;0;3;4.065797769
6528;1632;0;0;4;6.987740263
6529;1633;4;0.067556942;1;3.047564123
6530;1633;4;0.067556942;2;3.386269259
6531;1633;4;0.067556942;3;5.730986262
6532;1633;4;0.067556942;4;7.76859193
6533;1634;3;0.976487395;1;4.871463572
6534;1634;3;0.976487395;2;5.680774771
6535;1634;3;0.976487395;3;7.097402594
6536;1634;3;0.976487395;4;7.530659857
6537;1635;3;0.322660713;1;3.83331651
6538;1635;3;0.322660713;2;6.265082655
6539;1635;3;0.322660713;3;5.332795825
6540;1635;3;0.322660713;4;6.850994018
6541;1636;0;0;1;3.358616339
6542;1636;0;0;2;3.296209375
6543;1636;0;0;3;3.927065272
6544;1636;0;0;4;3.889292229
6545;1637;3;0.56278738;1;5.042572145
6546;1637;3;0.56278738;2;7.691658195
6547;1637;3;0.56278738;3;6.120359154
6548;1637;3;0.56278738;4;8.193562233
6549;1638;3;0.338583625;1;4.286287799
6550;1638;3;0.338583625;2;3.19313573
6551;1638;3;0.338583625;3;4.339208723
6552;1638;3;0.338583625;4;5.677778778
6553;1639;2;0.341366989;1;2.714919757
6554;1639;2;0.341366989;2;3.442278629
6555;1639;2;0.341366989;3;3.898137302
6556;1639;2;0.341366989;4;4.661832536
6557;1640;0;0;1;1.724863836
6558;1640;0;0;2;5.206146323
6559;1640;0;0;3;5.366262261
6560;1640;0;0;4;6.370792958
6561;1641;2;0.849481993;1;6.036995671
6562;1641;2;0.849481993;2;6.956495751
6563;1641;2;0.849481993;3;6.585777196
6564;1641;2;0.849481993;4;8.044086541
6565;1642;2;0.458758139;1;7.089995406
6566;1642;2;0.458758139;2;8.250674379
6567;1642;2;0.458758139;3;8.82466751
6568;1642;2;0.458758139;4;9.979486681
6569;1643;0;0;1;0.663153575
6570;1643;0;0;2;1.405444945
6571;1643;0;0;3;4.229855717
6572;1643;0;0;4;3.08140817
6573;1644;2;0.276928888;1;5.271042163
6574;1644;2;0.276928888;2;4.715528989
6575;1644;2;0.276928888;3;6.313876273
6576;1644;2;0.276928888;4;8.48882907
6577;1645;2;0.267570373;1;3.233688267
6578;1645;2;0.267570373;2;2.73194769
6579;1645;2;0.267570373;3;4.188038869
6580;1645;2;0.267570373;4;5.433358748
6581;1646;0;0;1;-0.723250709
6582;1646;0;0;2;1.035005735
6583;1646;0;0;3;2.266311867
6584;1646;0;0;4;4.337462241
6585;1647;4;0.926255422;1;7.676628728
6586;1647;4;0.926255422;2;5.135383969
6587;1647;4;0.926255422;3;10.3920819
6588;1647;4;0.926255422;4;7.324641296
6589;1648;0;0;1;0.703274751
6590;1648;0;0;2;2.300738616
6591;1648;0;0;3;4.256079961
6592;1648;0;0;4;5.630355178
6593;1649;0;0;1;-0.407470283
6594;1649;0;0;2;1.193448224
6595;1649;0;0;3;2.31986394
6596;1649;0;0;4;3.183419843
6597;1650;2;0.768806936;1;4.041965854
6598;1650;2;0.768806936;2;3.517480958
6599;1650;2;0.768806936;3;4.093895588
6600;1650;2;0.768806936;4;5.969991684
6601;1651;0;0;1;0.042656029
6602;1651;0;0;2;1.951964308
6603;1651;0;0;3;-0.072165064
6604;1651;0;0;4;2.880236915
6605;1652;4;0.944280085;1;4.758569369
6606;1652;4;0.944280085;2;6.323526375
6607;1652;4;0.944280085;3;7.610344247
6608;1652;4;0.944280085;4;8.716604098
6609;1653;3;0.59345301;1;4.136543456
6610;1653;3;0.59345301;2;5.179194807
6611;1653;3;0.59345301;3;7.164942813
6612;1653;3;0.59345301;4;8.100696576
6613;1654;3;0.458647563;1;2.898838561
6614;1654;3;0.458647563;2;6.695399397
6615;1654;3;0.458647563;3;8.1424737
6616;1654;3;0.458647563;4;7.837596599
6617;1655;3;0.669994339;1;2.834493597
6618;1655;3;0.669994339;2;4.373701647
6619;1655;3;0.669994339;3;5.871454576
6620;1655;3;0.669994339;4;7.809481681
6621;1656;3;0.331465721;1;4.578936762
6622;1656;3;0.331465721;2;5.456604965
6623;1656;3;0.331465721;3;7.464094126
6624;1656;3;0.331465721;4;6.77037242
6625;1657;2;0.045328268;1;2.841640126
6626;1657;2;0.045328268;2;7.054823748
6627;1657;2;0.045328268;3;7.407568264
6628;1657;2;0.045328268;4;7.59775833
6629;1658;0;0;1;-1.230049116
6630;1658;0;0;2;1.563265052
6631;1658;0;0;3;1.652544373
6632;1658;0;0;4;4.081780153
6633;1659;3;0.473378875;1;4.167692098
6634;1659;3;0.473378875;2;4.037186441
6635;1659;3;0.473378875;3;7.174738029
6636;1659;3;0.473378875;4;5.728607696
6637;1660;0;0;1;0.610276423
6638;1660;0;0;2;2.356766053
6639;1660;0;0;3;1.682093999
6640;1660;0;0;4;4.728551144
6641;1661;3;0.037289685;1;4.993389449
6642;1661;3;0.037289685;2;4.132783448
6643;1661;3;0.037289685;3;5.754427865
6644;1661;3;0.037289685;4;7.087629713
6645;1662;2;0.180996075;1;2.49979451
6646;1662;2;0.180996075;2;3.55423285
6647;1662;2;0.180996075;3;2.704961881
6648;1662;2;0.180996075;4;5.359121921
6649;1663;4;0.561826166;1;5.150135315
6650;1663;4;0.561826166;2;6.786280214
6651;1663;4;0.561826166;3;6.064871771
6652;1663;4;0.561826166;4;8.208415865
6653;1664;3;0.454768321;1;4.204093422
6654;1664;3;0.454768321;2;3.196547962
6655;1664;3;0.454768321;3;6.441854614
6656;1664;3;0.454768321;4;5.229225162
6657;1665;3;0.418866117;1;3.070141227
6658;1665;3;0.418866117;2;4.37030999
6659;1665;3;0.418866117;3;4.453563812
6660;1665;3;0.418866117;4;7.127066124
6661;1666;4;0.968426196;1;3.987930383
6662;1666;4;0.968426196;2;2.590526125
6663;1666;4;0.968426196;3;8.436170121
6664;1666;4;0.968426196;4;4.655321278
6665;1667;4;0.287903182;1;6.509699463
6666;1667;4;0.287903182;2;6.542685907
6667;1667;4;0.287903182;3;8.584952251
6668;1667;4;0.287903182;4;10.2280619
6669;1668;2;0.187491584;1;2.760107086
6670;1668;2;0.187491584;2;2.587002513
6671;1668;2;0.187491584;3;3.466134387
6672;1668;2;0.187491584;4;5.826951924
6673;1669;0;0;1;0.056561057
6674;1669;0;0;2;-0.06536728
6675;1669;0;0;3;3.063472832
6676;1669;0;0;4;3.841631853
6677;1670;2;0.547825023;1;2.193081262
6678;1670;2;0.547825023;2;3.850477905
6679;1670;2;0.547825023;3;4.151501075
6680;1670;2;0.547825023;4;3.797290424
6681;1671;0;0;1;1.709239563
6682;1671;0;0;2;2.493481603
6683;1671;0;0;3;4.14436484
6684;1671;0;0;4;4.3338236
6685;1672;3;0.280281804;1;2.697076041
6686;1672;3;0.280281804;2;4.379455931
6687;1672;3;0.280281804;3;5.759047977
6688;1672;3;0.280281804;4;5.561068232
6689;1673;0;0;1;-1.341083158
6690;1673;0;0;2;-0.032092961
6691;1673;0;0;3;2.472892272
6692;1673;0;0;4;3.190549449
6693;1674;3;0.623420349;1;4.407213682
6694;1674;3;0.623420349;2;3.048308319
6695;1674;3;0.623420349;3;5.464518181
6696;1674;3;0.623420349;4;6.89070042
6697;1675;4;0.937229951;1;4.706564259
6698;1675;4;0.937229951;2;5.068647408
6699;1675;4;0.937229951;3;6.390252003
6700;1675;4;0.937229951;4;6.603594946
6701;1676;2;0.107683897;1;1.681049097
6702;1676;2;0.107683897;2;4.508595927
6703;1676;2;0.107683897;3;5.267664392
6704;1676;2;0.107683897;4;7.311000304
6705;1677;3;0.754577074;1;4.486305894
6706;1677;3;0.754577074;2;6.870330879
6707;1677;3;0.754577074;3;5.264168569
6708;1677;3;0.754577074;4;8.052446637
6709;1678;2;0.077453469;1;3.852890644
6710;1678;2;0.077453469;2;4.414957303
6711;1678;2;0.077453469;3;5.448228925
6712;1678;2;0.077453469;4;7.280436984
6713;1679;3;0.962913781;1;3.540389746
6714;1679;3;0.962913781;2;5.642613875
6715;1679;3;0.962913781;3;6.211702543
6716;1679;3;0.962913781;4;6.13242457
6717;1680;2;0.780884522;1;1.841160995
6718;1680;2;0.780884522;2;5.108489292
6719;1680;2;0.780884522;3;5.315065404
6720;1680;2;0.780884522;4;4.721705952
6721;1681;2;0.660173212;1;0.255321434
6722;1681;2;0.660173212;2;2.188387967
6723;1681;2;0.660173212;3;4.160759266
6724;1681;2;0.660173212;4;3.507531922
6725;1682;4;0.458379729;1;3.335786923
6726;1682;4;0.458379729;2;6.038737209
6727;1682;4;0.458379729;3;7.305446537
6728;1682;4;0.458379729;4;8.145424159
6729;1683;4;0.786797726;1;6.408277879
6730;1683;4;0.786797726;2;5.344095895
6731;1683;4;0.786797726;3;8.64926249
6732;1683;4;0.786797726;4;7.972573253
6733;1684;3;0.176492326;1;4.997326971
6734;1684;3;0.176492326;2;3.082562665
6735;1684;3;0.176492326;3;5.908348849
6736;1684;3;0.176492326;4;7.306333152
6737;1685;3;0.996565441;1;2.948775898
6738;1685;3;0.996565441;2;3.322631793
6739;1685;3;0.996565441;3;5.82537943
6740;1685;3;0.996565441;4;5.743589489
6741;1686;3;0.650288775;1;1.045899127
6742;1686;3;0.650288775;2;4.886797825
6743;1686;3;0.650288775;3;5.08360705
6744;1686;3;0.650288775;4;5.163131769
6745;1687;4;0.045242871;1;4.189354405
6746;1687;4;0.045242871;2;4.757148426
6747;1687;4;0.045242871;3;5.338800867
6748;1687;4;0.045242871;4;7.672747333
6749;1688;3;0.848781425;1;4.258453806
6750;1688;3;0.848781425;2;6.247696171
6751;1688;3;0.848781425;3;5.904448161
6752;1688;3;0.848781425;4;6.621877917
6753;1689;3;0.01805979;1;4.335861021
6754;1689;3;0.01805979;2;7.665734364
6755;1689;3;0.01805979;3;4.709683943
6756;1689;3;0.01805979;4;7.173634721
6757;1690;4;0.744274198;1;6.960299756
6758;1690;4;0.744274198;2;5.928269544
6759;1690;4;0.744274198;3;7.685585927
6760;1690;4;0.744274198;4;9.6107904
6761;1691;2;0.148237493;1;1.560350713
6762;1691;2;0.148237493;2;3.514914755
6763;1691;2;0.148237493;3;4.871959753
6764;1691;2;0.148237493;4;3.76204064
6765;1692;2;0.963920513;1;1.986411674
6766;1692;2;0.963920513;2;2.295658777
6767;1692;2;0.963920513;3;4.937519392
6768;1692;2;0.963920513;4;5.115745586
6769;1693;4;0.844497998;1;5.245328961
6770;1693;4;0.844497998;2;6.87318962
6771;1693;4;0.844497998;3;6.856694154
6772;1693;4;0.844497998;4;7.680453267
6773;1694;4;0.659888781;1;5.381689831
6774;1694;4;0.659888781;2;5.788260153
6775;1694;4;0.659888781;3;8.58987483
6776;1694;4;0.659888781;4;7.532630161
6777;1695;2;0.079655427;1;1.527518998
6778;1695;2;0.079655427;2;2.135835751
6779;1695;2;0.079655427;3;4.508114149
6780;1695;2;0.079655427;4;4.619688438
6781;1696;4;0.302551831;1;3.729881815
6782;1696;4;0.302551831;2;4.52833247
6783;1696;4;0.302551831;3;5.208838293
6784;1696;4;0.302551831;4;5.271235762
6785;1697;0;0;1;-1.232995597
6786;1697;0;0;2;2.124734065
6787;1697;0;0;3;2.834278127
6788;1697;0;0;4;4.963527366
6789;1698;3;0.216783429;1;4.451469628
6790;1698;3;0.216783429;2;2.861613166
6791;1698;3;0.216783429;3;4.366299601
6792;1698;3;0.216783429;4;6.045564534
6793;1699;2;0.908644776;1;3.158508021
6794;1699;2;0.908644776;2;4.010070642
6795;1699;2;0.908644776;3;3.946505099
6796;1699;2;0.908644776;4;5.491866732
6797;1700;2;0.657954276;1;3.22606266
6798;1700;2;0.657954276;2;4.008267516
6799;1700;2;0.657954276;3;4.601724053
6800;1700;2;0.657954276;4;7.397778825
6801;1701;3;0.990699986;1;4.777649292
6802;1701;3;0.990699986;2;5.353225579
6803;1701;3;0.990699986;3;8.238385356
6804;1701;3;0.990699986;4;8.196503322
6805;1702;3;0.79739324;1;4.77169118
6806;1702;3;0.79739324;2;6.223999793
6807;1702;3;0.79739324;3;7.231926304
6808;1702;3;0.79739324;4;6.508322354
6809;1703;4;0.020245715;1;3.776264796
6810;1703;4;0.020245715;2;6.331484496
6811;1703;4;0.020245715;3;5.356469711
6812;1703;4;0.020245715;4;6.646901556
6813;1704;2;0.363026972;1;2.795643562
6814;1704;2;0.363026972;2;5.627963733
6815;1704;2;0.363026972;3;5.340709246
6816;1704;2;0.363026972;4;5.189812622
6817;1705;2;0.18311093;1;4.082927093
6818;1705;2;0.18311093;2;5.026339688
6819;1705;2;0.18311093;3;6.245094095
6820;1705;2;0.18311093;4;7.908375702
6821;1706;4;0.331580022;1;4.514919226
6822;1706;4;0.331580022;2;6.100173531
6823;1706;4;0.331580022;3;6.111528782
6824;1706;4;0.331580022;4;6.718637061
6825;1707;0;0;1;0.260679519
6826;1707;0;0;2;1.637564764
6827;1707;0;0;3;3.964367477
6828;1707;0;0;4;1.54691706
6829;1708;4;0.676332459;1;3.515388034
6830;1708;4;0.676332459;2;5.429429333
6831;1708;4;0.676332459;3;5.317721048
6832;1708;4;0.676332459;4;8.368153986
6833;1709;2;0.459033685;1;3.016332891
6834;1709;2;0.459033685;2;4.509655005
6835;1709;2;0.459033685;3;4.939943651
6836;1709;2;0.459033685;4;7.884842518
6837;1710;2;0.270159383;1;2.992462211
6838;1710;2;0.270159383;2;5.177928268
6839;1710;2;0.270159383;3;4.517960091
6840;1710;2;0.270159383;4;5.618258563
6841;1711;3;0.813207302;1;2.803618104
6842;1711;3;0.813207302;2;4.884877775
6843;1711;3;0.813207302;3;5.435306234
6844;1711;3;0.813207302;4;5.467807491
6845;1712;4;0.818356787;1;5.811902669
6846;1712;4;0.818356787;2;5.414414487
6847;1712;4;0.818356787;3;9.931150069
6848;1712;4;0.818356787;4;5.87629936
6849;1713;4;0.13750106;1;4.689297595
6850;1713;4;0.13750106;2;6.907853737
6851;1713;4;0.13750106;3;5.889272005
6852;1713;4;0.13750106;4;6.535074755
6853;1714;3;0.780308104;1;3.812825846
6854;1714;3;0.780308104;2;4.698788641
6855;1714;3;0.780308104;3;5.691192105
6856;1714;3;0.780308104;4;7.371376879
6857;1715;3;0.678797584;1;3.581635638
6858;1715;3;0.678797584;2;6.319119565
6859;1715;3;0.678797584;3;5.360656129
6860;1715;3;0.678797584;4;7.745983323
6861;1716;4;0.02947778;1;6.451930628
6862;1716;4;0.02947778;2;8.992564871
6863;1716;4;0.02947778;3;7.200383097
6864;1716;4;0.02947778;4;7.757271984
6865;1717;2;0.553174597;1;3.50068602
6866;1717;2;0.553174597;2;4.021953791
6867;1717;2;0.553174597;3;2.378701243
6868;1717;2;0.553174597;4;4.969431893
6869;1718;2;0.895011885;1;5.838788023
6870;1718;2;0.895011885;2;4.992762936
6871;1718;2;0.895011885;3;5.241146367
6872;1718;2;0.895011885;4;8.188693164
6873;1719;4;0.547767852;1;5.022594185
6874;1719;4;0.547767852;2;6.065476636
6875;1719;4;0.547767852;3;6.134632224
6876;1719;4;0.547767852;4;8.314223273
6877;1720;2;0.479709097;1;5.21454897
6878;1720;2;0.479709097;2;7.200872836
6879;1720;2;0.479709097;3;7.332791868
6880;1720;2;0.479709097;4;8.33971898
6881;1721;3;0.898211887;1;1.518404065
6882;1721;3;0.898211887;2;4.538236338
6883;1721;3;0.898211887;3;6.097483543
6884;1721;3;0.898211887;4;6.897504417
6885;1722;3;0.21216684;1;5.176597486
6886;1722;3;0.21216684;2;4.235685149
6887;1722;3;0.21216684;3;9.339479377
6888;1722;3;0.21216684;4;8.835559368
6889;1723;4;0.299112233;1;6.586461625
6890;1723;4;0.299112233;2;5.433226715
6891;1723;4;0.299112233;3;6.874132002
6892;1723;4;0.299112233;4;9.535818052
6893;1724;4;0.222679651;1;4.49194835
6894;1724;4;0.222679651;2;6.377486736
6895;1724;4;0.222679651;3;5.895819821
6896;1724;4;0.222679651;4;7.921606217
6897;1725;3;0.637456259;1;4.777228787
6898;1725;3;0.637456259;2;4.126945815
6899;1725;3;0.637456259;3;6.508584912
6900;1725;3;0.637456259;4;7.608376234
6901;1726;2;0.167257498;1;0.870990161
6902;1726;2;0.167257498;2;2.71870779
6903;1726;2;0.167257498;3;3.597026526
6904;1726;2;0.167257498;4;4.61491034
6905;1727;2;0.101904979;1;2.203611179
6906;1727;2;0.101904979;2;3.560718153
6907;1727;2;0.101904979;3;6.110483429
6908;1727;2;0.101904979;4;6.897065616
6909;1728;4;0.423973679;1;6.309176242
6910;1728;4;0.423973679;2;5.733777494
6911;1728;4;0.423973679;3;6.320697591
6912;1728;4;0.423973679;4;7.785048796
6913;1729;3;0.43751277;1;5.086733487
6914;1729;3;0.43751277;2;6.242725841
6915;1729;3;0.43751277;3;7.036567618
6916;1729;3;0.43751277;4;8.038971742
6917;1730;4;0.058167093;1;5.96944202
6918;1730;4;0.058167093;2;7.047380189
6919;1730;4;0.058167093;3;8.140494093
6920;1730;4;0.058167093;4;7.133734369
6921;1731;4;0.048014099;1;5.462647241
6922;1731;4;0.048014099;2;6.314851973
6923;1731;4;0.048014099;3;8.590314378
6924;1731;4;0.048014099;4;8.893902188
6925;1732;4;0.474167369;1;2.739395561
6926;1732;4;0.474167369;2;3.514244126
6927;1732;4;0.474167369;3;5.738195434
6928;1732;4;0.474167369;4;6.643548375
6929;1733;4;0.254048473;1;3.121518466
6930;1733;4;0.254048473;2;5.187735399
6931;1733;4;0.254048473;3;4.934671856
6932;1733;4;0.254048473;4;5.135867306
6933;1734;0;0;1;-1.066056547
6934;1734;0;0;2;2.030099612
6935;1734;0;0;3;4.153600827
6936;1734;0;0;4;4.494924625
6937;1735;3;0.532410369;1;3.525915055
6938;1735;3;0.532410369;2;2.857386974
6939;1735;3;0.532410369;3;5.032215248
6940;1735;3;0.532410369;4;7.265997696
6941;1736;3;0.08855083;1;5.567143345
6942;1736;3;0.08855083;2;7.645287925
6943;1736;3;0.08855083;3;6.876784307
6944;1736;3;0.08855083;4;8.57702147
6945;1737;2;0.824874481;1;2.49348019
6946;1737;2;0.824874481;2;5.995334831
6947;1737;2;0.824874481;3;6.946696109
6948;1737;2;0.824874481;4;7.783634752
6949;1738;4;0.337064846;1;5.702238744
6950;1738;4;0.337064846;2;7.041628111
6951;1738;4;0.337064846;3;6.651657657
6952;1738;4;0.337064846;4;7.433811728
6953;1739;0;0;1;1.266573725
6954;1739;0;0;2;1.895007622
6955;1739;0;0;3;3.590103127
6956;1739;0;0;4;4.289697275
6957;1740;0;0;1;0.473189063
6958;1740;0;0;2;1.780994769
6959;1740;0;0;3;2.954333309
6960;1740;0;0;4;2.524824187
6961;1741;3;0.523422174;1;3.285038103
6962;1741;3;0.523422174;2;3.920392822
6963;1741;3;0.523422174;3;5.007739908
6964;1741;3;0.523422174;4;5.819168158
6965;1742;3;0.872888634;1;3.294840854
6966;1742;3;0.872888634;2;4.99909544
6967;1742;3;0.872888634;3;4.36740865
6968;1742;3;0.872888634;4;7.424303462
6969;1743;2;0.859588321;1;2.868549542
6970;1743;2;0.859588321;2;2.710232163
6971;1743;2;0.859588321;3;3.572126524
6972;1743;2;0.859588321;4;5.576945884
6973;1744;2;0.606147936;1;1.477870921
6974;1744;2;0.606147936;2;4.300668355
6975;1744;2;0.606147936;3;3.953120737
6976;1744;2;0.606147936;4;4.848838983
6977;1745;3;0.056266177;1;5.991487468
6978;1745;3;0.056266177;2;6.909391955
6979;1745;3;0.056266177;3;7.42428287
6980;1745;3;0.056266177;4;6.748452017
6981;1746;0;0;1;2.015310545
6982;1746;0;0;2;0.504203822
6983;1746;0;0;3;3.515459651
6984;1746;0;0;4;4.951744257
6985;1747;4;0.493789017;1;2.417640908
6986;1747;4;0.493789017;2;3.060123883
6987;1747;4;0.493789017;3;4.894372798
6988;1747;4;0.493789017;4;7.286452714
6989;1748;3;0.858228603;1;4.799879667
6990;1748;3;0.858228603;2;4.757320378
6991;1748;3;0.858228603;3;6.671057276
6992;1748;3;0.858228603;4;8.741745858
6993;1749;2;0.488150487;1;2.129144101
6994;1749;2;0.488150487;2;3.079349544
6995;1749;2;0.488150487;3;4.927096969
6996;1749;2;0.488150487;4;6.086881836
6997;1750;4;0.107175546;1;4.329387212
6998;1750;4;0.107175546;2;4.670682889
6999;1750;4;0.107175546;3;5.5997202
7000;1750;4;0.107175546;4;6.807303338
7001;1751;0;0;1;1.211074686
7002;1751;0;0;2;2.037060097
7003;1751;0;0;3;3.787036673
7004;1751;0;0;4;3.438677213
7005;1752;4;0.600679736;1;4.819535018
7006;1752;4;0.600679736;2;7.157398401
7007;1752;4;0.600679736;3;8.02369301
7008;1752;4;0.600679736;4;7.933842653
7009;1753;4;0.483054169;1;6.240970323
7010;1753;4;0.483054169;2;5.085923609
7011;1753;4;0.483054169;3;5.382678978
7012;1753;4;0.483054169;4;7.519880828
7013;1754;0;0;1;-1.462775574
7014;1754;0;0;2;1.755515738
7015;1754;0;0;3;1.056054484
7016;1754;0;0;4;3.268271998
7017;1755;0;0;1;-0.306656373
7018;1755;0;0;2;0.841395086
7019;1755;0;0;3;2.133890166
7020;1755;0;0;4;3.87668062
7021;1756;4;0.925535591;1;7.846124464
7022;1756;4;0.925535591;2;7.068429444
7023;1756;4;0.925535591;3;8.526913404
7024;1756;4;0.925535591;4;7.921262406
7025;1757;0;0;1;1.951391016
7026;1757;0;0;2;1.951675639
7027;1757;0;0;3;3.485479413
7028;1757;0;0;4;4.523383561
7029;1758;2;0.257169488;1;3.00231494
7030;1758;2;0.257169488;2;7.56459729
7031;1758;2;0.257169488;3;7.238369196
7032;1758;2;0.257169488;4;7.633627542
7033;1759;3;0.261156888;1;7.340711592
7034;1759;3;0.261156888;2;7.034546081
7035;1759;3;0.261156888;3;7.605592631
7036;1759;3;0.261156888;4;9.55983298
7037;1760;0;0;1;0.608226174
7038;1760;0;0;2;0.306537505
7039;1760;0;0;3;3.632280637
7040;1760;0;0;4;3.575620816
7041;1761;3;0.881697092;1;5.678230946
7042;1761;3;0.881697092;2;5.768141116
7043;1761;3;0.881697092;3;7.300554235
7044;1761;3;0.881697092;4;6.454751096
7045;1762;2;0.730259797;1;2.453119924
7046;1762;2;0.730259797;2;2.690754708
7047;1762;2;0.730259797;3;5.063543834
7048;1762;2;0.730259797;4;5.952819099
7049;1763;2;0.974828414;1;1.447171243
7050;1763;2;0.974828414;2;3.173575753
7051;1763;2;0.974828414;3;4.052557529
7052;1763;2;0.974828414;4;6.012821439
7053;1764;3;0.528577167;1;5.582799967
7054;1764;3;0.528577167;2;5.412546084
7055;1764;3;0.528577167;3;5.256941803
7056;1764;3;0.528577167;4;7.937658029
7057;1765;3;0.922230162;1;6.58767421
7058;1765;3;0.922230162;2;5.945539151
7059;1765;3;0.922230162;3;7.363622136
7060;1765;3;0.922230162;4;6.965982441
7061;1766;4;0.854034651;1;2.353106233
7062;1766;4;0.854034651;2;3.682969063
7063;1766;4;0.854034651;3;4.504417605
7064;1766;4;0.854034651;4;6.259788759
7065;1767;0;0;1;2.010434995
7066;1767;0;0;2;0.540553953
7067;1767;0;0;3;3.338344801
7068;1767;0;0;4;5.335313328
7069;1768;4;0.857955894;1;6.644521717
7070;1768;4;0.857955894;2;6.183748696
7071;1768;4;0.857955894;3;7.058589293
7072;1768;4;0.857955894;4;8.417064219
7073;1769;0;0;1;-0.276249138
7074;1769;0;0;2;0.190931577
7075;1769;0;0;3;0.722109023
7076;1769;0;0;4;4.239077063
7077;1770;4;0.309963298;1;4.724905275
7078;1770;4;0.309963298;2;6.36285983
7079;1770;4;0.309963298;3;6.221030548
7080;1770;4;0.309963298;4;7.099964993
7081;1771;0;0;1;1.999454757
7082;1771;0;0;2;2.189920088
7083;1771;0;0;3;3.212880243
7084;1771;0;0;4;4.067406089
7085;1772;2;0.13771205;1;3.76683736
7086;1772;2;0.13771205;2;5.358732993
7087;1772;2;0.13771205;3;2.047069564
7088;1772;2;0.13771205;4;5.347506501
7089;1773;2;0.33111789;1;4.166381542
7090;1773;2;0.33111789;2;6.665200948
7091;1773;2;0.33111789;3;6.307658102
7092;1773;2;0.33111789;4;8.578474653
7093;1774;4;0.770418465;1;5.159135304
7094;1774;4;0.770418465;2;4.153101777
7095;1774;4;0.770418465;3;4.611556314
7096;1774;4;0.770418465;4;7.562397501
7097;1775;0;0;1;0.122222992
7098;1775;0;0;2;1.829492978
7099;1775;0;0;3;2.491783363
7100;1775;0;0;4;4.225567268
7101;1776;4;0.696981818;1;5.054004843
7102;1776;4;0.696981818;2;4.594088318
7103;1776;4;0.696981818;3;6.624035796
7104;1776;4;0.696981818;4;6.204799142
7105;1777;0;0;1;0.856336104
7106;1777;0;0;2;0.035609065
7107;1777;0;0;3;4.116592603
7108;1777;0;0;4;3.081507753
7109;1778;4;0.689525607;1;3.65243077
7110;1778;4;0.689525607;2;6.069099395
7111;1778;4;0.689525607;3;5.082690691
7112;1778;4;0.689525607;4;5.126059882
7113;1779;4;0.172412844;1;4.460183487
7114;1779;4;0.172412844;2;4.045097281
7115;1779;4;0.172412844;3;7.433541173
7116;1779;4;0.172412844;4;7.425437572
7117;1780;0;0;1;1.756830868
7118;1780;0;0;2;4.279741293
7119;1780;0;0;3;3.744490769
7120;1780;0;0;4;6.881956956
7121;1781;2;0.049515796;1;4.424143538
7122;1781;2;0.049515796;2;5.136427617
7123;1781;2;0.049515796;3;4.951728028
7124;1781;2;0.049515796;4;7.14184859
7125;1782;0;0;1;-0.76581977
7126;1782;0;0;2;2.241817049
7127;1782;0;0;3;3.500782421
7128;1782;0;0;4;3.925010826
7129;1783;0;0;1;2.050758256
7130;1783;0;0;2;4.472890349
7131;1783;0;0;3;4.420180002
7132;1783;0;0;4;4.037890953
7133;1784;3;0.670435969;1;6.729593354
7134;1784;3;0.670435969;2;6.122867808
7135;1784;3;0.670435969;3;3.343222719
7136;1784;3;0.670435969;4;8.668734898
7137;1785;0;0;1;1.614585254
7138;1785;0;0;2;2.586583227
7139;1785;0;0;3;3.663071031
7140;1785;0;0;4;3.2958622
7141;1786;3;0.402343327;1;2.373800078
7142;1786;3;0.402343327;2;4.928006092
7143;1786;3;0.402343327;3;5.913517877
7144;1786;3;0.402343327;4;5.395948692
7145;1787;4;0.788596778;1;7.099346362
7146;1787;4;0.788596778;2;6.819406516
7147;1787;4;0.788596778;3;9.554467205
7148;1787;4;0.788596778;4;11.2981921
7149;1788;2;0.287563684;1;0.961786549
7150;1788;2;0.287563684;2;3.043311144
7151;1788;2;0.287563684;3;2.823310131
7152;1788;2;0.287563684;4;4.274800621
7153;1789;3;0.618078602;1;3.107267288
7154;1789;3;0.618078602;2;6.911063119
7155;1789;3;0.618078602;3;7.035562924
7156;1789;3;0.618078602;4;8.110879191
7157;1790;3;0.017955866;1;6.333678636
7158;1790;3;0.017955866;2;7.888269628
7159;1790;3;0.017955866;3;9.091329266
7160;1790;3;0.017955866;4;8.610930362
7161;1791;0;0;1;1.958912604
7162;1791;0;0;2;2.999487962
7163;1791;0;0;3;4.59980328
7164;1791;0;0;4;5.630826956
7165;1792;2;0.453367063;1;3.8594243
7166;1792;2;0.453367063;2;2.090491637
7167;1792;2;0.453367063;3;3.982956346
7168;1792;2;0.453367063;4;3.117692108
7169;1793;4;0.319179329;1;4.241406257
7170;1793;4;0.319179329;2;6.959145985
7171;1793;4;0.319179329;3;7.611693255
7172;1793;4;0.319179329;4;8.052692417
7173;1794;3;0.475590738;1;3.447649162
7174;1794;3;0.475590738;2;3.597764587
7175;1794;3;0.475590738;3;4.320632598
7176;1794;3;0.475590738;4;6.61758745
7177;1795;3;0.45490975;1;2.555270618
7178;1795;3;0.45490975;2;5.904249512
7179;1795;3;0.45490975;3;5.973070471
7180;1795;3;0.45490975;4;7.184091893
7181;1796;4;0.901400446;1;5.810797322
7182;1796;4;0.901400446;2;5.757818165
7183;1796;4;0.901400446;3;5.043835621
7184;1796;4;0.901400446;4;6.922902666
7185;1797;0;0;1;1.842165487
7186;1797;0;0;2;4.132562102
7187;1797;0;0;3;3.434914716
7188;1797;0;0;4;5.685349537
7189;1798;3;0.605586119;1;3.788366957
7190;1798;3;0.605586119;2;2.832122175
7191;1798;3;0.605586119;3;5.167728081
7192;1798;3;0.605586119;4;4.932581905
7193;1799;0;0;1;0.994245126
7194;1799;0;0;2;0.659184004
7195;1799;0;0;3;4.323853519
7196;1799;0;0;4;3.985512784
7197;1800;2;0.51863205;1;3.340718791
7198;1800;2;0.51863205;2;1.845340246
7199;1800;2;0.51863205;3;5.597004835
7200;1800;2;0.51863205;4;6.072974098
7201;1801;2;0.552427138;1;1.670667475
7202;1801;2;0.552427138;2;2.671793222
7203;1801;2;0.552427138;3;5.947523162
7204;1801;2;0.552427138;4;3.697791292
7205;1802;4;0.014756534;1;3.556309589
7206;1802;4;0.014756534;2;4.927249515
7207;1802;4;0.014756534;3;5.583540776
7208;1802;4;0.014756534;4;6.928087345
7209;1803;3;0.464956183;1;3.3585206
7210;1803;3;0.464956183;2;5.373795821
7211;1803;3;0.464956183;3;6.527912831
7212;1803;3;0.464956183;4;7.639264351
7213;1804;3;0.466917017;1;3.788501082
7214;1804;3;0.466917017;2;3.868233189
7215;1804;3;0.466917017;3;6.019942476
7216;1804;3;0.466917017;4;5.484725597
7217;1805;2;0.662129168;1;4.13375583
7218;1805;2;0.662129168;2;3.515844625
7219;1805;2;0.662129168;3;6.059125313
7220;1805;2;0.662129168;4;5.062511822
7221;1806;2;0.394360138;1;3.590215409
7222;1806;2;0.394360138;2;5.405559462
7223;1806;2;0.394360138;3;4.522601224
7224;1806;2;0.394360138;4;5.907204404
7225;1807;4;0.872038048;1;8.341776245
7226;1807;4;0.872038048;2;9.531625895
7227;1807;4;0.872038048;3;9.212368458
7228;1807;4;0.872038048;4;8.825918125
7229;1808;2;0.690612477;1;0.577445878
7230;1808;2;0.690612477;2;3.126010866
7231;1808;2;0.690612477;3;3.841994607
7232;1808;2;0.690612477;4;5.320972071
7233;1809;3;0.948780645;1;2.460340057
7234;1809;3;0.948780645;2;4.480802887
7235;1809;3;0.948780645;3;5.210964431
7236;1809;3;0.948780645;4;7.002904372
7237;1810;0;0;1;1.762796216
7238;1810;0;0;2;1.647604996
7239;1810;0;0;3;2.417142605
7240;1810;0;0;4;1.899036317
7241;1811;0;0;1;2.077519164
7242;1811;0;0;2;4.596586287
7243;1811;0;0;3;4.106912393
7244;1811;0;0;4;5.154711697
7245;1812;4;0.800459184;1;5.325828637
7246;1812;4;0.800459184;2;6.367998246
7247;1812;4;0.800459184;3;7.359833475
7248;1812;4;0.800459184;4;8.420983455
7249;1813;4;0.224093172;1;5.648269589
7250;1813;4;0.224093172;2;6.048302895
7251;1813;4;0.224093172;3;7.404962656
7252;1813;4;0.224093172;4;8.588682456
7253;1814;4;0.161167012;1;3.866390269
7254;1814;4;0.161167012;2;5.559335976
7255;1814;4;0.161167012;3;4.679415576
7256;1814;4;0.161167012;4;6.596327907
7257;1815;4;0.6710822;1;7.517365907
7258;1815;4;0.6710822;2;8.19617955
7259;1815;4;0.6710822;3;7.134863024
7260;1815;4;0.6710822;4;8.858834503
7261;1816;2;0.986441277;1;2.266682221
7262;1816;2;0.986441277;2;3.104591552
7263;1816;2;0.986441277;3;4.4706048
7264;1816;2;0.986441277;4;5.095938569
7265;1817;3;0.484388588;1;4.966489558
7266;1817;3;0.484388588;2;7.029520236
7267;1817;3;0.484388588;3;7.32347632
7268;1817;3;0.484388588;4;9.099036075
7269;1818;0;0;1;-0.65824476
7270;1818;0;0;2;2.411397221
7271;1818;0;0;3;3.321981075
7272;1818;0;0;4;3.350040284
7273;1819;3;0.246297647;1;4.09570551
7274;1819;3;0.246297647;2;5.18191891
7275;1819;3;0.246297647;3;3.754859584
7276;1819;3;0.246297647;4;6.303839309
7277;1820;0;0;1;2.097198699
7278;1820;0;0;2;3.8931885
7279;1820;0;0;3;6.127277356
7280;1820;0;0;4;5.671231191
7281;1821;4;0.083145518;1;3.268978879
7282;1821;4;0.083145518;2;6.233891585
7283;1821;4;0.083145518;3;6.307483736
7284;1821;4;0.083145518;4;9.022789301
7285;1822;4;0.032493469;1;5.65949109
7286;1822;4;0.032493469;2;7.089681756
7287;1822;4;0.032493469;3;7.511993022
7288;1822;4;0.032493469;4;8.412964646
7289;1823;2;0.800963931;1;2.620088161
7290;1823;2;0.800963931;2;5.969367863
7291;1823;2;0.800963931;3;7.620204587
7292;1823;2;0.800963931;4;6.48823482
7293;1824;3;0.061051341;1;5.700046797
7294;1824;3;0.061051341;2;6.382683935
7295;1824;3;0.061051341;3;6.524782253
7296;1824;3;0.061051341;4;7.178637401
7297;1825;4;0.777734979;1;4.159724616
7298;1825;4;0.777734979;2;6.534518386
7299;1825;4;0.777734979;3;7.362149915
7300;1825;4;0.777734979;4;9.039135306
7301;1826;0;0;1;0.793267901
7302;1826;0;0;2;-0.705576422
7303;1826;0;0;3;2.88152585
7304;1826;0;0;4;3.805668427
7305;1827;3;0.499642882;1;4.554131848
7306;1827;3;0.499642882;2;4.496925495
7307;1827;3;0.499642882;3;7.162348469
7308;1827;3;0.499642882;4;5.799312614
7309;1828;4;0.919135133;1;3.668848641
7310;1828;4;0.919135133;2;4.62150341
7311;1828;4;0.919135133;3;5.71621509
7312;1828;4;0.919135133;4;6.740289053
7313;1829;2;0.236244862;1;3.641483357
7314;1829;2;0.236244862;2;4.429285576
7315;1829;2;0.236244862;3;5.063641532
7316;1829;2;0.236244862;4;6.973036008
7317;1830;3;0.961005391;1;2.245217709
7318;1830;3;0.961005391;2;2.900299794
7319;1830;3;0.961005391;3;3.285289331
7320;1830;3;0.961005391;4;5.621848434
7321;1831;3;0.393530775;1;3.719629743
7322;1831;3;0.393530775;2;5.366387356
7323;1831;3;0.393530775;3;6.452794789
7324;1831;3;0.393530775;4;8.932325846
7325;1832;2;0.368299635;1;2.63937014
7326;1832;2;0.368299635;2;5.056078597
7327;1832;2;0.368299635;3;5.820822374
7328;1832;2;0.368299635;4;5.404691809
7329;1833;0;0;1;2.967332241
7330;1833;0;0;2;3.536172899
7331;1833;0;0;3;2.783632779
7332;1833;0;0;4;3.948383378
7333;1834;0;0;1;-1.282910798
7334;1834;0;0;2;-1.311809748
7335;1834;0;0;3;1.748724624
7336;1834;0;0;4;4.499074192
7337;1835;2;0.285116829;1;5.869776675
7338;1835;2;0.285116829;2;4.459294114
7339;1835;2;0.285116829;3;8.23761906
7340;1835;2;0.285116829;4;6.605893018
7341;1836;4;0.253952487;1;4.642315468
7342;1836;4;0.253952487;2;4.914189473
7343;1836;4;0.253952487;3;7.927204182
7344;1836;4;0.253952487;4;7.774811621
7345;1837;3;0.456460221;1;3.635237528
7346;1837;3;0.456460221;2;4.744954835
7347;1837;3;0.456460221;3;6.822449996
7348;1837;3;0.456460221;4;7.458407597
7349;1838;3;0.333869709;1;4.445341626
7350;1838;3;0.333869709;2;5.589937787
7351;1838;3;0.333869709;3;6.962036755
7352;1838;3;0.333869709;4;5.971035289
7353;1839;4;0.528420515;1;3.691462181
7354;1839;4;0.528420515;2;3.657097426
7355;1839;4;0.528420515;3;6.465598558
7356;1839;4;0.528420515;4;5.489609249
7357;1840;2;0.992338483;1;1.395015728
7358;1840;2;0.992338483;2;0.536662826
7359;1840;2;0.992338483;3;4.77805402
7360;1840;2;0.992338483;4;5.48613689
7361;1841;3;0.473385741;1;4.482535111
7362;1841;3;0.473385741;2;4.46422252
7363;1841;3;0.473385741;3;5.655281981
7364;1841;3;0.473385741;4;5.447811529
7365;1842;2;0.013449125;1;1.682421669
7366;1842;2;0.013449125;2;4.08328857
7367;1842;2;0.013449125;3;5.003169815
7368;1842;2;0.013449125;4;7.407739408
7369;1843;3;0.720536768;1;3.163195425
7370;1843;3;0.720536768;2;5.316010653
7371;1843;3;0.720536768;3;8.211694994
7372;1843;3;0.720536768;4;8.728039644
7373;1844;3;0.728562626;1;4.014141839
7374;1844;3;0.728562626;2;3.903891025
7375;1844;3;0.728562626;3;5.517048363
7376;1844;3;0.728562626;4;7.34959573
7377;1845;4;0.010300144;1;2.95316804
7378;1845;4;0.010300144;2;4.353112961
7379;1845;4;0.010300144;3;7.580592352
7380;1845;4;0.010300144;4;5.80514229
7381;1846;2;0.145904853;1;4.586800662
7382;1846;2;0.145904853;2;4.357221031
7383;1846;2;0.145904853;3;4.953279624
7384;1846;2;0.145904853;4;5.048198594
7385;1847;4;0.983078616;1;3.72954983
7386;1847;4;0.983078616;2;4.270147557
7387;1847;4;0.983078616;3;6.462913278
7388;1847;4;0.983078616;4;7.575472864
7389;1848;2;0.634511968;1;1.16025101
7390;1848;2;0.634511968;2;3.062926593
7391;1848;2;0.634511968;3;5.922285681
7392;1848;2;0.634511968;4;7.472402815
7393;1849;3;0.966193371;1;2.829535737
7394;1849;3;0.966193371;2;5.680812234
7395;1849;3;0.966193371;3;4.143052196
7396;1849;3;0.966193371;4;5.892846293
7397;1850;0;0;1;2.015412862
7398;1850;0;0;2;4.174340612
7399;1850;0;0;3;3.69287199
7400;1850;0;0;4;5.553563146
7401;1851;4;0.669459875;1;5.170770019
7402;1851;4;0.669459875;2;8.580500112
7403;1851;4;0.669459875;3;7.6327107
7404;1851;4;0.669459875;4;7.871451747
7405;1852;4;0.37784355;1;4.53980635
7406;1852;4;0.37784355;2;6.35732399
7407;1852;4;0.37784355;3;6.801058271
7408;1852;4;0.37784355;4;7.817566754
7409;1853;4;0.079650521;1;5.29107851
7410;1853;4;0.079650521;2;5.297836444
7411;1853;4;0.079650521;3;8.535126235
7412;1853;4;0.079650521;4;8.904968346
7413;1854;2;0.459892341;1;5.213397175
7414;1854;2;0.459892341;2;5.004805147
7415;1854;2;0.459892341;3;4.673216207
7416;1854;2;0.459892341;4;7.35702602
7417;1855;0;0;1;-0.002123934
7418;1855;0;0;2;4.933200319
7419;1855;0;0;3;3.477344771
7420;1855;0;0;4;5.006274467
7421;1856;4;0.61349925;1;6.493435401
7422;1856;4;0.61349925;2;6.727672668
7423;1856;4;0.61349925;3;9.158833646
7424;1856;4;0.61349925;4;7.07133702
7425;1857;2;0.00900616;1;3.272364116
7426;1857;2;0.00900616;2;3.432832614
7427;1857;2;0.00900616;3;3.958557668
7428;1857;2;0.00900616;4;6.026178553
7429;1858;2;0.275444668;1;4.13668321
7430;1858;2;0.275444668;2;4.185686216
7431;1858;2;0.275444668;3;5.187007746
7432;1858;2;0.275444668;4;6.941434898
7433;1859;2;0.92303313;1;3.860872883
7434;1859;2;0.92303313;2;4.170676512
7435;1859;2;0.92303313;3;4.87848292
7436;1859;2;0.92303313;4;5.841300664
7437;1860;0;0;1;1.704332885
7438;1860;0;0;2;2.055309637
7439;1860;0;0;3;3.589963766
7440;1860;0;0;4;3.843047898
7441;1861;3;0.826312774;1;4.927237506
7442;1861;3;0.826312774;2;6.854834668
7443;1861;3;0.826312774;3;7.706256124
7444;1861;3;0.826312774;4;9.363807733
7445;1862;0;0;1;1.163932981
7446;1862;0;0;2;1.40230128
7447;1862;0;0;3;1.577267937
7448;1862;0;0;4;3.367348038
7449;1863;0;0;1;-1.440903386
7450;1863;0;0;2;0.750932649
7451;1863;0;0;3;3.256029742
7452;1863;0;0;4;5.426964613
7453;1864;0;0;1;1.051371671
7454;1864;0;0;2;2.555183734
7455;1864;0;0;3;2.231529958
7456;1864;0;0;4;3.255859648
7457;1865;3;0.763581298;1;5.511568254
7458;1865;3;0.763581298;2;4.822472546
7459;1865;3;0.763581298;3;6.258658824
7460;1865;3;0.763581298;4;6.821966902
7461;1866;0;0;1;-1.305909504
7462;1866;0;0;2;-0.391457428
7463;1866;0;0;3;1.30322484
7464;1866;0;0;4;2.532029332
7465;1867;2;0.46441241;1;4.337987076
7466;1867;2;0.46441241;2;6.358379601
7467;1867;2;0.46441241;3;4.809197453
7468;1867;2;0.46441241;4;7.635143938
7469;1868;3;0.608063561;1;6.946060683
7470;1868;3;0.608063561;2;6.792470427
7471;1868;3;0.608063561;3;7.818720524
7472;1868;3;0.608063561;4;8.4626278
7473;1869;0;0;1;2.287930677
7474;1869;0;0;2;2.729371816
7475;1869;0;0;3;2.835952505
7476;1869;0;0;4;5.294683346
7477;1870;0;0;1;-0.221135569
7478;1870;0;0;2;1.43590128
7479;1870;0;0;3;0.546756322
7480;1870;0;0;4;2.365120451
7481;1871;4;0.413461197;1;4.273296705
7482;1871;4;0.413461197;2;7.816418929
7483;1871;4;0.413461197;3;6.113759235
7484;1871;4;0.413461197;4;7.931398329
7485;1872;3;0.264249968;1;5.955950246
7486;1872;3;0.264249968;2;4.196476091
7487;1872;3;0.264249968;3;6.765966643
7488;1872;3;0.264249968;4;8.562487116
7489;1873;2;0.607667579;1;5.620732291
7490;1873;2;0.607667579;2;6.743379616
7491;1873;2;0.607667579;3;6.85331909
7492;1873;2;0.607667579;4;7.234429652
7493;1874;4;0.749321534;1;7.39847964
7494;1874;4;0.749321534;2;7.763686652
7495;1874;4;0.749321534;3;9.464226682
7496;1874;4;0.749321534;4;12.41396541
7497;1875;0;0;1;1.424523821
7498;1875;0;0;2;2.781374729
7499;1875;0;0;3;2.265299268
7500;1875;0;0;4;3.855838726
7501;1876;4;0.803263382;1;4.569732243
7502;1876;4;0.803263382;2;6.429921034
7503;1876;4;0.803263382;3;7.441177986
7504;1876;4;0.803263382;4;7.531957211
7505;1877;0;0;1;4.134616318
7506;1877;0;0;2;3.433950962
7507;1877;0;0;3;4.483384224
7508;1877;0;0;4;5.907931794
7509;1878;4;0.484244526;1;6.048818187
7510;1878;4;0.484244526;2;6.515466658
7511;1878;4;0.484244526;3;8.51485023
7512;1878;4;0.484244526;4;7.774840684
7513;1879;2;0.001170996;1;4.700035737
7514;1879;2;0.001170996;2;7.430828059
7515;1879;2;0.001170996;3;5.463394767
7516;1879;2;0.001170996;4;7.410167866
7517;1880;4;0.671244625;1;5.469757769
7518;1880;4;0.671244625;2;6.319461224
7519;1880;4;0.671244625;3;7.860157683
7520;1880;4;0.671244625;4;10.6207051
7521;1881;0;0;1;-1.666492271
7522;1881;0;0;2;-0.515783866
7523;1881;0;0;3;0.093334814
7524;1881;0;0;4;1.965224207
7525;1882;0;0;1;-0.008214258
7526;1882;0;0;2;3.516370625
7527;1882;0;0;3;3.68966842
7528;1882;0;0;4;2.766110406
7529;1883;2;0.021420588;1;3.498325645
7530;1883;2;0.021420588;2;2.484722459
7531;1883;2;0.021420588;3;2.695564838
7532;1883;2;0.021420588;4;5.125700806
7533;1884;2;0.285207728;1;2.655981157
7534;1884;2;0.285207728;2;2.762745927
7535;1884;2;0.285207728;3;5.260977135
7536;1884;2;0.285207728;4;5.210110288
7537;1885;4;0.676386804;1;4.666019227
7538;1885;4;0.676386804;2;5.425792726
7539;1885;4;0.676386804;3;7.902469688
7540;1885;4;0.676386804;4;8.622750049
7541;1886;3;0.336601317;1;3.882508688
7542;1886;3;0.336601317;2;5.479945568
7543;1886;3;0.336601317;3;7.223252702
7544;1886;3;0.336601317;4;8.598510484
7545;1887;2;0.516278424;1;1.771253607
7546;1887;2;0.516278424;2;6.332148828
7547;1887;2;0.516278424;3;5.850585025
7548;1887;2;0.516278424;4;5.724987761
7549;1888;3;0.749734584;1;5.034390049
7550;1888;3;0.749734584;2;4.226940488
7551;1888;3;0.749734584;3;6.424462596
7552;1888;3;0.749734584;4;6.345168281
7553;1889;3;0.638387241;1;5.009963286
7554;1889;3;0.638387241;2;2.64781533
7555;1889;3;0.638387241;3;6.453312762
7556;1889;3;0.638387241;4;6.404168315
7557;1890;2;0.489660659;1;3.417557443
7558;1890;2;0.489660659;2;3.707062879
7559;1890;2;0.489660659;3;3.901206748
7560;1890;2;0.489660659;4;5.001782184
7561;1891;3;0.87978937;1;4.096511202
7562;1891;3;0.87978937;2;4.969901621
7563;1891;3;0.87978937;3;6.522436419
7564;1891;3;0.87978937;4;6.759914496
7565;1892;2;0.045641102;1;3.43887545
7566;1892;2;0.045641102;2;2.910616102
7567;1892;2;0.045641102;3;3.498949034
7568;1892;2;0.045641102;4;5.947237926
7569;1893;4;0.504147441;1;3.450334045
7570;1893;4;0.504147441;2;3.855666096
7571;1893;4;0.504147441;3;6.374107945
7572;1893;4;0.504147441;4;6.994537264
7573;1894;0;0;1;-0.344508297
7574;1894;0;0;2;0.720546833
7575;1894;0;0;3;5.433871398
7576;1894;0;0;4;1.499070654
7577;1895;2;0.675163654;1;1.506653401
7578;1895;2;0.675163654;2;2.685527587
7579;1895;2;0.675163654;3;4.268309116
7580;1895;2;0.675163654;4;4.520663289
7581;1896;4;0.552830813;1;5.449928786
7582;1896;4;0.552830813;2;7.035970685
7583;1896;4;0.552830813;3;8.463660223
7584;1896;4;0.552830813;4;9.202690165
7585;1897;2;0.167945434;1;1.868580166
7586;1897;2;0.167945434;2;4.856621394
7587;1897;2;0.167945434;3;4.086330517
7588;1897;2;0.167945434;4;5.459820824
7589;1898;4;0.274433645;1;5.90926652
7590;1898;4;0.274433645;2;9.569753435
7591;1898;4;0.274433645;3;4.824930688
7592;1898;4;0.274433645;4;9.327297505
7593;1899;3;0.591126405;1;2.669209368
7594;1899;3;0.591126405;2;6.831910592
7595;1899;3;0.591126405;3;5.570007672
7596;1899;3;0.591126405;4;4.311684501
7597;1900;0;0;1;-0.218952892
7598;1900;0;0;2;2.739905418
7599;1900;0;0;3;4.282134601
7600;1900;0;0;4;4.382662588
7601;1901;2;0.468394936;1;4.175342107
7602;1901;2;0.468394936;2;3.235659783
7603;1901;2;0.468394936;3;3.963992562
7604;1901;2;0.468394936;4;5.680458519
7605;1902;4;0.387404543;1;2.475526478
7606;1902;4;0.387404543;2;5.192153908
7607;1902;4;0.387404543;3;5.336241771
7608;1902;4;0.387404543;4;6.851814973
7609;1903;4;0.752946728;1;5.801229159
7610;1903;4;0.752946728;2;5.885374906
7611;1903;4;0.752946728;3;7.865460063
7612;1903;4;0.752946728;4;7.815272714
7613;1904;0;0;1;1.891337346
7614;1904;0;0;2;0.140307935
7615;1904;0;0;3;3.500266361
7616;1904;0;0;4;4.07740185
7617;1905;2;0.779337798;1;5.762577425
7618;1905;2;0.779337798;2;5.128678261
7619;1905;2;0.779337798;3;7.718583095
7620;1905;2;0.779337798;4;8.580776071
7621;1906;3;0.975999791;1;5.251914981
7622;1906;3;0.975999791;2;5.905601541
7623;1906;3;0.975999791;3;7.319111955
7624;1906;3;0.975999791;4;7.393036685
7625;1907;0;0;1;1.270785994
7626;1907;0;0;2;4.437478642
7627;1907;0;0;3;4.579494268
7628;1907;0;0;4;4.181294519
7629;1908;0;0;1;2.510237879
7630;1908;0;0;2;3.298083229
7631;1908;0;0;3;3.65923375
7632;1908;0;0;4;2.867524746
7633;1909;4;0.102187004;1;7.337302755
7634;1909;4;0.102187004;2;3.06841868
7635;1909;4;0.102187004;3;7.699355564
7636;1909;4;0.102187004;4;7.342279312
7637;1910;0;0;1;1.110664839
7638;1910;0;0;2;-0.901922959
7639;1910;0;0;3;0.158666877
7640;1910;0;0;4;1.05935969
7641;1911;4;0.119704844;1;3.16993685
7642;1911;4;0.119704844;2;6.002963265
7643;1911;4;0.119704844;3;6.581746303
7644;1911;4;0.119704844;4;7.180703208
7645;1912;2;0.747382736;1;3.539417799
7646;1912;2;0.747382736;2;3.043175372
7647;1912;2;0.747382736;3;3.71642039
7648;1912;2;0.747382736;4;6.644393559
7649;1913;2;0.202333696;1;4.31900081
7650;1913;2;0.202333696;2;4.064382555
7651;1913;2;0.202333696;3;6.805298236
7652;1913;2;0.202333696;4;6.140233126
7653;1914;3;0.268550892;1;3.144567494
7654;1914;3;0.268550892;2;4.20241014
7655;1914;3;0.268550892;3;8.667766405
7656;1914;3;0.268550892;4;5.716203754
7657;1915;3;0.592806515;1;5.050876395
7658;1915;3;0.592806515;2;7.10660623
7659;1915;3;0.592806515;3;7.097536099
7660;1915;3;0.592806515;4;11.92076838
7661;1916;4;0.908878722;1;3.165929748
7662;1916;4;0.908878722;2;3.72270711
7663;1916;4;0.908878722;3;5.644163432
7664;1916;4;0.908878722;4;5.475310715
7665;1917;4;0.227261156;1;6.47860848
7666;1917;4;0.227261156;2;7.582673023
7667;1917;4;0.227261156;3;7.220845935
7668;1917;4;0.227261156;4;9.323583813
7669;1918;2;0.270668912;1;3.156850594
7670;1918;2;0.270668912;2;4.587433325
7671;1918;2;0.270668912;3;7.148065459
7672;1918;2;0.270668912;4;6.892509541
7673;1919;3;0.540667084;1;5.566441283
7674;1919;3;0.540667084;2;4.442085819
7675;1919;3;0.540667084;3;6.780011147
7676;1919;3;0.540667084;4;9.006761188
7677;1920;4;0.162643851;1;3.240696926
7678;1920;4;0.162643851;2;4.127092574
7679;1920;4;0.162643851;3;3.882917079
7680;1920;4;0.162643851;4;6.558935816
7681;1921;0;0;1;3.298573248
7682;1921;0;0;2;2.751593333
7683;1921;0;0;3;5.110899003
7684;1921;0;0;4;5.315506375
7685;1922;0;0;1;2.594189989
7686;1922;0;0;2;2.806601378
7687;1922;0;0;3;4.906331029
7688;1922;0;0;4;2.893763891
7689;1923;2;0.317250556;1;3.362864127
7690;1923;2;0.317250556;2;4.19200069
7691;1923;2;0.317250556;3;6.219393715
7692;1923;2;0.317250556;4;5.593315272
7693;1924;2;0.460117071;1;4.941586409
7694;1924;2;0.460117071;2;3.347191015
7695;1924;2;0.460117071;3;5.4738912
7696;1924;2;0.460117071;4;7.085654814
7697;1925;0;0;1;-2.854977636
7698;1925;0;0;2;-0.096550226
7699;1925;0;0;3;0.763375043
7700;1925;0;0;4;2.562246067
7701;1926;2;0.799423348;1;1.359250255
7702;1926;2;0.799423348;2;3.424043503
7703;1926;2;0.799423348;3;3.886348137
7704;1926;2;0.799423348;4;5.300975304
7705;1927;4;0.421990551;1;4.076338593
7706;1927;4;0.421990551;2;2.952863407
7707;1927;4;0.421990551;3;6.472699142
7708;1927;4;0.421990551;4;7.408257899
7709;1928;2;0.807414997;1;3.241693071
7710;1928;2;0.807414997;2;4.083693832
7711;1928;2;0.807414997;3;6.955340054
7712;1928;2;0.807414997;4;7.135931863
7713;1929;0;0;1;0.57024039
7714;1929;0;0;2;3.507219051
7715;1929;0;0;3;3.550395797
7716;1929;0;0;4;3.502188497
7717;1930;0;0;1;1.350394919
7718;1930;0;0;2;1.385287556
7719;1930;0;0;3;4.450094666
7720;1930;0;0;4;4.252070919
7721;1931;3;0.319386938;1;1.980990125
7722;1931;3;0.319386938;2;3.227936061
7723;1931;3;0.319386938;3;6.246986799
7724;1931;3;0.319386938;4;5.511661449
7725;1932;2;0.569185528;1;5.190438198
7726;1932;2;0.569185528;2;4.820283929
7727;1932;2;0.569185528;3;5.317195382
7728;1932;2;0.569185528;4;5.502771608
7729;1933;2;0.520431042;1;3.128717165
7730;1933;2;0.520431042;2;5.341186336
7731;1933;2;0.520431042;3;4.921414662
7732;1933;2;0.520431042;4;5.667848719
7733;1934;0;0;1;-0.483509208
7734;1934;0;0;2;-0.57906331
7735;1934;0;0;3;1.543152148
7736;1934;0;0;4;2.644440832
7737;1935;4;0.313012985;1;3.441078432
7738;1935;4;0.313012985;2;7.011523583
7739;1935;4;0.313012985;3;5.946351472
7740;1935;4;0.313012985;4;9.037251674
7741;1936;4;0.198136756;1;2.145797504
7742;1936;4;0.198136756;2;2.137160239
7743;1936;4;0.198136756;3;5.967289891
7744;1936;4;0.198136756;4;6.553173591
7745;1937;3;0.855148434;1;4.661561748
7746;1937;3;0.855148434;2;5.356474197
7747;1937;3;0.855148434;3;6.565788103
7748;1937;3;0.855148434;4;7.831414162
7749;1938;4;0.75615015;1;6.872136413
7750;1938;4;0.75615015;2;8.15378317
7751;1938;4;0.75615015;3;9.019864555
7752;1938;4;0.75615015;4;8.128820521
7753;1939;2;0.489623432;1;4.278211287
7754;1939;2;0.489623432;2;6.735670612
7755;1939;2;0.489623432;3;2.558655634
7756;1939;2;0.489623432;4;6.717128668
7757;1940;2;0.014388825;1;4.183145179
7758;1940;2;0.014388825;2;4.682879939
7759;1940;2;0.014388825;3;7.173174612
7760;1940;2;0.014388825;4;4.781627282
7761;1941;3;0.742139196;1;2.748106962
7762;1941;3;0.742139196;2;2.999375096
7763;1941;3;0.742139196;3;2.420613382
7764;1941;3;0.742139196;4;5.202904263
7765;1942;2;0.390695055;1;2.346922839
7766;1942;2;0.390695055;2;3.79584798
7767;1942;2;0.390695055;3;6.940670327
7768;1942;2;0.390695055;4;6.410384581
7769;1943;4;0.945345665;1;4.514271163
7770;1943;4;0.945345665;2;4.763074247
7771;1943;4;0.945345665;3;6.860560762
7772;1943;4;0.945345665;4;8.968304487
7773;1944;3;0.763999907;1;4.589428193
7774;1944;3;0.763999907;2;5.223853299
7775;1944;3;0.763999907;3;5.038777179
7776;1944;3;0.763999907;4;8.318413316
7777;1945;0;0;1;2.521510782
7778;1945;0;0;2;1.280565206
7779;1945;0;0;3;2.915304676
7780;1945;0;0;4;4.451415698
7781;1946;3;0.972522954;1;4.126844491
7782;1946;3;0.972522954;2;4.10503738
7783;1946;3;0.972522954;3;6.295819725
7784;1946;3;0.972522954;4;6.670160411
7785;1947;4;0.059524647;1;6.053828689
7786;1947;4;0.059524647;2;6.371794048
7787;1947;4;0.059524647;3;8.81676483
7788;1947;4;0.059524647;4;7.449446611
7789;1948;4;0.352691641;1;6.29880636
7790;1948;4;0.352691641;2;5.944446544
7791;1948;4;0.352691641;3;6.311151368
7792;1948;4;0.352691641;4;7.264169909
7793;1949;2;0.100231147;1;0.643080712
7794;1949;2;0.100231147;2;0.586400894
7795;1949;2;0.100231147;3;3.089825613
7796;1949;2;0.100231147;4;4.857815894
7797;1950;4;0.427116185;1;6.133396613
7798;1950;4;0.427116185;2;6.903056525
7799;1950;4;0.427116185;3;9.023548883
7800;1950;4;0.427116185;4;7.38997436
7801;1951;0;0;1;2.166489517
7802;1951;0;0;2;2.637836982
7803;1951;0;0;3;4.04808995
7804;1951;0;0;4;6.527017574
7805;1952;3;0.845783318;1;1.865938291
7806;1952;3;0.845783318;2;4.360349442
7807;1952;3;0.845783318;3;4.893557279
7808;1952;3;0.845783318;4;5.077828458
7809;1953;3;0.810901487;1;5.727720508
7810;1953;3;0.810901487;2;5.984941776
7811;1953;3;0.810901487;3;6.587534203
7812;1953;3;0.810901487;4;7.580501905
7813;1954;0;0;1;0.933724869
7814;1954;0;0;2;2.479545062
7815;1954;0;0;3;0.523020881
7816;1954;0;0;4;4.029691129
7817;1955;2;0.375127669;1;2.967771919
7818;1955;2;0.375127669;2;4.532151062
7819;1955;2;0.375127669;3;4.005681574
7820;1955;2;0.375127669;4;7.563924761
7821;1956;0;0;1;1.141648788
7822;1956;0;0;2;3.31839518
7823;1956;0;0;3;2.496844518
7824;1956;0;0;4;2.823275961
7825;1957;2;0.383380334;1;4.064220753
7826;1957;2;0.383380334;2;5.971502785
7827;1957;2;0.383380334;3;6.110417378
7828;1957;2;0.383380334;4;8.557450365
7829;1958;4;0.044926013;1;4.270334495
7830;1958;4;0.044926013;2;4.311207275
7831;1958;4;0.044926013;3;6.253947534
7832;1958;4;0.044926013;4;6.769975927
7833;1959;3;0.672201094;1;6.286513656
7834;1959;3;0.672201094;2;5.722937552
7835;1959;3;0.672201094;3;6.235861961
7836;1959;3;0.672201094;4;6.776035739
7837;1960;4;0.93360381;1;4.278829372
7838;1960;4;0.93360381;2;6.694222016
7839;1960;4;0.93360381;3;7.620121786
7840;1960;4;0.93360381;4;7.379302713
7841;1961;0;0;1;0.245110972
7842;1961;0;0;2;-0.762002435
7843;1961;0;0;3;2.756409743
7844;1961;0;0;4;3.739265406
7845;1962;4;0.958987051;1;5.660441822
7846;1962;4;0.958987051;2;7.39741344
7847;1962;4;0.958987051;3;7.700023532
7848;1962;4;0.958987051;4;8.311390598
7849;1963;0;0;1;-0.197581933
7850;1963;0;0;2;-0.528800138
7851;1963;0;0;3;1.750568175
7852;1963;0;0;4;2.112972644
7853;1964;0;0;1;1.739694828
7854;1964;0;0;2;0.767329646
7855;1964;0;0;3;0.499605559
7856;1964;0;0;4;3.349591613
7857;1965;0;0;1;0.743860068
7858;1965;0;0;2;3.019607015
7859;1965;0;0;3;1.866380895
7860;1965;0;0;4;3.297374843
7861;1966;0;0;1;1.014285653
7862;1966;0;0;2;2.277686063
7863;1966;0;0;3;3.010153478
7864;1966;0;0;4;3.858749434
7865;1967;4;0.864267616;1;4.07601832
7866;1967;4;0.864267616;2;5.997094352
7867;1967;4;0.864267616;3;6.720303558
7868;1967;4;0.864267616;4;6.790751053
7869;1968;3;0.969650581;1;2.808052211
7870;1968;3;0.969650581;2;5.969500086
7871;1968;3;0.969650581;3;5.976544816
7872;1968;3;0.969650581;4;8.879201733
7873;1969;4;0.467764537;1;3.451381247
7874;1969;4;0.467764537;2;6.103897173
7875;1969;4;0.467764537;3;7.871574556
7876;1969;4;0.467764537;4;7.289655545
7877;1970;3;0.44038038;1;4.157234664
7878;1970;3;0.44038038;2;3.919390769
7879;1970;3;0.44038038;3;5.50933487
7880;1970;3;0.44038038;4;7.583739255
7881;1971;4;0.627937489;1;4.428842652
7882;1971;4;0.627937489;2;6.316822295
7883;1971;4;0.627937489;3;7.01237543
7884;1971;4;0.627937489;4;7.514236448
7885;1972;0;0;1;1.706836878
7886;1972;0;0;2;2.134418672
7887;1972;0;0;3;3.319545189
7888;1972;0;0;4;4.462801328
7889;1973;4;0.689358357;1;1.336368607
7890;1973;4;0.689358357;2;3.643289896
7891;1973;4;0.689358357;3;3.368982987
7892;1973;4;0.689358357;4;6.293086194
7893;1974;0;0;1;1.96474659
7894;1974;0;0;2;3.065334108
7895;1974;0;0;3;3.710567205
7896;1974;0;0;4;3.576847481
7897;1975;4;0.62676889;1;3.760139212
7898;1975;4;0.62676889;2;5.189409245
7899;1975;4;0.62676889;3;6.803529923
7900;1975;4;0.62676889;4;5.734680404
7901;1976;0;0;1;1.782835557
7902;1976;0;0;2;1.723222272
7903;1976;0;0;3;1.903984299
7904;1976;0;0;4;4.818314415
7905;1977;0;0;1;0.921606988
7906;1977;0;0;2;2.625669317
7907;1977;0;0;3;1.857704562
7908;1977;0;0;4;2.863116913
7909;1978;4;0.399429979;1;4.682035905
7910;1978;4;0.399429979;2;5.474403593
7911;1978;4;0.399429979;3;5.008529338
7912;1978;4;0.399429979;4;6.824742752
7913;1979;3;0.145833135;1;3.942363626
7914;1979;3;0.145833135;2;6.702042981
7915;1979;3;0.145833135;3;6.041189338
7916;1979;3;0.145833135;4;6.492913393
7917;1980;0;0;1;0.842987831
7918;1980;0;0;2;0.377648307
7919;1980;0;0;3;1.997418554
7920;1980;0;0;4;3.796742366
7921;1981;4;0.988565359;1;4.308148059
7922;1981;4;0.988565359;2;7.083840023
7923;1981;4;0.988565359;3;5.772859564
7924;1981;4;0.988565359;4;9.101321829
7925;1982;3;0.346877702;1;4.823589161
7926;1982;3;0.346877702;2;5.954341332
7927;1982;3;0.346877702;3;7.5098763
7928;1982;3;0.346877702;4;7.229965698
7929;1983;2;0.696996751;1;0.925405318
7930;1983;2;0.696996751;2;-0.98478959
7931;1983;2;0.696996751;3;1.842715265
7932;1983;2;0.696996751;4;2.007347992
7933;1984;2;0.71021623;1;2.832282206
7934;1984;2;0.71021623;2;4.019350866
7935;1984;2;0.71021623;3;5.719106638
7936;1984;2;0.71021623;4;6.751948039
7937;1985;0;0;1;3.306428261
7938;1985;0;0;2;3.531811777
7939;1985;0;0;3;5.352951906
7940;1985;0;0;4;4.677060888
7941;1986;4;0.973211511;1;9.117098435
7942;1986;4;0.973211511;2;8.434763536
7943;1986;4;0.973211511;3;9.947487559
7944;1986;4;0.973211511;4;8.738118915
7945;1987;0;0;1;0.882199876
7946;1987;0;0;2;1.972807789
7947;1987;0;0;3;2.711141454
7948;1987;0;0;4;3.397353594
7949;1988;4;0.739936023;1;1.950859606
7950;1988;4;0.739936023;2;2.385011561
7951;1988;4;0.739936023;3;3.788674272
7952;1988;4;0.739936023;4;7.790210252
7953;1989;2;0.407448918;1;3.417101829
7954;1989;2;0.407448918;2;5.147726465
7955;1989;2;0.407448918;3;2.522171776
7956;1989;2;0.407448918;4;7.566365219
7957;1990;2;0.157128993;1;3.601461976
7958;1990;2;0.157128993;2;2.766095928
7959;1990;2;0.157128993;3;4.286948532
7960;1990;2;0.157128993;4;5.783684482
7961;1991;3;0.92922218;1;4.848586376
7962;1991;3;0.92922218;2;7.142747908
7963;1991;3;0.92922218;3;8.119121939
7964;1991;3;0.92922218;4;8.687522405
7965;1992;2;0.060779045;1;1.713548895
7966;1992;2;0.060779045;2;4.842475936
7967;1992;2;0.060779045;3;5.386198707
7968;1992;2;0.060779045;4;5.479049577
7969;1993;4;0.831791617;1;7.931107387
7970;1993;4;0.831791617;2;7.303999097
7971;1993;4;0.831791617;3;6.999648625
7972;1993;4;0.831791617;4;8.779671521
7973;1994;4;0.842135168;1;5.753581683
7974;1994;4;0.842135168;2;7.727966386
7975;1994;4;0.842135168;3;8.798766581
7976;1994;4;0.842135168;4;9.90214324
7977;1995;4;0.388055162;1;5.6081249
7978;1995;4;0.388055162;2;9.624489016
7979;1995;4;0.388055162;3;8.093302501
7980;1995;4;0.388055162;4;7.922589044
7981;1996;4;0.373185991;1;3.505524908
7982;1996;4;0.373185991;2;5.031733678
7983;1996;4;0.373185991;3;4.610172877
7984;1996;4;0.373185991;4;3.699990542
7985;1997;0;0;1;1.8889358
7986;1997;0;0;2;2.68095374
7987;1997;0;0;3;4.297060431
7988;1997;0;0;4;5.838627766
7989;1998;0;0;1;-1.075854896
7990;1998;0;0;2;1.36126892
7991;1998;0;0;3;2.315836732
7992;1998;0;0;4;4.794902706
7993;1999;3;0.214976172;1;3.981239588
7994;1999;3;0.214976172;2;4.760813805
7995;1999;3;0.214976172;3;5.914467715
7996;1999;3;0.214976172;4;6.172586206
7997;2000;4;0.903943476;1;5.293815197
7998;2000;4;0.903943476;2;4.320640078
7999;2000;4;0.903943476;3;7.052903874
8000;2000;4;0.903943476;4;5.432365105
8001;2001;2;0.027297689;1;3.499242637
8002;2001;2;0.027297689;2;2.573890491
8003;2001;2;0.027297689;3;4.687961216
8004;2001;2;0.027297689;4;5.914487253
8005;2002;2;0.679032384;1;2.452071359
8006;2002;2;0.679032384;2;4.683004049
8007;2002;2;0.679032384;3;5.652958065
8008;2002;2;0.679032384;4;6.902220309
8009;2003;4;0.189966334;1;4.075362425
8010;2003;4;0.189966334;2;5.23646902
8011;2003;4;0.189966334;3;5.602724881
8012;2003;4;0.189966334;4;7.243603806
8013;2004;4;0.919027926;1;5.551221322
8014;2004;4;0.919027926;2;10.01158632
8015;2004;4;0.919027926;3;8.668756849
8016;2004;4;0.919027926;4;7.109416335
8017;2005;2;0.523663455;1;4.624007475
8018;2005;2;0.523663455;2;5.70637377
8019;2005;2;0.523663455;3;5.987882638
8020;2005;2;0.523663455;4;7.543679985
8021;2006;4;0.695077804;1;5.559072007
8022;2006;4;0.695077804;2;4.728144102
8023;2006;4;0.695077804;3;6.579827625
8024;2006;4;0.695077804;4;7.185205464
8025;2007;4;0.361618863;1;3.069602342
8026;2007;4;0.361618863;2;4.828577875
8027;2007;4;0.361618863;3;7.952608026
8028;2007;4;0.361618863;4;8.161995277
8029;2008;2;0.830543458;1;5.22148111
8030;2008;2;0.830543458;2;5.473965087
8031;2008;2;0.830543458;3;5.636034408
8032;2008;2;0.830543458;4;8.188834243
8033;2009;0;0;1;-0.025587345
8034;2009;0;0;2;1.597064573
8035;2009;0;0;3;2.651948786
8036;2009;0;0;4;5.448485999
8037;2010;3;0.815712656;1;3.737120243
8038;2010;3;0.815712656;2;5.67055792
8039;2010;3;0.815712656;3;5.76267048
8040;2010;3;0.815712656;4;5.388055032
8041;2011;2;0.375648531;1;3.057790714
8042;2011;2;0.375648531;2;3.831388443
8043;2011;2;0.375648531;3;1.818247109
8044;2011;2;0.375648531;4;4.659518397
8045;2012;0;0;1;0.632304525
8046;2012;0;0;2;2.287100926
8047;2012;0;0;3;1.393828248
8048;2012;0;0;4;3.188007131
8049;2013;0;0;1;2.847478984
8050;2013;0;0;2;4.855607441
8051;2013;0;0;3;3.030063928
8052;2013;0;0;4;4.359274896
8053;2014;2;0.588006176;1;3.943899604
8054;2014;2;0.588006176;2;4.014909384
8055;2014;2;0.588006176;3;6.43494411
8056;2014;2;0.588006176;4;4.733026636
8057;2015;3;0.195249968;1;3.677868141
8058;2015;3;0.195249968;2;3.426297528
8059;2015;3;0.195249968;3;4.091554387
8060;2015;3;0.195249968;4;6.426929452
8061;2016;3;0.115920776;1;2.890146047
8062;2016;3;0.115920776;2;3.52610983
8063;2016;3;0.115920776;3;5.749633669
8064;2016;3;0.115920776;4;7.557178453
8065;2017;3;0.008588204;1;1.210588022
8066;2017;3;0.008588204;2;3.36233363
8067;2017;3;0.008588204;3;5.318321848
8068;2017;3;0.008588204;4;4.016177546
8069;2018;4;0.202400366;1;3.73642629
8070;2018;4;0.202400366;2;5.671628009
8071;2018;4;0.202400366;3;7.592014603
8072;2018;4;0.202400366;4;7.389201499
8073;2019;4;0.807643932;1;5.025780633
8074;2019;4;0.807643932;2;6.068149575
8075;2019;4;0.807643932;3;5.852396056
8076;2019;4;0.807643932;4;7.153757583
8077;2020;3;0.233534431;1;5.499787169
8078;2020;3;0.233534431;2;6.857683044
8079;2020;3;0.233534431;3;6.419968842
8080;2020;3;0.233534431;4;8.631810368
8081;2021;0;0;1;1.652733613
8082;2021;0;0;2;2.736678194
8083;2021;0;0;3;5.623350362
8084;2021;0;0;4;4.19515621
8085;2022;0;0;1;3.800499596
8086;2022;0;0;2;1.15389823
8087;2022;0;0;3;3.072779578
8088;2022;0;0;4;4.989687859
8089;2023;0;0;1;0.712042751
8090;2023;0;0;2;1.449388247
8091;2023;0;0;3;3.300642608
8092;2023;0;0;4;1.502599225
8093;2024;2;0.962436235;1;2.522295755
8094;2024;2;0.962436235;2;1.863734122
8095;2024;2;0.962436235;3;2.317482529
8096;2024;2;0.962436235;4;4.326494613
8097;2025;2;0.548110835;1;3.136823808
8098;2025;2;0.548110835;2;3.604178487
8099;2025;2;0.548110835;3;3.208308538
8100;2025;2;0.548110835;4;5.876775883
8101;2026;0;0;1;1.97489307
8102;2026;0;0;2;-0.701205541
8103;2026;0;0;3;0.787970006
8104;2026;0;0;4;2.820595643
8105;2027;3;0.654126764;1;2.246270753
8106;2027;3;0.654126764;2;5.194935876
8107;2027;3;0.654126764;3;5.46397946
8108;2027;3;0.654126764;4;7.689337653
8109;2028;3;0.30685613;1;4.864905304
8110;2028;3;0.30685613;2;4.756596624
8111;2028;3;0.30685613;3;7.279391389
8112;2028;3;0.30685613;4;6.842868366
8113;2029;4;0.262197037;1;6.088130197
8114;2029;4;0.262197037;2;6.889607249
8115;2029;4;0.262197037;3;5.750356478
8116;2029;4;0.262197037;4;6.370680251
8117;2030;2;0.980224026;1;4.639471585
8118;2030;2;0.980224026;2;4.914482079
8119;2030;2;0.980224026;3;6.447776131
8120;2030;2;0.980224026;4;9.058360227
8121;2031;4;0.091304651;1;6.339401568
8122;2031;4;0.091304651;2;6.351034321
8123;2031;4;0.091304651;3;6.089299417
8124;2031;4;0.091304651;4;9.803257904
8125;2032;4;0.754763875;1;4.604378283
8126;2032;4;0.754763875;2;7.440752563
8127;2032;4;0.754763875;3;8.173596437
8128;2032;4;0.754763875;4;8.335867116
8129;2033;3;0.522079681;1;4.019689146
8130;2033;3;0.522079681;2;7.498110326
8131;2033;3;0.522079681;3;7.494438392
8132;2033;3;0.522079681;4;8.080193536
8133;2034;3;0.210675763;1;2.88003504
8134;2034;3;0.210675763;2;5.976901295
8135;2034;3;0.210675763;3;6.402118057
8136;2034;3;0.210675763;4;6.387170413
8137;2035;2;0.309258435;1;3.07785404
8138;2035;2;0.309258435;2;3.360504937
8139;2035;2;0.309258435;3;5.450634751
8140;2035;2;0.309258435;4;5.171888419
8141;2036;3;0.868963561;1;5.019951956
8142;2036;3;0.868963561;2;4.91259297
8143;2036;3;0.868963561;3;5.730005324
8144;2036;3;0.868963561;4;7.342742411
8145;2037;3;0.67692576;1;3.552401606
8146;2037;3;0.67692576;2;4.229947909
8147;2037;3;0.67692576;3;6.099279175
8148;2037;3;0.67692576;4;7.216575183
8149;2038;3;0.970793335;1;1.18093177
8150;2038;3;0.970793335;2;3.188445708
8151;2038;3;0.970793335;3;6.706356868
8152;2038;3;0.970793335;4;5.574572139
8153;2039;2;0.753476717;1;2.622247629
8154;2039;2;0.753476717;2;3.029967849
8155;2039;2;0.753476717;3;4.3850061
8156;2039;2;0.753476717;4;6.985626433
8157;2040;4;0.801682149;1;5.878779105
8158;2040;4;0.801682149;2;7.922932687
8159;2040;4;0.801682149;3;7.911106463
8160;2040;4;0.801682149;4;7.535624355
8161;2041;4;0.119371871;1;1.811847999
8162;2041;4;0.119371871;2;2.877688997
8163;2041;4;0.119371871;3;6.095634218
8164;2041;4;0.119371871;4;5.261964916
8165;2042;4;0.165857697;1;4.428298925
8166;2042;4;0.165857697;2;5.067033721
8167;2042;4;0.165857697;3;5.529703289
8168;2042;4;0.165857697;4;5.651564378
8169;2043;2;0.0594997;1;3.457469736
8170;2043;2;0.0594997;2;3.645613052
8171;2043;2;0.0594997;3;4.079743518
8172;2043;2;0.0594997;4;7.87240487
8173;2044;0;0;1;-1.618127682
8174;2044;0;0;2;-1.792099171
8175;2044;0;0;3;-1.288760058
8176;2044;0;0;4;0.978030655
8177;2045;3;0.898080465;1;4.611141948
8178;2045;3;0.898080465;2;6.228834031
8179;2045;3;0.898080465;3;5.666569408
8180;2045;3;0.898080465;4;9.517837058
8181;2046;0;0;1;1.490190832
8182;2046;0;0;2;2.989409729
8183;2046;0;0;3;2.589289619
8184;2046;0;0;4;4.095618495
8185;2047;2;0.115930125;1;2.887003966
8186;2047;2;0.115930125;2;5.47394697
8187;2047;2;0.115930125;3;6.715229986
8188;2047;2;0.115930125;4;7.063695512
8189;2048;3;0.18810859;1;2.84368791
8190;2048;3;0.18810859;2;3.315905589
8191;2048;3;0.18810859;3;5.137902719
8192;2048;3;0.18810859;4;6.082817416
8193;2049;3;0.123955331;1;6.460393609
8194;2049;3;0.123955331;2;4.226547604
8195;2049;3;0.123955331;3;7.08019012
8196;2049;3;0.123955331;4;8.353034766
8197;2050;4;0.202933407;1;7.23065359
8198;2050;4;0.202933407;2;7.306864194
8199;2050;4;0.202933407;3;7.698677722
8200;2050;4;0.202933407;4;9.342222439
8201;2051;3;0.500665143;1;5.870800378
8202;2051;3;0.500665143;2;6.268963923
8203;2051;3;0.500665143;3;7.328089105
8204;2051;3;0.500665143;4;5.929238173
8205;2052;4;0.905626507;1;2.911309805
8206;2052;4;0.905626507;2;3.656002102
8207;2052;4;0.905626507;3;4.795664865
8208;2052;4;0.905626507;4;7.918547591
8209;2053;0;0;1;-0.324899888
8210;2053;0;0;2;2.225753797
8211;2053;0;0;3;0.200788078
8212;2053;0;0;4;3.685804062
8213;2054;3;0.517882218;1;3.626680008
8214;2054;3;0.517882218;2;5.394743694
8215;2054;3;0.517882218;3;5.012610741
8216;2054;3;0.517882218;4;8.050114355
8217;2055;0;0;1;-0.165543653
8218;2055;0;0;2;2.530756211
8219;2055;0;0;3;4.229325837
8220;2055;0;0;4;4.881221118
8221;2056;0;0;1;0.606530991
8222;2056;0;0;2;2.235903159
8223;2056;0;0;3;2.68969027
8224;2056;0;0;4;3.951200342
8225;2057;3;0.224893301;1;3.363483127
8226;2057;3;0.224893301;2;4.063589685
8227;2057;3;0.224893301;3;5.126891537
8228;2057;3;0.224893301;4;5.499277244
8229;2058;4;0.43354206;1;6.41812985
8230;2058;4;0.43354206;2;7.172077485
8231;2058;4;0.43354206;3;6.453228324
8232;2058;4;0.43354206;4;6.752366084
8233;2059;2;0.907977532;1;0.560565306
8234;2059;2;0.907977532;2;3.230220368
8235;2059;2;0.907977532;3;4.269527832
8236;2059;2;0.907977532;4;4.549498118
8237;2060;4;0.196752767;1;4.990378008
8238;2060;4;0.196752767;2;5.397319488
8239;2060;4;0.196752767;3;7.855635859
8240;2060;4;0.196752767;4;9.149926242
8241;2061;0;0;1;2.844999396
8242;2061;0;0;2;6.768452895
8243;2061;0;0;3;3.877410973
8244;2061;0;0;4;6.560129249
8245;2062;4;0.711961453;1;5.968160762
8246;2062;4;0.711961453;2;4.851479316
8247;2062;4;0.711961453;3;7.614214396
8248;2062;4;0.711961453;4;7.507578692
8249;2063;2;0.766529893;1;3.041904368
8250;2063;2;0.766529893;2;3.872388493
8251;2063;2;0.766529893;3;5.254834724
8252;2063;2;0.766529893;4;6.54230028
8253;2064;2;0.692858429;1;3.828899602
8254;2064;2;0.692858429;2;3.945607434
8255;2064;2;0.692858429;3;5.092313887
8256;2064;2;0.692858429;4;7.128800711
8257;2065;2;0.342939432;1;5.263303707
8258;2065;2;0.342939432;2;4.345129746
8259;2065;2;0.342939432;3;5.043781669
8260;2065;2;0.342939432;4;4.390367766
8261;2066;0;0;1;0.854947298
8262;2066;0;0;2;3.405490602
8263;2066;0;0;3;3.470994473
8264;2066;0;0;4;5.474823866
8265;2067;2;0.981765142;1;2.676877483
8266;2067;2;0.981765142;2;4.450492528
8267;2067;2;0.981765142;3;4.455742495
8268;2067;2;0.981765142;4;4.112404857
8269;2068;3;0.170631123;1;2.851502455
8270;2068;3;0.170631123;2;5.686001682
8271;2068;3;0.170631123;3;6.634665574
8272;2068;3;0.170631123;4;6.817116062
8273;2069;2;0.328755545;1;2.667841818
8274;2069;2;0.328755545;2;2.967224249
8275;2069;2;0.328755545;3;3.989752212
8276;2069;2;0.328755545;4;5.869468452
8277;2070;2;0.253859786;1;2.948268275
8278;2070;2;0.253859786;2;2.529317888
8279;2070;2;0.253859786;3;3.291892565
8280;2070;2;0.253859786;4;4.65985173
8281;2071;2;0.147581225;1;0.420481921
8282;2071;2;0.147581225;2;2.127570721
8283;2071;2;0.147581225;3;4.215024844
8284;2071;2;0.147581225;4;4.963061174
8285;2072;2;0.137761845;1;2.923089111
8286;2072;2;0.137761845;2;2.816225025
8287;2072;2;0.137761845;3;4.770067956
8288;2072;2;0.137761845;4;3.919101644
8289;2073;0;0;1;1.946705288
8290;2073;0;0;2;3.869722416
8291;2073;0;0;3;5.724532243
8292;2073;0;0;4;5.873640016
8293;2074;2;0.659152338;1;5.681371304
8294;2074;2;0.659152338;2;5.056041542
8295;2074;2;0.659152338;3;8.89626181
8296;2074;2;0.659152338;4;6.527119243
8297;2075;3;0.51990664;1;3.612105992
8298;2075;3;0.51990664;2;5.998218679
8299;2075;3;0.51990664;3;6.882956773
8300;2075;3;0.51990664;4;5.977607503
8301;2076;0;0;1;0.503148014
8302;2076;0;0;2;3.010385471
8303;2076;0;0;3;3.30871489
8304;2076;0;0;4;4.454657367
8305;2077;2;0.412706594;1;1.638074971
8306;2077;2;0.412706594;2;3.304915769
8307;2077;2;0.412706594;3;4.66820148
8308;2077;2;0.412706594;4;3.702135473
8309;2078;4;0.530880042;1;3.684376758
8310;2078;4;0.530880042;2;3.822280193
8311;2078;4;0.530880042;3;5.173327047
8312;2078;4;0.530880042;4;4.458474693
8313;2079;4;0.251780041;1;3.758524277
8314;2079;4;0.251780041;2;6.471329978
8315;2079;4;0.251780041;3;6.370201669
8316;2079;4;0.251780041;4;8.146880974
8317;2080;3;0.132017929;1;5.460187422
8318;2080;3;0.132017929;2;5.893825725
8319;2080;3;0.132017929;3;6.898811888
8320;2080;3;0.132017929;4;5.976444624
8321;2081;4;0.460958304;1;5.293265627
8322;2081;4;0.460958304;2;6.067227407
8323;2081;4;0.460958304;3;7.489430725
8324;2081;4;0.460958304;4;7.316842823
8325;2082;2;0.957779297;1;1.465800581
8326;2082;2;0.957779297;2;1.704204062
8327;2082;2;0.957779297;3;4.824809027
8328;2082;2;0.957779297;4;4.545459131
8329;2083;2;0.561923142;1;0.737151991
8330;2083;2;0.561923142;2;2.90000527
8331;2083;2;0.561923142;3;3.907416707
8332;2083;2;0.561923142;4;3.958779818
8333;2084;3;0.430693755;1;4.481426593
8334;2084;3;0.430693755;2;2.839577306
8335;2084;3;0.430693755;3;5.471885638
8336;2084;3;0.430693755;4;6.474082423
8337;2085;3;0.006924926;1;2.668627487
8338;2085;3;0.006924926;2;5.14659239
8339;2085;3;0.006924926;3;5.915534487
8340;2085;3;0.006924926;4;6.833382181
8341;2086;3;0.801905735;1;7.085859897
8342;2086;3;0.801905735;2;5.636280771
8343;2086;3;0.801905735;3;7.291230368
8344;2086;3;0.801905735;4;8.02029631
8345;2087;4;0.056790775;1;4.925252466
8346;2087;4;0.056790775;2;5.57539878
8347;2087;4;0.056790775;3;5.000037368
8348;2087;4;0.056790775;4;6.922617393
8349;2088;2;0.074263548;1;2.824988056
8350;2088;2;0.074263548;2;4.663135207
8351;2088;2;0.074263548;3;5.029235574
8352;2088;2;0.074263548;4;8.426780543
8353;2089;0;0;1;1.696364401
8354;2089;0;0;2;3.894731143
8355;2089;0;0;3;6.390197066
8356;2089;0;0;4;5.633533279
8357;2090;3;0.890271615;1;3.34737044
8358;2090;3;0.890271615;2;4.21242154
8359;2090;3;0.890271615;3;5.005463787
8360;2090;3;0.890271615;4;6.781201963
8361;2091;0;0;1;1.582088154
8362;2091;0;0;2;3.749162893
8363;2091;0;0;3;3.17901363
8364;2091;0;0;4;4.960858614
8365;2092;4;0.766849018;1;4.372179277
8366;2092;4;0.766849018;2;5.808513613
8367;2092;4;0.766849018;3;7.239937981
8368;2092;4;0.766849018;4;8.914387034
8369;2093;0;0;1;0.399036176
8370;2093;0;0;2;3.367027958
8371;2093;0;0;3;4.608158866
8372;2093;0;0;4;3.846337606
8373;2094;2;0.541114247;1;4.232198874
8374;2094;2;0.541114247;2;4.247534333
8375;2094;2;0.541114247;3;5.198268598
8376;2094;2;0.541114247;4;6.617079935
8377;2095;3;0.415538134;1;3.551870086
8378;2095;3;0.415538134;2;4.382827518
8379;2095;3;0.415538134;3;3.586166379
8380;2095;3;0.415538134;4;4.748930701
8381;2096;2;0.634512581;1;4.320600909
8382;2096;2;0.634512581;2;5.559989301
8383;2096;2;0.634512581;3;6.852565681
8384;2096;2;0.634512581;4;7.282644395
8385;2097;2;0.92801596;1;2.901807472
8386;2097;2;0.92801596;2;4.44795827
8387;2097;2;0.92801596;3;6.112326915
8388;2097;2;0.92801596;4;8.322607805
8389;2098;0;0;1;1.514189317
8390;2098;0;0;2;2.260909086
8391;2098;0;0;3;2.693300864
8392;2098;0;0;4;4.441510432
8393;2099;2;0.131853976;1;2.927890512
8394;2099;2;0.131853976;2;1.941750688
8395;2099;2;0.131853976;3;3.905070974
8396;2099;2;0.131853976;4;7.741973
8397;2100;3;0.480438785;1;4.600268474
8398;2100;3;0.480438785;2;7.934685321
8399;2100;3;0.480438785;3;9.071862988
8400;2100;3;0.480438785;4;10.5254931
8401;2101;3;0.984250384;1;4.110457129
8402;2101;3;0.984250384;2;4.534966787
8403;2101;3;0.984250384;3;5.507080584
8404;2101;3;0.984250384;4;6.38761918
8405;2102;0;0;1;2.078363847
8406;2102;0;0;2;2.074967375
8407;2102;0;0;3;1.163209029
8408;2102;0;0;4;1.24614703
8409;2103;4;0.399913255;1;3.970739769
8410;2103;4;0.399913255;2;4.28147176
8411;2103;4;0.399913255;3;6.085057305
8412;2103;4;0.399913255;4;6.233587895
8413;2104;0;0;1;0.017057076
8414;2104;0;0;2;0.002431781
8415;2104;0;0;3;2.677641555
8416;2104;0;0;4;3.103654685
8417;2105;4;0.072002667;1;6.278313265
8418;2105;4;0.072002667;2;3.701987557
8419;2105;4;0.072002667;3;6.965004719
8420;2105;4;0.072002667;4;4.522726791
8421;2106;4;0.160888959;1;9.527726508
8422;2106;4;0.160888959;2;8.338761265
8423;2106;4;0.160888959;3;11.17523987
8424;2106;4;0.160888959;4;11.36035962
8425;2107;4;0.183625518;1;5.851955722
8426;2107;4;0.183625518;2;3.887080799
8427;2107;4;0.183625518;3;5.650376659
8428;2107;4;0.183625518;4;6.234301704
8429;2108;4;0.110740008;1;7.784314552
8430;2108;4;0.110740008;2;6.652715332
8431;2108;4;0.110740008;3;8.846935139
8432;2108;4;0.110740008;4;9.44377743
8433;2109;0;0;1;0.181052688
8434;2109;0;0;2;0.923668487
8435;2109;0;0;3;0.916384621
8436;2109;0;0;4;2.792345572
8437;2110;4;0.644825841;1;7.036529253
8438;2110;4;0.644825841;2;8.712218713
8439;2110;4;0.644825841;3;8.60236779
8440;2110;4;0.644825841;4;9.116806186
8441;2111;4;0.708856569;1;5.271040429
8442;2111;4;0.708856569;2;5.986940281
8443;2111;4;0.708856569;3;8.014512099
8444;2111;4;0.708856569;4;6.806350823
8445;2112;4;0.832684974;1;3.034217304
8446;2112;4;0.832684974;2;6.50541012
8447;2112;4;0.832684974;3;7.456624446
8448;2112;4;0.832684974;4;5.108472321
8449;2113;3;0.408758395;1;3.070635565
8450;2113;3;0.408758395;2;6.383189953
8451;2113;3;0.408758395;3;5.767291592
8452;2113;3;0.408758395;4;5.599583697
8453;2114;2;0.295204182;1;4.821044088
8454;2114;2;0.295204182;2;3.509446059
8455;2114;2;0.295204182;3;6.590291102
8456;2114;2;0.295204182;4;7.199893131
8457;2115;3;0.187264717;1;2.829801202
8458;2115;3;0.187264717;2;4.569026311
8459;2115;3;0.187264717;3;4.467798676
8460;2115;3;0.187264717;4;6.704989166
8461;2116;0;0;1;0.335122947
8462;2116;0;0;2;2.594235571
8463;2116;0;0;3;3.920824199
8464;2116;0;0;4;3.391442892
8465;2117;4;0.138725111;1;4.93378877
8466;2117;4;0.138725111;2;6.597942614
8467;2117;4;0.138725111;3;8.016231051
8468;2117;4;0.138725111;4;9.891111075
8469;2118;2;0.105544275;1;5.95923088
8470;2118;2;0.105544275;2;5.596461012
8471;2118;2;0.105544275;3;7.810310496
8472;2118;2;0.105544275;4;6.676696566
8473;2119;2;0.751377217;1;1.147791391
8474;2119;2;0.751377217;2;3.454567302
8475;2119;2;0.751377217;3;5.436289939
8476;2119;2;0.751377217;4;7.318902376
8477;2120;3;0.709853245;1;5.590497302
8478;2120;3;0.709853245;2;5.961520361
8479;2120;3;0.709853245;3;5.276852243
8480;2120;3;0.709853245;4;5.608061647
8481;2121;0;0;1;0.071853581
8482;2121;0;0;2;2.388802263
8483;2121;0;0;3;3.800686403
8484;2121;0;0;4;6.239585548
8485;2122;3;0.554209334;1;5.065734995
8486;2122;3;0.554209334;2;4.493668164
8487;2122;3;0.554209334;3;4.845179964
8488;2122;3;0.554209334;4;7.104836278
8489;2123;3;0.613563067;1;3.280682667
8490;2123;3;0.613563067;2;6.010234512
8491;2123;3;0.613563067;3;6.424721482
8492;2123;3;0.613563067;4;7.578498411
8493;2124;0;0;1;-0.599871741
8494;2124;0;0;2;1.915888497
8495;2124;0;0;3;5.509257148
8496;2124;0;0;4;5.519622509
8497;2125;3;0.433223543;1;7.080750943
8498;2125;3;0.433223543;2;4.995262933
8499;2125;3;0.433223543;3;6.319395181
8500;2125;3;0.433223543;4;7.933803418
8501;2126;4;0.324069649;1;6.121223815
8502;2126;4;0.324069649;2;7.386435843
8503;2126;4;0.324069649;3;7.900998042
8504;2126;4;0.324069649;4;7.943973285
8505;2127;2;0.069497838;1;2.709088286
8506;2127;2;0.069497838;2;3.925587814
8507;2127;2;0.069497838;3;5.593008634
8508;2127;2;0.069497838;4;4.808500506
8509;2128;4;0.627754781;1;9.493054179
8510;2128;4;0.627754781;2;8.727757441
8511;2128;4;0.627754781;3;9.332667857
8512;2128;4;0.627754781;4;9.449754882
8513;2129;0;0;1;1.041931781
8514;2129;0;0;2;1.551178004
8515;2129;0;0;3;3.047909635
8516;2129;0;0;4;5.453441676
8517;2130;3;0.184491663;1;3.442457575
8518;2130;3;0.184491663;2;3.158611006
8519;2130;3;0.184491663;3;4.768454011
8520;2130;3;0.184491663;4;7.64139072
8521;2131;2;0.545137035;1;2.046251742
8522;2131;2;0.545137035;2;1.851846775
8523;2131;2;0.545137035;3;4.205061224
8524;2131;2;0.545137035;4;4.024351159
8525;2132;3;0.612235205;1;2.799287445
8526;2132;3;0.612235205;2;3.93722446
8527;2132;3;0.612235205;3;5.700160141
8528;2132;3;0.612235205;4;6.552343544
8529;2133;3;0.937101811;1;2.053029144
8530;2133;3;0.937101811;2;4.305022327
8531;2133;3;0.937101811;3;4.756217055
8532;2133;3;0.937101811;4;6.798873236
8533;2134;4;0.997121311;1;5.643850949
8534;2134;4;0.997121311;2;6.139845457
8535;2134;4;0.997121311;3;8.734718492
8536;2134;4;0.997121311;4;9.685990335
8537;2135;4;0.958543168;1;6.370231836
8538;2135;4;0.958543168;2;7.60523827
8539;2135;4;0.958543168;3;7.794597302
8540;2135;4;0.958543168;4;9.820540215
8541;2136;4;0.513351476;1;3.600759036
8542;2136;4;0.513351476;2;3.896146735
8543;2136;4;0.513351476;3;6.815797977
8544;2136;4;0.513351476;4;5.817236997
8545;2137;3;0.557521907;1;2.491560898
8546;2137;3;0.557521907;2;6.618716881
8547;2137;3;0.557521907;3;6.064020217
8548;2137;3;0.557521907;4;7.428729384
8549;2138;4;0.110857647;1;5.136538703
8550;2138;4;0.110857647;2;6.456822538
8551;2138;4;0.110857647;3;5.921840198
8552;2138;4;0.110857647;4;8.058218081
8553;2139;4;0.403954161;1;3.507383523
8554;2139;4;0.403954161;2;5.052597407
8555;2139;4;0.403954161;3;7.001559102
8556;2139;4;0.403954161;4;7.350923874
8557;2140;4;0.51417608;1;2.942794147
8558;2140;4;0.51417608;2;5.238659462
8559;2140;4;0.51417608;3;9.254060087
8560;2140;4;0.51417608;4;5.882378031
8561;2141;2;0.005703741;1;1.656977866
8562;2141;2;0.005703741;2;4.83016255
8563;2141;2;0.005703741;3;5.760406263
8564;2141;2;0.005703741;4;6.235401707
8565;2142;4;0.47616882;1;6.998818181
8566;2142;4;0.47616882;2;7.846671467
8567;2142;4;0.47616882;3;7.519933042
8568;2142;4;0.47616882;4;6.956459764
8569;2143;3;0.493783411;1;3.728033985
8570;2143;3;0.493783411;2;4.74340628
8571;2143;3;0.493783411;3;6.323300581
8572;2143;3;0.493783411;4;7.549575208
8573;2144;3;0.56511755;1;6.065177912
8574;2144;3;0.56511755;2;5.004429947
8575;2144;3;0.56511755;3;7.490389212
8576;2144;3;0.56511755;4;7.297350648
8577;2145;2;0.439802695;1;2.787331313
8578;2145;2;0.439802695;2;5.612621347
8579;2145;2;0.439802695;3;5.546676698
8580;2145;2;0.439802695;4;6.495707847
8581;2146;2;0.562709147;1;1.482855198
8582;2146;2;0.562709147;2;5.783804407
8583;2146;2;0.562709147;3;6.403279167
8584;2146;2;0.562709147;4;5.921564367
8585;2147;2;0.926025326;1;-0.600144474
8586;2147;2;0.926025326;2;4.001980804
8587;2147;2;0.926025326;3;4.054207044
8588;2147;2;0.926025326;4;4.985369533
8589;2148;4;0.325274088;1;6.775669418
8590;2148;4;0.325274088;2;8.384528044
8591;2148;4;0.325274088;3;7.976095252
8592;2148;4;0.325274088;4;10.31558384
8593;2149;0;0;1;3.255422415
8594;2149;0;0;2;2.32177361
8595;2149;0;0;3;3.851856195
8596;2149;0;0;4;4.97480182
8597;2150;2;0.44494741;1;2.165243145
8598;2150;2;0.44494741;2;2.497488575
8599;2150;2;0.44494741;3;2.758474007
8600;2150;2;0.44494741;4;5.018894029
8601;2151;4;0.865442621;1;6.058346749
8602;2151;4;0.865442621;2;6.472500051
8603;2151;4;0.865442621;3;8.397284884
8604;2151;4;0.865442621;4;8.451715886
8605;2152;0;0;1;-0.414100814
8606;2152;0;0;2;1.723964468
8607;2152;0;0;3;2.971595072
8608;2152;0;0;4;5.507988037
8609;2153;4;0.235983503;1;5.818280797
8610;2153;4;0.235983503;2;7.245897876
8611;2153;4;0.235983503;3;7.302672641
8612;2153;4;0.235983503;4;8.987346437
8613;2154;0;0;1;1.620055936
8614;2154;0;0;2;1.995339357
8615;2154;0;0;3;0.67287617
8616;2154;0;0;4;1.9476313
8617;2155;2;0.345012826;1;-0.00353171
8618;2155;2;0.345012826;2;3.018218783
8619;2155;2;0.345012826;3;3.289524953
8620;2155;2;0.345012826;4;4.530916818
8621;2156;0;0;1;0.767246731
8622;2156;0;0;2;-0.009131797
8623;2156;0;0;3;1.512934898
8624;2156;0;0;4;2.413536395
8625;2157;3;0.611388339;1;4.738775663
8626;2157;3;0.611388339;2;6.0396066
8627;2157;3;0.611388339;3;6.232472095
8628;2157;3;0.611388339;4;7.509550303
8629;2158;3;0.048173456;1;1.999333326
8630;2158;3;0.048173456;2;4.950469721
8631;2158;3;0.048173456;3;4.675575299
8632;2158;3;0.048173456;4;6.49932263
8633;2159;2;0.788104867;1;4.293032244
8634;2159;2;0.788104867;2;4.441372655
8635;2159;2;0.788104867;3;4.907128835
8636;2159;2;0.788104867;4;7.699454264
8637;2160;3;0.731011202;1;4.498201771
8638;2160;3;0.731011202;2;8.024598343
8639;2160;3;0.731011202;3;8.814167345
8640;2160;3;0.731011202;4;7.134407458
8641;2161;4;0.43648139;1;2.689015341
8642;2161;4;0.43648139;2;3.783349781
8643;2161;4;0.43648139;3;6.653692277
8644;2161;4;0.43648139;4;6.710401477
8645;2162;3;0.464837849;1;6.044196362
8646;2162;3;0.464837849;2;6.781129063
8647;2162;3;0.464837849;3;8.836108026
8648;2162;3;0.464837849;4;9.660632328
8649;2163;0;0;1;1.764003989
8650;2163;0;0;2;0.100782357
8651;2163;0;0;3;2.713038618
8652;2163;0;0;4;2.895242062
8653;2164;2;0.601209861;1;2.219495554
8654;2164;2;0.601209861;2;2.648203918
8655;2164;2;0.601209861;3;4.676457503
8656;2164;2;0.601209861;4;7.283912633
8657;2165;4;0.946065727;1;6.327040559
8658;2165;4;0.946065727;2;6.578347153
8659;2165;4;0.946065727;3;9.924975522
8660;2165;4;0.946065727;4;11.32020505
8661;2166;4;0.55772014;1;5.073669502
8662;2166;4;0.55772014;2;5.723737505
8663;2166;4;0.55772014;3;7.969014134
8664;2166;4;0.55772014;4;6.926877029
8665;2167;3;0.403841873;1;5.259659398
8666;2167;3;0.403841873;2;5.04820477
8667;2167;3;0.403841873;3;7.79460297
8668;2167;3;0.403841873;4;8.993718601
8669;2168;4;0.83358857;1;6.400914097
8670;2168;4;0.83358857;2;5.84873151
8671;2168;4;0.83358857;3;8.28439329
8672;2168;4;0.83358857;4;8.191873171
8673;2169;4;0.12125025;1;4.131264321
8674;2169;4;0.12125025;2;6.972343335
8675;2169;4;0.12125025;3;7.037630518
8676;2169;4;0.12125025;4;8.376645222
8677;2170;4;0.018303313;1;2.707081753
8678;2170;4;0.018303313;2;4.915575907
8679;2170;4;0.018303313;3;7.761431167
8680;2170;4;0.018303313;4;8.993227525
8681;2171;4;0.468141351;1;5.388572126
8682;2171;4;0.468141351;2;7.363957638
8683;2171;4;0.468141351;3;6.72505451
8684;2171;4;0.468141351;4;8.09595824
8685;2172;4;0.400749787;1;4.93427992
8686;2172;4;0.400749787;2;4.936908242
8687;2172;4;0.400749787;3;7.229227986
8688;2172;4;0.400749787;4;5.773222953
8689;2173;0;0;1;-1.400679763
8690;2173;0;0;2;-1.24477621
8691;2173;0;0;3;1.910129525
8692;2173;0;0;4;1.744258837
8693;2174;2;0.085352564;1;-0.490036902
8694;2174;2;0.085352564;2;3.594667769
8695;2174;2;0.085352564;3;2.861702731
8696;2174;2;0.085352564;4;5.007558755
8697;2175;3;0.276351504;1;2.439194391
8698;2175;3;0.276351504;2;3.83574324
8699;2175;3;0.276351504;3;5.184936235
8700;2175;3;0.276351504;4;5.470288911
8701;2176;2;0.209375793;1;4.56702245
8702;2176;2;0.209375793;2;3.807326104
8703;2176;2;0.209375793;3;4.356274817
8704;2176;2;0.209375793;4;5.241863077
8705;2177;2;0.519607887;1;3.770582764
8706;2177;2;0.519607887;2;2.367833957
8707;2177;2;0.519607887;3;5.974645679
8708;2177;2;0.519607887;4;7.775169742
8709;2178;2;0.301279985;1;2.978992444
8710;2178;2;0.301279985;2;4.362229931
8711;2178;2;0.301279985;3;5.689715116
8712;2178;2;0.301279985;4;5.237614593
8713;2179;3;0.722625696;1;4.075728969
8714;2179;3;0.722625696;2;3.728443646
8715;2179;3;0.722625696;3;7.138183865
8716;2179;3;0.722625696;4;6.757395468
8717;2180;4;0.623007661;1;6.421517199
8718;2180;4;0.623007661;2;7.530319746
8719;2180;4;0.623007661;3;8.670741489
8720;2180;4;0.623007661;4;11.70462558
8721;2181;4;0.388747888;1;3.992472107
8722;2181;4;0.388747888;2;6.69989414
8723;2181;4;0.388747888;3;6.397523826
8724;2181;4;0.388747888;4;8.017883903
8725;2182;2;0.257714759;1;3.483736979
8726;2182;2;0.257714759;2;5.779126553
8727;2182;2;0.257714759;3;6.44957176
8728;2182;2;0.257714759;4;6.280881505
8729;2183;0;0;1;3.283155492
8730;2183;0;0;2;3.697571234
8731;2183;0;0;3;5.361093394
8732;2183;0;0;4;4.001064906
8733;2184;0;0;1;0.636957781
8734;2184;0;0;2;0.073744394
8735;2184;0;0;3;2.535943255
8736;2184;0;0;4;3.355342896
8737;2185;3;0.416213501;1;0.772839288
8738;2185;3;0.416213501;2;-0.095846431
8739;2185;3;0.416213501;3;3.942069552
8740;2185;3;0.416213501;4;5.16390845
8741;2186;0;0;1;1.81852277
8742;2186;0;0;2;2.286270364
8743;2186;0;0;3;5.654946719
8744;2186;0;0;4;5.613325196
8745;2187;4;0.80058292;1;4.863042128
8746;2187;4;0.80058292;2;7.804799209
8747;2187;4;0.80058292;3;9.864907241
8748;2187;4;0.80058292;4;8.743414954
8749;2188;3;0.581986333;1;3.398017597
8750;2188;3;0.581986333;2;4.934996052
8751;2188;3;0.581986333;3;6.3892599
8752;2188;3;0.581986333;4;7.4930099
8753;2189;3;0.065669891;1;3.295721521
8754;2189;3;0.065669891;2;4.623585771
8755;2189;3;0.065669891;3;4.339198739
8756;2189;3;0.065669891;4;6.858009729
8757;2190;4;0.183068947;1;4.994372703
8758;2190;4;0.183068947;2;9.404790134
8759;2190;4;0.183068947;3;7.505110344
8760;2190;4;0.183068947;4;9.251255501
8761;2191;0;0;1;0.665165292
8762;2191;0;0;2;1.194329729
8763;2191;0;0;3;4.766936773
8764;2191;0;0;4;3.627508331
8765;2192;0;0;1;1.857510082
8766;2192;0;0;2;-0.081084175
8767;2192;0;0;3;0.808247977
8768;2192;0;0;4;4.123646847
8769;2193;0;0;1;-0.493269412
8770;2193;0;0;2;2.061549262
8771;2193;0;0;3;-0.298997925
8772;2193;0;0;4;1.49201971
8773;2194;0;0;1;0.281368628
8774;2194;0;0;2;0.39962213
8775;2194;0;0;3;2.797932836
8776;2194;0;0;4;2.397768986
8777;2195;3;0.078720405;1;9.034302209
8778;2195;3;0.078720405;2;6.504485354
8779;2195;3;0.078720405;3;8.532301821
8780;2195;3;0.078720405;4;10.95166109
8781;2196;3;0.88778573;1;4.648490947
8782;2196;3;0.88778573;2;5.56803738
8783;2196;3;0.88778573;3;7.837809733
8784;2196;3;0.88778573;4;7.236491834
8785;2197;3;0.23997174;1;3.502628705
8786;2197;3;0.23997174;2;7.454988052
8787;2197;3;0.23997174;3;8.929992788
8788;2197;3;0.23997174;4;8.434113195
8789;2198;2;0.117012759;1;1.10676072
8790;2198;2;0.117012759;2;4.771836856
8791;2198;2;0.117012759;3;4.509349736
8792;2198;2;0.117012759;4;4.13768825
8793;2199;3;0.995853581;1;4.818091327
8794;2199;3;0.995853581;2;4.886873907
8795;2199;3;0.995853581;3;7.7943194
8796;2199;3;0.995853581;4;8.351564442
8797;2200;3;0.54035128;1;5.492806489
8798;2200;3;0.54035128;2;7.342642333
8799;2200;3;0.54035128;3;5.599268372
8800;2200;3;0.54035128;4;5.67678115
8801;2201;4;0.105931984;1;4.528840398
8802;2201;4;0.105931984;2;6.758593092
8803;2201;4;0.105931984;3;6.847802613
8804;2201;4;0.105931984;4;7.421552945
8805;2202;3;0.043881621;1;3.400240962
8806;2202;3;0.043881621;2;6.164091079
8807;2202;3;0.043881621;3;6.394802419
8808;2202;3;0.043881621;4;5.099460735
8809;2203;3;0.069912165;1;6.288246396
8810;2203;3;0.069912165;2;4.381776287
8811;2203;3;0.069912165;3;6.142788335
8812;2203;3;0.069912165;4;7.372764915
8813;2204;3;0.862542372;1;3.859968021
8814;2204;3;0.862542372;2;2.402018689
8815;2204;3;0.862542372;3;5.180744621
8816;2204;3;0.862542372;4;6.705446663
8817;2205;4;0.12826624;1;3.377046189
8818;2205;4;0.12826624;2;5.203060446
8819;2205;4;0.12826624;3;4.594765542
8820;2205;4;0.12826624;4;7.364819172
8821;2206;0;0;1;2.797002675
8822;2206;0;0;2;4.454485299
8823;2206;0;0;3;4.561342965
8824;2206;0;0;4;2.555826047
8825;2207;2;0.310359712;1;1.612967044
8826;2207;2;0.310359712;2;2.534041764
8827;2207;2;0.310359712;3;3.639462003
8828;2207;2;0.310359712;4;4.13872163
8829;2208;2;0.465515458;1;0.783972036
8830;2208;2;0.465515458;2;3.379374509
8831;2208;2;0.465515458;3;4.02894734
8832;2208;2;0.465515458;4;6.461619663
8833;2209;2;0.080471124;1;2.814120615
8834;2209;2;0.080471124;2;3.668487391
8835;2209;2;0.080471124;3;5.83577465
8836;2209;2;0.080471124;4;7.679540645
8837;2210;4;0.035679346;1;3.29892754
8838;2210;4;0.035679346;2;4.1754083
8839;2210;4;0.035679346;3;6.053203252
8840;2210;4;0.035679346;4;5.758362056
8841;2211;0;0;1;1.735585352
8842;2211;0;0;2;1.88416381
8843;2211;0;0;3;2.027945546
8844;2211;0;0;4;3.51281043
8845;2212;3;0.445700616;1;5.878579357
8846;2212;3;0.445700616;2;4.19120667
8847;2212;3;0.445700616;3;5.550009336
8848;2212;3;0.445700616;4;7.645964961
8849;2213;4;0.432335062;1;6.272368879
8850;2213;4;0.432335062;2;6.056100312
8851;2213;4;0.432335062;3;7.128999243
8852;2213;4;0.432335062;4;8.922789122
8853;2214;2;0.043956715;1;3.749871583
8854;2214;2;0.043956715;2;4.816200875
8855;2214;2;0.043956715;3;4.198475315
8856;2214;2;0.043956715;4;5.470076108
8857;2215;3;0.062818037;1;5.773621309
8858;2215;3;0.062818037;2;7.997480538
8859;2215;3;0.062818037;3;7.962422146
8860;2215;3;0.062818037;4;7.519141189
8861;2216;2;0.813808063;1;6.214655875
8862;2216;2;0.813808063;2;8.272919472
8863;2216;2;0.813808063;3;6.7175368
8864;2216;2;0.813808063;4;6.512753979
8865;2217;0;0;1;0.87031636
8866;2217;0;0;2;0.961821203
8867;2217;0;0;3;1.572692721
8868;2217;0;0;4;4.310904722
8869;2218;2;0.431162525;1;4.464819927
8870;2218;2;0.431162525;2;8.030481506
8871;2218;2;0.431162525;3;5.879272941
8872;2218;2;0.431162525;4;7.987121416
8873;2219;3;0.400235281;1;5.637419546
8874;2219;3;0.400235281;2;5.195955033
8875;2219;3;0.400235281;3;3.973799968
8876;2219;3;0.400235281;4;5.978586404
8877;2220;4;0.856176841;1;4.881505578
8878;2220;4;0.856176841;2;5.777730337
8879;2220;4;0.856176841;3;7.400787806
8880;2220;4;0.856176841;4;9.138311213
8881;2221;3;0.536421482;1;4.740653848
8882;2221;3;0.536421482;2;4.940872331
8883;2221;3;0.536421482;3;8.165292647
8884;2221;3;0.536421482;4;9.239063892
8885;2222;0;0;1;1.626466125
8886;2222;0;0;2;1.385013688
8887;2222;0;0;3;3.78060744
8888;2222;0;0;4;4.575476207
8889;2223;2;0.850831858;1;4.324831253
8890;2223;2;0.850831858;2;2.875054912
8891;2223;2;0.850831858;3;6.586667359
8892;2223;2;0.850831858;4;7.667289748
8893;2224;3;0.520610109;1;3.381959084
8894;2224;3;0.520610109;2;3.551825049
8895;2224;3;0.520610109;3;3.549498011
8896;2224;3;0.520610109;4;5.756572925
8897;2225;3;0.419306266;1;3.705912025
8898;2225;3;0.419306266;2;5.699447839
8899;2225;3;0.419306266;3;5.472804784
8900;2225;3;0.419306266;4;5.894071964
8901;2226;3;0.467618766;1;3.443023892
8902;2226;3;0.467618766;2;3.274629463
8903;2226;3;0.467618766;3;5.874342038
8904;2226;3;0.467618766;4;6.767174812
8905;2227;3;0.054708099;1;3.111346314
8906;2227;3;0.054708099;2;5.891121006
8907;2227;3;0.054708099;3;7.165004119
8908;2227;3;0.054708099;4;6.565373959
8909;2228;0;0;1;1.2163858
8910;2228;0;0;2;2.588182876
8911;2228;0;0;3;4.376501748
8912;2228;0;0;4;4.691642267
8913;2229;4;0.668764086;1;3.639708877
8914;2229;4;0.668764086;2;4.442108581
8915;2229;4;0.668764086;3;6.757831552
8916;2229;4;0.668764086;4;7.497765837
8917;2230;0;0;1;0.439780088
8918;2230;0;0;2;1.75335248
8919;2230;0;0;3;1.035771958
8920;2230;0;0;4;4.423924634
8921;2231;4;0.294658963;1;5.555154244
8922;2231;4;0.294658963;2;6.188784192
8923;2231;4;0.294658963;3;8.674172069
8924;2231;4;0.294658963;4;8.557074338
8925;2232;4;0.01776653;1;8.097256099
8926;2232;4;0.01776653;2;8.293802947
8927;2232;4;0.01776653;3;8.308952358
8928;2232;4;0.01776653;4;8.020816538
8929;2233;0;0;1;1.035746133
8930;2233;0;0;2;0.281656169
8931;2233;0;0;3;0.744104616
8932;2233;0;0;4;3.163775323
8933;2234;4;0.25178217;1;4.886793854
8934;2234;4;0.25178217;2;6.227607047
8935;2234;4;0.25178217;3;6.763996401
8936;2234;4;0.25178217;4;7.348537312
8937;2235;4;0.87214416;1;4.853974263
8938;2235;4;0.87214416;2;4.689133978
8939;2235;4;0.87214416;3;6.145806043
8940;2235;4;0.87214416;4;8.10745577
8941;2236;0;0;1;1.498039186
8942;2236;0;0;2;2.060252127
8943;2236;0;0;3;2.980266616
8944;2236;0;0;4;5.064869664
8945;2237;0;0;1;1.137482175
8946;2237;0;0;2;1.744534459
8947;2237;0;0;3;2.792381446
8948;2237;0;0;4;3.154000844
8949;2238;4;0.303535788;1;4.474486622
8950;2238;4;0.303535788;2;6.311899237
8951;2238;4;0.303535788;3;6.057937902
8952;2238;4;0.303535788;4;7.751269149
8953;2239;0;0;1;-0.095049744
8954;2239;0;0;2;2.617722385
8955;2239;0;0;3;3.261046705
8956;2239;0;0;4;5.517863298
8957;2240;4;0.140371642;1;3.996072081
8958;2240;4;0.140371642;2;6.993428237
8959;2240;4;0.140371642;3;5.072301381
8960;2240;4;0.140371642;4;7.680101776
8961;2241;2;0.438301059;1;2.516981086
8962;2241;2;0.438301059;2;2.927517936
8963;2241;2;0.438301059;3;5.823387291
8964;2241;2;0.438301059;4;6.273286332
8965;2242;0;0;1;-0.088477079
8966;2242;0;0;2;1.177117573
8967;2242;0;0;3;4.264083972
8968;2242;0;0;4;2.801930946
8969;2243;3;0.828701898;1;3.449041321
8970;2243;3;0.828701898;2;5.262835573
8971;2243;3;0.828701898;3;5.736433217
8972;2243;3;0.828701898;4;8.287671971
8973;2244;4;0.505260589;1;8.729943836
8974;2244;4;0.505260589;2;8.209725018
8975;2244;4;0.505260589;3;9.725520109
8976;2244;4;0.505260589;4;9.707908362
8977;2245;4;0.767496062;1;4.8667879
8978;2245;4;0.767496062;2;7.030085685
8979;2245;4;0.767496062;3;6.947206639
8980;2245;4;0.767496062;4;5.594684342
8981;2246;2;0.424511168;1;2.276384909
8982;2246;2;0.424511168;2;1.149638078
8983;2246;2;0.424511168;3;5.486320055
8984;2246;2;0.424511168;4;8.257815912
8985;2247;2;0.420499679;1;3.268405919
8986;2247;2;0.420499679;2;3.010725846
8987;2247;2;0.420499679;3;6.440185875
8988;2247;2;0.420499679;4;6.540329817
8989;2248;0;0;1;-0.687379597
8990;2248;0;0;2;1.794063322
8991;2248;0;0;3;2.443710413
8992;2248;0;0;4;3.468924034
8993;2249;2;0.977325408;1;0.622995454
8994;2249;2;0.977325408;2;1.536786405
8995;2249;2;0.977325408;3;5.182451396
8996;2249;2;0.977325408;4;4.370940701
8997;2250;3;0.91269668;1;3.016692108
8998;2250;3;0.91269668;2;5.02540428
8999;2250;3;0.91269668;3;3.392120391
9000;2250;3;0.91269668;4;6.849755049
9001;2251;4;0.717159178;1;5.237207817
9002;2251;4;0.717159178;2;3.80810198
9003;2251;4;0.717159178;3;8.586753559
9004;2251;4;0.717159178;4;7.648691554
9005;2252;3;0.593736774;1;5.061026838
9006;2252;3;0.593736774;2;5.440803806
9007;2252;3;0.593736774;3;6.972677736
9008;2252;3;0.593736774;4;5.713746437
9009;2253;3;0.253049071;1;2.868980456
9010;2253;3;0.253049071;2;5.862722684
9011;2253;3;0.253049071;3;5.026717705
9012;2253;3;0.253049071;4;7.942240992
9013;2254;3;0.554906202;1;2.285685888
9014;2254;3;0.554906202;2;2.703209054
9015;2254;3;0.554906202;3;6.179101248
9016;2254;3;0.554906202;4;5.633797097
9017;2255;2;0.415861339;1;1.884119414
9018;2255;2;0.415861339;2;4.214390764
9019;2255;2;0.415861339;3;5.253610599
9020;2255;2;0.415861339;4;7.000571698
9021;2256;4;0.396067371;1;3.002542309
9022;2256;4;0.396067371;2;4.12708023
9023;2256;4;0.396067371;3;4.68163823
9024;2256;4;0.396067371;4;7.283898553
9025;2257;0;0;1;-0.015538741
9026;2257;0;0;2;0.544401502
9027;2257;0;0;3;2.312093311
9028;2257;0;0;4;1.614287232
9029;2258;2;0.223729846;1;1.77131766
9030;2258;2;0.223729846;2;1.517989362
9031;2258;2;0.223729846;3;4.966363445
9032;2258;2;0.223729846;4;4.135939682
9033;2259;2;0.908599908;1;4.731273261
9034;2259;2;0.908599908;2;6.709347721
9035;2259;2;0.908599908;3;6.846391946
9036;2259;2;0.908599908;4;7.820702208
9037;2260;2;0.776638416;1;3.309072247
9038;2260;2;0.776638416;2;3.143667664
9039;2260;2;0.776638416;3;7.047459594
9040;2260;2;0.776638416;4;6.888379215
9041;2261;4;0.902332207;1;5.66305083
9042;2261;4;0.902332207;2;4.559819172
9043;2261;4;0.902332207;3;6.680127553
9044;2261;4;0.902332207;4;7.708279472
9045;2262;0;0;1;0.629312249
9046;2262;0;0;2;2.658910931
9047;2262;0;0;3;2.079510089
9048;2262;0;0;4;3.523461356
9049;2263;4;0.936855203;1;6.914396221
9050;2263;4;0.936855203;2;5.883193552
9051;2263;4;0.936855203;3;8.078150418
9052;2263;4;0.936855203;4;7.719574337
9053;2264;0;0;1;-0.568332327
9054;2264;0;0;2;3.0979677
9055;2264;0;0;3;1.349577334
9056;2264;0;0;4;3.088647696
9057;2265;0;0;1;2.395296659
9058;2265;0;0;2;4.345239864
9059;2265;0;0;3;3.404045993
9060;2265;0;0;4;3.802471344
9061;2266;3;0.310341075;1;5.139886722
9062;2266;3;0.310341075;2;4.420940295
9063;2266;3;0.310341075;3;6.203543249
9064;2266;3;0.310341075;4;7.489805656
9065;2267;4;0.623925776;1;6.461417232
9066;2267;4;0.623925776;2;7.460948644
9067;2267;4;0.623925776;3;6.169065448
9068;2267;4;0.623925776;4;7.16628725
9069;2268;0;0;1;3.930671732
9070;2268;0;0;2;4.344130169
9071;2268;0;0;3;5.901578244
9072;2268;0;0;4;4.845638529
9073;2269;4;0.534517019;1;7.324940004
9074;2269;4;0.534517019;2;6.361754437
9075;2269;4;0.534517019;3;8.545679708
9076;2269;4;0.534517019;4;8.206204268
9077;2270;3;0.19701992;1;4.322190144
9078;2270;3;0.19701992;2;6.147959992
9079;2270;3;0.19701992;3;5.926491446
9080;2270;3;0.19701992;4;7.334084254
9081;2271;0;0;1;1.807591981
9082;2271;0;0;2;1.099683908
9083;2271;0;0;3;1.547832609
9084;2271;0;0;4;2.42579498
9085;2272;4;0.885245926;1;3.720348625
9086;2272;4;0.885245926;2;6.190394609
9087;2272;4;0.885245926;3;6.956580764
9088;2272;4;0.885245926;4;8.040731063
9089;2273;3;0.738659499;1;4.242289226
9090;2273;3;0.738659499;2;6.341435121
9091;2273;3;0.738659499;3;7.450363786
9092;2273;3;0.738659499;4;7.188752908
9093;2274;3;0.269979905;1;4.622800476
9094;2274;3;0.269979905;2;4.812330926
9095;2274;3;0.269979905;3;5.577244168
9096;2274;3;0.269979905;4;8.470024727
9097;2275;2;0.746340125;1;2.436984099
9098;2275;2;0.746340125;2;2.205951379
9099;2275;2;0.746340125;3;5.359221191
9100;2275;2;0.746340125;4;5.554418792
9101;2276;0;0;1;0.43305236
9102;2276;0;0;2;0.54214095
9103;2276;0;0;3;-0.860873358
9104;2276;0;0;4;3.109084027
9105;2277;4;0.443990109;1;4.565468098
9106;2277;4;0.443990109;2;5.368460043
9107;2277;4;0.443990109;3;6.920226909
9108;2277;4;0.443990109;4;8.162323812
9109;2278;4;0.511894088;1;5.302111024
9110;2278;4;0.511894088;2;4.566694731
9111;2278;4;0.511894088;3;7.858168736
9112;2278;4;0.511894088;4;8.879813905
9113;2279;0;0;1;-0.272738048
9114;2279;0;0;2;3.41158009
9115;2279;0;0;3;4.619015187
9116;2279;0;0;4;4.138752633
9117;2280;0;0;1;2.858180836
9118;2280;0;0;2;2.351111046
9119;2280;0;0;3;1.322200815
9120;2280;0;0;4;4.296410894
9121;2281;2;0.724671153;1;3.292576165
9122;2281;2;0.724671153;2;4.965630643
9123;2281;2;0.724671153;3;4.950596596
9124;2281;2;0.724671153;4;6.314369269
9125;2282;4;0.295986324;1;7.496984147
9126;2282;4;0.295986324;2;8.35588747
9127;2282;4;0.295986324;3;11.22204079
9128;2282;4;0.295986324;4;10.60401081
9129;2283;0;0;1;-0.430593226
9130;2283;0;0;2;1.041369767
9131;2283;0;0;3;3.571180543
9132;2283;0;0;4;4.886574099
9133;2284;0;0;1;1.996314774
9134;2284;0;0;2;2.721113169
9135;2284;0;0;3;0.699908479
9136;2284;0;0;4;5.887965781
9137;2285;3;0.45428109;1;4.930976284
9138;2285;3;0.45428109;2;3.524969411
9139;2285;3;0.45428109;3;5.431609153
9140;2285;3;0.45428109;4;8.967921722
9141;2286;4;0.25971245;1;4.100040353
9142;2286;4;0.25971245;2;4.472290086
9143;2286;4;0.25971245;3;6.302321518
9144;2286;4;0.25971245;4;7.075342442
9145;2287;4;0.499175515;1;5.365412991
9146;2287;4;0.499175515;2;6.002338162
9147;2287;4;0.499175515;3;7.365870134
9148;2287;4;0.499175515;4;9.178760611
9149;2288;3;0.347777572;1;3.721715286
9150;2288;3;0.347777572;2;6.308697362
9151;2288;3;0.347777572;3;5.695744843
9152;2288;3;0.347777572;4;6.529201529
9153;2289;3;0.183162076;1;5.915157379
9154;2289;3;0.183162076;2;8.873682358
9155;2289;3;0.183162076;3;8.63956036
9156;2289;3;0.183162076;4;11.1877212
9157;2290;4;0.341875934;1;3.261179051
9158;2290;4;0.341875934;2;6.824790968
9159;2290;4;0.341875934;3;7.52605934
9160;2290;4;0.341875934;4;9.451212658
9161;2291;0;0;1;2.268942744
9162;2291;0;0;2;4.755781644
9163;2291;0;0;3;3.914883246
9164;2291;0;0;4;7.841541091
9165;2292;0;0;1;1.970310527
9166;2292;0;0;2;3.627732752
9167;2292;0;0;3;3.483390677
9168;2292;0;0;4;4.948238643
9169;2293;0;0;1;0.268785146
9170;2293;0;0;2;3.275263986
9171;2293;0;0;3;4.235756892
9172;2293;0;0;4;5.281687306
9173;2294;2;0.265557137;1;5.635890107
9174;2294;2;0.265557137;2;8.334526267
9175;2294;2;0.265557137;3;9.16967521
9176;2294;2;0.265557137;4;9.046963106
9177;2295;0;0;1;2.510349137
9178;2295;0;0;2;2.9427654
9179;2295;0;0;3;3.109967888
9180;2295;0;0;4;4.164786254
9181;2296;2;0.691843792;1;1.56718358
9182;2296;2;0.691843792;2;3.544268659
9183;2296;2;0.691843792;3;5.72370885
9184;2296;2;0.691843792;4;5.433457557
9185;2297;2;0.898211234;1;4.416630769
9186;2297;2;0.898211234;2;3.646992594
9187;2297;2;0.898211234;3;5.964913236
9188;2297;2;0.898211234;4;5.276688767
9189;2298;0;0;1;0.202260983
9190;2298;0;0;2;-0.702873648
9191;2298;0;0;3;1.819899901
9192;2298;0;0;4;3.450755405
9193;2299;0;0;1;-1.147774157
9194;2299;0;0;2;-0.55421672
9195;2299;0;0;3;2.484351793
9196;2299;0;0;4;3.544682336
9197;2300;3;0.634591919;1;3.550277968
9198;2300;3;0.634591919;2;4.295669865
9199;2300;3;0.634591919;3;7.175706812
9200;2300;3;0.634591919;4;8.099699535
9201;2301;3;0.727224453;1;3.158556676
9202;2301;3;0.727224453;2;3.797396263
9203;2301;3;0.727224453;3;5.85155631
9204;2301;3;0.727224453;4;6.061096229
9205;2302;2;0.205214142;1;3.163802998
9206;2302;2;0.205214142;2;5.156489225
9207;2302;2;0.205214142;3;6.08583743
9208;2302;2;0.205214142;4;6.676943941
9209;2303;2;0.115050776;1;2.94488154
9210;2303;2;0.115050776;2;5.441770348
9211;2303;2;0.115050776;3;5.321660593
9212;2303;2;0.115050776;4;7.595647519
9213;2304;4;0.327336762;1;3.779881729
9214;2304;4;0.327336762;2;5.346533478
9215;2304;4;0.327336762;3;5.536498609
9216;2304;4;0.327336762;4;8.455155712
9217;2305;4;0.855060286;1;7.281487441
9218;2305;4;0.855060286;2;5.195754427
9219;2305;4;0.855060286;3;7.676949537
9220;2305;4;0.855060286;4;7.672154121
9221;2306;0;0;1;0.10157188
9222;2306;0;0;2;0.385077078
9223;2306;0;0;3;2.862144721
9224;2306;0;0;4;3.284645278
9225;2307;3;0.618507129;1;3.967890471
9226;2307;3;0.618507129;2;5.712660064
9227;2307;3;0.618507129;3;5.804099287
9228;2307;3;0.618507129;4;7.664826437
9229;2308;3;0.679457442;1;3.359830289
9230;2308;3;0.679457442;2;5.87031675
9231;2308;3;0.679457442;3;6.469311239
9232;2308;3;0.679457442;4;5.732162053
9233;2309;0;0;1;0.221386225
9234;2309;0;0;2;1.303163312
9235;2309;0;0;3;1.521986464
9236;2309;0;0;4;3.308434529
9237;2310;2;0.257508467;1;4.337794906
9238;2310;2;0.257508467;2;8.066257066
9239;2310;2;0.257508467;3;5.145685105
9240;2310;2;0.257508467;4;7.525769409
9241;2311;0;0;1;2.698750638
9242;2311;0;0;2;3.232976009
9243;2311;0;0;3;4.093030588
9244;2311;0;0;4;4.081866321
9245;2312;3;0.738378966;1;3.138328764
9246;2312;3;0.738378966;2;4.962193542
9247;2312;3;0.738378966;3;3.848727653
9248;2312;3;0.738378966;4;6.501077954
9249;2313;0;0;1;0.314331954
9250;2313;0;0;2;3.266543825
9251;2313;0;0;3;3.137766775
9252;2313;0;0;4;5.053459031
9253;2314;2;0.550799428;1;2.488587182
9254;2314;2;0.550799428;2;5.081949031
9255;2314;2;0.550799428;3;5.02226408
9256;2314;2;0.550799428;4;5.564966824
9257;2315;2;0.296497129;1;4.566939486
9258;2315;2;0.296497129;2;6.23209055
9259;2315;2;0.296497129;3;6.343330059
9260;2315;2;0.296497129;4;6.577427259
9261;2316;3;0.754301351;1;2.889562152
9262;2316;3;0.754301351;2;5.043817997
9263;2316;3;0.754301351;3;4.859178319
9264;2316;3;0.754301351;4;7.15857036
9265;2317;4;0.120988708;1;7.501766337
9266;2317;4;0.120988708;2;6.553659873
9267;2317;4;0.120988708;3;9.7042954
9268;2317;4;0.120988708;4;11.13091745
9269;2318;4;0.091263089;1;1.619162645
9270;2318;4;0.091263089;2;5.362013725
9271;2318;4;0.091263089;3;4.712938022
9272;2318;4;0.091263089;4;5.860629389
9273;2319;0;0;1;0.064585821
9274;2319;0;0;2;1.784774596
9275;2319;0;0;3;4.845132462
9276;2319;0;0;4;4.761788868
9277;2320;4;0.512641284;1;4.509083941
9278;2320;4;0.512641284;2;5.474572971
9279;2320;4;0.512641284;3;4.159460171
9280;2320;4;0.512641284;4;6.056706937
9281;2321;0;0;1;1.059232846
9282;2321;0;0;2;2.524405498
9283;2321;0;0;3;2.852294048
9284;2321;0;0;4;5.944062459
9285;2322;4;0.515312145;1;5.914536788
9286;2322;4;0.515312145;2;6.380249148
9287;2322;4;0.515312145;3;6.687814124
9288;2322;4;0.515312145;4;9.941203566
9289;2323;2;0.731339511;1;2.392811863
9290;2323;2;0.731339511;2;7.71577303
9291;2323;2;0.731339511;3;5.470179875
9292;2323;2;0.731339511;4;6.515325424
9293;2324;2;0.735381733;1;4.231444166
9294;2324;2;0.735381733;2;3.184587321
9295;2324;2;0.735381733;3;4.151449486
9296;2324;2;0.735381733;4;5.086702591
9297;2325;0;0;1;-1.782513242
9298;2325;0;0;2;2.389748282
9299;2325;0;0;3;1.37583164
9300;2325;0;0;4;4.013823771
9301;2326;0;0;1;2.04264689
9302;2326;0;0;2;4.383947655
9303;2326;0;0;3;3.036351681
9304;2326;0;0;4;4.156211294
9305;2327;3;0.052436846;1;2.369369895
9306;2327;3;0.052436846;2;3.375194693
9307;2327;3;0.052436846;3;5.076098767
9308;2327;3;0.052436846;4;6.933415934
9309;2328;3;0.575259604;1;2.960902409
9310;2328;3;0.575259604;2;4.690272554
9311;2328;3;0.575259604;3;5.447612217
9312;2328;3;0.575259604;4;9.186582714
9313;2329;3;0.673296971;1;2.796228502
9314;2329;3;0.673296971;2;3.292328241
9315;2329;3;0.673296971;3;5.865932703
9316;2329;3;0.673296971;4;4.8587974
9317;2330;3;0.284538848;1;3.647130766
9318;2330;3;0.284538848;2;4.288648522
9319;2330;3;0.284538848;3;5.516724499
9320;2330;3;0.284538848;4;7.217276551
9321;2331;2;0.909628013;1;5.006936159
9322;2331;2;0.909628013;2;5.916171476
9323;2331;2;0.909628013;3;5.736906459
9324;2331;2;0.909628013;4;7.772753612
9325;2332;0;0;1;2.73022465
9326;2332;0;0;2;1.538307112
9327;2332;0;0;3;2.968546553
9328;2332;0;0;4;4.047390291
9329;2333;3;0.606279647;1;3.777752853
9330;2333;3;0.606279647;2;6.406951673
9331;2333;3;0.606279647;3;5.776670295
9332;2333;3;0.606279647;4;6.150390477
9333;2334;0;0;1;-0.833307548
9334;2334;0;0;2;0.473386499
9335;2334;0;0;3;2.977281714
9336;2334;0;0;4;3.324210585
9337;2335;0;0;1;0.444788236
9338;2335;0;0;2;4.085809186
9339;2335;0;0;3;4.224514764
9340;2335;0;0;4;6.670301967
9341;2336;2;0.611069072;1;0.231819429
9342;2336;2;0.611069072;2;2.098219784
9343;2336;2;0.611069072;3;3.109928119
9344;2336;2;0.611069072;4;3.090355504
9345;2337;0;0;1;-1.635634332
9346;2337;0;0;2;0.468464953
9347;2337;0;0;3;4.309471305
9348;2337;0;0;4;1.431379471
9349;2338;0;0;1;3.058982179
9350;2338;0;0;2;3.260986592
9351;2338;0;0;3;3.696861706
9352;2338;0;0;4;5.914810871
9353;2339;4;0.881469695;1;6.204983375
9354;2339;4;0.881469695;2;7.218085335
9355;2339;4;0.881469695;3;8.298183263
9356;2339;4;0.881469695;4;8.214236625
9357;2340;3;0.657914861;1;6.649910487
9358;2340;3;0.657914861;2;4.609463389
9359;2340;3;0.657914861;3;8.421306809
9360;2340;3;0.657914861;4;7.983712656
9361;2341;3;0.286862096;1;2.368723693
9362;2341;3;0.286862096;2;5.258839888
9363;2341;3;0.286862096;3;4.356745971
9364;2341;3;0.286862096;4;4.609169997
9365;2342;2;0.79173358;1;3.275688295
9366;2342;2;0.79173358;2;3.145428795
9367;2342;2;0.79173358;3;4.46527747
9368;2342;2;0.79173358;4;4.515644794
9369;2343;3;0.523392946;1;5.490831608
9370;2343;3;0.523392946;2;7.10936439
9371;2343;3;0.523392946;3;5.353751475
9372;2343;3;0.523392946;4;7.493223269
9373;2344;2;0.550162161;1;2.222923767
9374;2344;2;0.550162161;2;4.384263295
9375;2344;2;0.550162161;3;6.025788549
9376;2344;2;0.550162161;4;5.552294082
9377;2345;0;0;1;-0.565022241
9378;2345;0;0;2;0.801456933
9379;2345;0;0;3;1.978558627
9380;2345;0;0;4;4.649085966
9381;2346;0;0;1;2.612285226
9382;2346;0;0;2;-0.08773819
9383;2346;0;0;3;3.399191843
9384;2346;0;0;4;5.557359711
9385;2347;2;0.534971047;1;-0.882946895
9386;2347;2;0.534971047;2;2.526869895
9387;2347;2;0.534971047;3;2.769942606
9388;2347;2;0.534971047;4;5.967110941
9389;2348;3;0.546376209;1;2.967308321
9390;2348;3;0.546376209;2;4.538065184
9391;2348;3;0.546376209;3;7.336545368
9392;2348;3;0.546376209;4;8.006154161
9393;2349;4;0.86111026;1;2.958072128
9394;2349;4;0.86111026;2;6.939525082
9395;2349;4;0.86111026;3;6.215257861
9396;2349;4;0.86111026;4;6.352052168
9397;2350;3;0.606611471;1;4.715710974
9398;2350;3;0.606611471;2;5.499750211
9399;2350;3;0.606611471;3;6.550295646
9400;2350;3;0.606611471;4;7.063556592
9401;2351;0;0;1;0.697282307
9402;2351;0;0;2;4.308209951
9403;2351;0;0;3;4.108865782
9404;2351;0;0;4;4.47297423
9405;2352;2;0.942416874;1;0.609053846
9406;2352;2;0.942416874;2;2.881963972
9407;2352;2;0.942416874;3;3.37407282
9408;2352;2;0.942416874;4;3.989356121
9409;2353;0;0;1;1.99168409
9410;2353;0;0;2;1.248002877
9411;2353;0;0;3;1.762833377
9412;2353;0;0;4;2.308984115
9413;2354;3;0.558416368;1;4.234190475
9414;2354;3;0.558416368;2;5.491028562
9415;2354;3;0.558416368;3;6.771384597
9416;2354;3;0.558416368;4;9.625742534
9417;2355;4;0.056946299;1;6.682947892
9418;2355;4;0.056946299;2;7.290108772
9419;2355;4;0.056946299;3;7.584529187
9420;2355;4;0.056946299;4;8.160387089
9421;2356;2;0.41752142;1;5.585629089
9422;2356;2;0.41752142;2;4.203431536
9423;2356;2;0.41752142;3;5.510929898
9424;2356;2;0.41752142;4;8.356619134
9425;2357;2;0.480011535;1;2.490694055
9426;2357;2;0.480011535;2;4.724426445
9427;2357;2;0.480011535;3;6.055230969
9428;2357;2;0.480011535;4;6.772650134
9429;2358;3;0.067406317;1;1.970323687
9430;2358;3;0.067406317;2;4.668377478
9431;2358;3;0.067406317;3;4.573758284
9432;2358;3;0.067406317;4;5.662147091
9433;2359;2;0.723000232;1;5.030320448
9434;2359;2;0.723000232;2;6.282292059
9435;2359;2;0.723000232;3;5.739257419
9436;2359;2;0.723000232;4;7.735009357
9437;2360;4;0.902220133;1;2.943895711
9438;2360;4;0.902220133;2;5.108003264
9439;2360;4;0.902220133;3;4.338407558
9440;2360;4;0.902220133;4;7.101773674
9441;2361;2;0.622186529;1;3.838713207
9442;2361;2;0.622186529;2;4.989603014
9443;2361;2;0.622186529;3;5.6466833
9444;2361;2;0.622186529;4;5.303891911
9445;2362;0;0;1;1.961218545
9446;2362;0;0;2;1.335524699
9447;2362;0;0;3;2.976277051
9448;2362;0;0;4;3.070337124
9449;2363;2;0.171531899;1;5.095050079
9450;2363;2;0.171531899;2;4.681227179
9451;2363;2;0.171531899;3;7.501566391
9452;2363;2;0.171531899;4;6.72534327
9453;2364;2;0.232815158;1;4.271104717
9454;2364;2;0.232815158;2;4.819895332
9455;2364;2;0.232815158;3;4.798365407
9456;2364;2;0.232815158;4;6.226115066
9457;2365;4;0.257953575;1;5.389689101
9458;2365;4;0.257953575;2;4.998538071
9459;2365;4;0.257953575;3;7.436697758
9460;2365;4;0.257953575;4;7.955679005
9461;2366;0;0;1;0.330672822
9462;2366;0;0;2;4.227197237
9463;2366;0;0;3;4.312515641
9464;2366;0;0;4;4.477477144
9465;2367;0;0;1;2.221488869
9466;2367;0;0;2;3.828014975
9467;2367;0;0;3;3.906335321
9468;2367;0;0;4;2.786215731
9469;2368;2;0.27946971;1;4.289990981
9470;2368;2;0.27946971;2;5.038767166
9471;2368;2;0.27946971;3;6.837012366
9472;2368;2;0.27946971;4;6.390644083
9473;2369;2;0.160502149;1;0.231227631
9474;2369;2;0.160502149;2;4.469136068
9475;2369;2;0.160502149;3;4.600835246
9476;2369;2;0.160502149;4;7.216559769
9477;2370;2;0.392207906;1;1.09871655
9478;2370;2;0.392207906;2;2.690816849
9479;2370;2;0.392207906;3;2.816402082
9480;2370;2;0.392207906;4;3.913588818
9481;2371;0;0;1;1.753894295
9482;2371;0;0;2;2.387527728
9483;2371;0;0;3;3.713589424
9484;2371;0;0;4;3.73915678
9485;2372;2;0.138307684;1;4.484625786
9486;2372;2;0.138307684;2;4.614658627
9487;2372;2;0.138307684;3;5.529536922
9488;2372;2;0.138307684;4;7.494023666
9489;2373;3;0.82000706;1;2.984743675
9490;2373;3;0.82000706;2;4.103668401
9491;2373;3;0.82000706;3;6.59773565
9492;2373;3;0.82000706;4;7.654084751
9493;2374;4;0.910279256;1;6.023640806
9494;2374;4;0.910279256;2;5.279251398
9495;2374;4;0.910279256;3;4.43672465
9496;2374;4;0.910279256;4;8.384635758
9497;2375;2;0.796212129;1;2.859427757
9498;2375;2;0.796212129;2;4.811184756
9499;2375;2;0.796212129;3;5.1328968
9500;2375;2;0.796212129;4;6.771096739
9501;2376;2;0.997232761;1;2.940200977
9502;2376;2;0.997232761;2;2.31330303
9503;2376;2;0.997232761;3;2.588599462
9504;2376;2;0.997232761;4;4.656118815
9505;2377;0;0;1;0.491755266
9506;2377;0;0;2;0.294550828
9507;2377;0;0;3;2.314043413
9508;2377;0;0;4;3.972015709
9509;2378;3;0.006030893;1;4.059996979
9510;2378;3;0.006030893;2;6.008409068
9511;2378;3;0.006030893;3;7.242360102
9512;2378;3;0.006030893;4;7.954854844
9513;2379;4;0.435225062;1;4.740501776
9514;2379;4;0.435225062;2;7.918827886
9515;2379;4;0.435225062;3;7.242436992
9516;2379;4;0.435225062;4;8.735725212
9517;2380;0;0;1;-1.063656216
9518;2380;0;0;2;1.003088551
9519;2380;0;0;3;2.827739214
9520;2380;0;0;4;2.269117777
9521;2381;4;0.671686885;1;8.774598644
9522;2381;4;0.671686885;2;8.95223319
9523;2381;4;0.671686885;3;9.351355628
9524;2381;4;0.671686885;4;8.637005692
9525;2382;3;0.519304724;1;4.867249093
9526;2382;3;0.519304724;2;5.392847006
9527;2382;3;0.519304724;3;5.145594116
9528;2382;3;0.519304724;4;4.664317445
9529;2383;2;0.818623977;1;2.997199232
9530;2383;2;0.818623977;2;5.337231514
9531;2383;2;0.818623977;3;4.527932382
9532;2383;2;0.818623977;4;7.268507109
9533;2384;2;0.892863977;1;-0.328133652
9534;2384;2;0.892863977;2;1.103129234
9535;2384;2;0.892863977;3;1.938469413
9536;2384;2;0.892863977;4;2.710503036
9537;2385;2;0.48844864;1;1.203916426
9538;2385;2;0.48844864;2;5.452246509
9539;2385;2;0.48844864;3;3.863489783
9540;2385;2;0.48844864;4;4.792757192
9541;2386;4;0.754714355;1;5.32608232
9542;2386;4;0.754714355;2;7.780989178
9543;2386;4;0.754714355;3;6.730322103
9544;2386;4;0.754714355;4;7.30301372
9545;2387;2;0.372072103;1;2.545287788
9546;2387;2;0.372072103;2;2.887867319
9547;2387;2;0.372072103;3;4.708360212
9548;2387;2;0.372072103;4;4.75572777
9549;2388;2;0.296296465;1;3.699687903
9550;2388;2;0.296296465;2;6.460582044
9551;2388;2;0.296296465;3;5.257683073
9552;2388;2;0.296296465;4;4.875141624
9553;2389;0;0;1;1.387386905
9554;2389;0;0;2;2.104227275
9555;2389;0;0;3;4.68034983
9556;2389;0;0;4;4.154951024
9557;2390;2;0.510679196;1;3.391673221
9558;2390;2;0.510679196;2;3.449278015
9559;2390;2;0.510679196;3;6.7975189
9560;2390;2;0.510679196;4;5.735397639
9561;2391;3;0.419679776;1;2.683447295
9562;2391;3;0.419679776;2;5.186221229
9563;2391;3;0.419679776;3;4.810535177
9564;2391;3;0.419679776;4;6.236098158
9565;2392;0;0;1;1.647423857
9566;2392;0;0;2;3.637872948
9567;2392;0;0;3;3.765750915
9568;2392;0;0;4;5.671530211
9569;2393;2;0.216465017;1;3.715435941
9570;2393;2;0.216465017;2;3.34403427
9571;2393;2;0.216465017;3;6.749677475
9572;2393;2;0.216465017;4;5.390826857
9573;2394;0;0;1;-0.296668033
9574;2394;0;0;2;-1.096663551
9575;2394;0;0;3;3.655193985
9576;2394;0;0;4;3.298915675
9577;2395;2;0.673237591;1;5.220558733
9578;2395;2;0.673237591;2;3.185160127
9579;2395;2;0.673237591;3;5.806380259
9580;2395;2;0.673237591;4;6.28365655
9581;2396;0;0;1;0.125915181
9582;2396;0;0;2;1.912728125
9583;2396;0;0;3;1.359994159
9584;2396;0;0;4;2.888928124
9585;2397;3;0.322614056;1;6.258297925
9586;2397;3;0.322614056;2;7.96576951
9587;2397;3;0.322614056;3;7.456429419
9588;2397;3;0.322614056;4;8.584805996
9589;2398;4;0.465132796;1;6.20939048
9590;2398;4;0.465132796;2;7.962041252
9591;2398;4;0.465132796;3;8.210037498
9592;2398;4;0.465132796;4;10.00586476
9593;2399;3;0.730455349;1;3.075425285
9594;2399;3;0.730455349;2;4.873600954
9595;2399;3;0.730455349;3;8.708946643
9596;2399;3;0.730455349;4;7.295760051
9597;2400;2;0.873696703;1;1.810513079
9598;2400;2;0.873696703;2;3.341540159
9599;2400;2;0.873696703;3;3.97278496
9600;2400;2;0.873696703;4;3.217211864
9601;2401;2;0.408174444;1;3.717792642
9602;2401;2;0.408174444;2;4.555636519
9603;2401;2;0.408174444;3;5.547494903
9604;2401;2;0.408174444;4;5.321294084
9605;2402;4;0.689585349;1;3.940696052
9606;2402;4;0.689585349;2;5.317165442
9607;2402;4;0.689585349;3;7.178259973
9608;2402;4;0.689585349;4;8.148675713
9609;2403;0;0;1;1.624439764
9610;2403;0;0;2;2.155964981
9611;2403;0;0;3;1.547053996
9612;2403;0;0;4;5.019225691
9613;2404;3;0.270000057;1;5.513250703
9614;2404;3;0.270000057;2;6.38659586
9615;2404;3;0.270000057;3;5.549405466
9616;2404;3;0.270000057;4;4.752813212
9617;2405;0;0;1;1.877416971
9618;2405;0;0;2;3.443313516
9619;2405;0;0;3;4.947586289
9620;2405;0;0;4;4.899992873
9621;2406;0;0;1;-0.036656885
9622;2406;0;0;2;3.357038585
9623;2406;0;0;3;2.824596108
9624;2406;0;0;4;2.691321323
9625;2407;2;0.19122246;1;1.166859079
9626;2407;2;0.19122246;2;1.31248649
9627;2407;2;0.19122246;3;4.254010336
9628;2407;2;0.19122246;4;5.265978093
9629;2408;0;0;1;1.347455894
9630;2408;0;0;2;3.411741639
9631;2408;0;0;3;3.774077447
9632;2408;0;0;4;5.582229169
9633;2409;0;0;1;2.121607204
9634;2409;0;0;2;4.40959609
9635;2409;0;0;3;5.210825246
9636;2409;0;0;4;4.171388676
9637;2410;0;0;1;2.268325233
9638;2410;0;0;2;3.691841532
9639;2410;0;0;3;6.183887725
9640;2410;0;0;4;4.920426591
9641;2411;0;0;1;1.096239648
9642;2411;0;0;2;2.819125983
9643;2411;0;0;3;3.733747727
9644;2411;0;0;4;4.815744102
9645;2412;0;0;1;1.885082228
9646;2412;0;0;2;0.732591139
9647;2412;0;0;3;3.489821226
9648;2412;0;0;4;4.335432371
9649;2413;4;0.641617129;1;5.272818127
9650;2413;4;0.641617129;2;7.839640783
9651;2413;4;0.641617129;3;8.255048708
9652;2413;4;0.641617129;4;6.355214377
9653;2414;3;0.887282528;1;3.02697196
9654;2414;3;0.887282528;2;2.919798488
9655;2414;3;0.887282528;3;4.140029065
9656;2414;3;0.887282528;4;5.218382596
9657;2415;4;0.005923729;1;5.75241265
9658;2415;4;0.005923729;2;7.216072262
9659;2415;4;0.005923729;3;8.002697188
9660;2415;4;0.005923729;4;9.223085252
9661;2416;2;0.830087042;1;4.157128277
9662;2416;2;0.830087042;2;3.979159371
9663;2416;2;0.830087042;3;4.627428328
9664;2416;2;0.830087042;4;4.162386518
9665;2417;4;0.554863471;1;6.259210619
9666;2417;4;0.554863471;2;8.273314922
9667;2417;4;0.554863471;3;7.253808582
9668;2417;4;0.554863471;4;9.600067261
9669;2418;0;0;1;1.885696504
9670;2418;0;0;2;2.920282096
9671;2418;0;0;3;1.842212181
9672;2418;0;0;4;5.280633139
9673;2419;4;0.409060316;1;4.960785861
9674;2419;4;0.409060316;2;6.31768736
9675;2419;4;0.409060316;3;7.645376079
9676;2419;4;0.409060316;4;7.800062117
9677;2420;0;0;1;1.811715271
9678;2420;0;0;2;1.102497673
9679;2420;0;0;3;3.468141567
9680;2420;0;0;4;1.377640559
9681;2421;2;0.381836563;1;4.24081764
9682;2421;2;0.381836563;2;5.180211035
9683;2421;2;0.381836563;3;5.574857726
9684;2421;2;0.381836563;4;6.889421771
9685;2422;4;0.342634552;1;4.669785388
9686;2422;4;0.342634552;2;4.041819639
9687;2422;4;0.342634552;3;7.552224721
9688;2422;4;0.342634552;4;7.680428485
9689;2423;3;0.858729971;1;3.831820086
9690;2423;3;0.858729971;2;3.976003826
9691;2423;3;0.858729971;3;7.178547385
9692;2423;3;0.858729971;4;7.607501719
9693;2424;4;0.212481998;1;6.489646977
9694;2424;4;0.212481998;2;4.372320791
9695;2424;4;0.212481998;3;6.34105622
9696;2424;4;0.212481998;4;9.428544897
9697;2425;2;0.630971058;1;1.546003462
9698;2425;2;0.630971058;2;3.317330736
9699;2425;2;0.630971058;3;4.055803592
9700;2425;2;0.630971058;4;4.170239945
9701;2426;0;0;1;0.792319734
9702;2426;0;0;2;0.876039609
9703;2426;0;0;3;3.27558519
9704;2426;0;0;4;5.24802817
9705;2427;3;0.57289822;1;4.247768987
9706;2427;3;0.57289822;2;5.45700502
9707;2427;3;0.57289822;3;6.809752666
9708;2427;3;0.57289822;4;6.26669046
9709;2428;4;0.108458864;1;4.338938508
9710;2428;4;0.108458864;2;6.274480531
9711;2428;4;0.108458864;3;6.487962806
9712;2428;4;0.108458864;4;8.295205853
9713;2429;4;0.978037267;1;4.665374992
9714;2429;4;0.978037267;2;5.861703501
9715;2429;4;0.978037267;3;7.249175309
9716;2429;4;0.978037267;4;7.421657738
9717;2430;0;0;1;-1.098798913
9718;2430;0;0;2;2.069487655
9719;2430;0;0;3;2.27316714
9720;2430;0;0;4;1.133535085
9721;2431;4;0.416709929;1;3.889180909
9722;2431;4;0.416709929;2;5.71624838
9723;2431;4;0.416709929;3;7.047749006
9724;2431;4;0.416709929;4;7.986575328
9725;2432;2;0.026858366;1;0.493148233
9726;2432;2;0.026858366;2;3.364297653
9727;2432;2;0.026858366;3;3.305367628
9728;2432;2;0.026858366;4;4.895078373
9729;2433;4;0.758840777;1;3.887778596
9730;2433;4;0.758840777;2;4.807999419
9731;2433;4;0.758840777;3;7.181530514
9732;2433;4;0.758840777;4;6.54877044
9733;2434;2;0.53765896;1;3.70189862
9734;2434;2;0.53765896;2;3.904581219
9735;2434;2;0.53765896;3;7.272036272
9736;2434;2;0.53765896;4;4.553933115
9737;2435;0;0;1;1.656512938
9738;2435;0;0;2;4.990189881
9739;2435;0;0;3;3.108671426
9740;2435;0;0;4;3.810808468
9741;2436;0;0;1;2.165053946
9742;2436;0;0;2;1.935279742
9743;2436;0;0;3;4.061162709
9744;2436;0;0;4;4.845446106
9745;2437;4;0.295804231;1;7.18407823
9746;2437;4;0.295804231;2;5.521566399
9747;2437;4;0.295804231;3;7.10809872
9748;2437;4;0.295804231;4;8.880376394
9749;2438;3;0.506914937;1;1.671885792
9750;2438;3;0.506914937;2;5.268660454
9751;2438;3;0.506914937;3;5.776022269
9752;2438;3;0.506914937;4;3.644836646
9753;2439;0;0;1;2.834024252
9754;2439;0;0;2;1.06461616
9755;2439;0;0;3;1.886079071
9756;2439;0;0;4;5.416043141
9757;2440;3;0.911698682;1;2.150873774
9758;2440;3;0.911698682;2;3.300272626
9759;2440;3;0.911698682;3;4.13479804
9760;2440;3;0.911698682;4;6.89594127
9761;2441;0;0;1;2.963397678
9762;2441;0;0;2;2.765000478
9763;2441;0;0;3;5.778622846
9764;2441;0;0;4;5.999195821
9765;2442;4;0.257840857;1;6.2312823
9766;2442;4;0.257840857;2;7.613898323
9767;2442;4;0.257840857;3;8.424491567
9768;2442;4;0.257840857;4;9.545835193
9769;2443;3;0.233376387;1;3.50977497
9770;2443;3;0.233376387;2;4.976927132
9771;2443;3;0.233376387;3;5.60030831
9772;2443;3;0.233376387;4;6.929812738
9773;2444;4;0.747782512;1;7.696000618
9774;2444;4;0.747782512;2;8.28926804
9775;2444;4;0.747782512;3;8.591299287
9776;2444;4;0.747782512;4;9.113394815
9777;2445;0;0;1;0.748926325
9778;2445;0;0;2;3.935960043
9779;2445;0;0;3;2.864011685
9780;2445;0;0;4;3.273397615
9781;2446;2;0.605355926;1;1.796247952
9782;2446;2;0.605355926;2;3.553334716
9783;2446;2;0.605355926;3;4.408581758
9784;2446;2;0.605355926;4;4.568258732
9785;2447;4;0.427414008;1;4.95305961
9786;2447;4;0.427414008;2;7.662353731
9787;2447;4;0.427414008;3;7.903851607
9788;2447;4;0.427414008;4;8.009588524
9789;2448;0;0;1;3.462193487
9790;2448;0;0;2;1.867461328
9791;2448;0;0;3;3.930675421
9792;2448;0;0;4;3.984091589
9793;2449;4;0.685561072;1;3.468974729
9794;2449;4;0.685561072;2;3.849087192
9795;2449;4;0.685561072;3;4.098265232
9796;2449;4;0.685561072;4;8.429382846
9797;2450;3;0.09498714;1;5.121230896
9798;2450;3;0.09498714;2;5.636066688
9799;2450;3;0.09498714;3;6.184446726
9800;2450;3;0.09498714;4;6.497043128
9801;2451;2;0.505637733;1;4.027254215
9802;2451;2;0.505637733;2;3.4064028
9803;2451;2;0.505637733;3;5.047047525
9804;2451;2;0.505637733;4;6.393395661
9805;2452;0;0;1;0.931865718
9806;2452;0;0;2;-0.392879618
9807;2452;0;0;3;1.906140651
9808;2452;0;0;4;1.889593223
9809;2453;4;0.549146982;1;3.518267394
9810;2453;4;0.549146982;2;5.436274207
9811;2453;4;0.549146982;3;6.133294967
9812;2453;4;0.549146982;4;6.296012255
9813;2454;0;0;1;1.226763463
9814;2454;0;0;2;3.509898751
9815;2454;0;0;3;4.956204416
9816;2454;0;0;4;6.217104281
9817;2455;4;0.966928348;1;7.774233512
9818;2455;4;0.966928348;2;6.177811642
9819;2455;4;0.966928348;3;6.962450036
9820;2455;4;0.966928348;4;8.540114506
9821;2456;3;0.760137374;1;4.443115371
9822;2456;3;0.760137374;2;6.551106196
9823;2456;3;0.760137374;3;7.258509147
9824;2456;3;0.760137374;4;7.993324867
9825;2457;3;0.038861039;1;3.659701773
9826;2457;3;0.038861039;2;3.708412153
9827;2457;3;0.038861039;3;4.919158898
9828;2457;3;0.038861039;4;5.679689044
9829;2458;3;0.938100028;1;1.2775693
9830;2458;3;0.938100028;2;2.101456316
9831;2458;3;0.938100028;3;4.045636746
9832;2458;3;0.938100028;4;6.231285563
9833;2459;0;0;1;0.631764229
9834;2459;0;0;2;0.02405393
9835;2459;0;0;3;3.243507816
9836;2459;0;0;4;4.756222715
9837;2460;4;0.376510204;1;0.58428999
9838;2460;4;0.376510204;2;5.830994488
9839;2460;4;0.376510204;3;6.655186802
9840;2460;4;0.376510204;4;7.288950139
9841;2461;0;0;1;0.037370025
9842;2461;0;0;2;4.115487171
9843;2461;0;0;3;2.778413841
9844;2461;0;0;4;4.861764752
9845;2462;4;0.132636558;1;4.81168268
9846;2462;4;0.132636558;2;6.57902992
9847;2462;4;0.132636558;3;6.840020384
9848;2462;4;0.132636558;4;6.381724558
9849;2463;0;0;1;0.418591123
9850;2463;0;0;2;1.812704082
9851;2463;0;0;3;2.698942817
9852;2463;0;0;4;2.984910268
9853;2464;2;0.649512597;1;3.077323503
9854;2464;2;0.649512597;2;3.879609028
9855;2464;2;0.649512597;3;5.347587149
9856;2464;2;0.649512597;4;6.037574244
9857;2465;2;0.995297397;1;4.154977804
9858;2465;2;0.995297397;2;4.389388173
9859;2465;2;0.995297397;3;4.564751707
9860;2465;2;0.995297397;4;5.03854017
9861;2466;4;0.469956513;1;5.130868841
9862;2466;4;0.469956513;2;6.363095891
9863;2466;4;0.469956513;3;7.266737219
9864;2466;4;0.469956513;4;8.42375154
9865;2467;2;0.299594868;1;1.341426966
9866;2467;2;0.299594868;2;1.852547605
9867;2467;2;0.299594868;3;3.04132823
9868;2467;2;0.299594868;4;4.295223728
9869;2468;3;0.661857269;1;4.936286763
9870;2468;3;0.661857269;2;5.974655209
9871;2468;3;0.661857269;3;6.340513355
9872;2468;3;0.661857269;4;8.887719926
9873;2469;0;0;1;0.409196398
9874;2469;0;0;2;0.350524872
9875;2469;0;0;3;4.383147638
9876;2469;0;0;4;3.278530803
9877;2470;4;0.449469917;1;6.627318461
9878;2470;4;0.449469917;2;6.672743363
9879;2470;4;0.449469917;3;7.127697516
9880;2470;4;0.449469917;4;7.494721891
9881;2471;2;0.296329829;1;6.578485577
9882;2471;2;0.296329829;2;7.209089456
9883;2471;2;0.296329829;3;7.330868713
9884;2471;2;0.296329829;4;9.358866843
9885;2472;4;0.648530525;1;5.531656129
9886;2472;4;0.648530525;2;5.688055219
9887;2472;4;0.648530525;3;6.678928725
9888;2472;4;0.648530525;4;7.899769947
9889;2473;4;0.220779698;1;4.249062354
9890;2473;4;0.220779698;2;5.851598516
9891;2473;4;0.220779698;3;7.169443903
9892;2473;4;0.220779698;4;7.447498262
9893;2474;0;0;1;1.326729488
9894;2474;0;0;2;2.003918945
9895;2474;0;0;3;5.383901606
9896;2474;0;0;4;4.94281028
9897;2475;4;0.158274428;1;3.586312235
9898;2475;4;0.158274428;2;3.507950335
9899;2475;4;0.158274428;3;6.002500745
9900;2475;4;0.158274428;4;7.471211543
9901;2476;4;0.131152072;1;2.809829292
9902;2476;4;0.131152072;2;5.021362455
9903;2476;4;0.131152072;3;7.82643548
9904;2476;4;0.131152072;4;6.897683067
9905;2477;0;0;1;1.503474322
9906;2477;0;0;2;2.034800344
9907;2477;0;0;3;3.580567994
9908;2477;0;0;4;1.970406885
9909;2478;0;0;1;-2.15619376
9910;2478;0;0;2;-1.390428804
9911;2478;0;0;3;0.53609458
9912;2478;0;0;4;2.793140553
9913;2479;2;0.003831479;1;1.326992761
9914;2479;2;0.003831479;2;1.942398152
9915;2479;2;0.003831479;3;5.318945053
9916;2479;2;0.003831479;4;3.265571307
9917;2480;4;0.024517678;1;7.108443223
9918;2480;4;0.024517678;2;4.140359296
9919;2480;4;0.024517678;3;8.838916464
9920;2480;4;0.024517678;4;8.57707828
9921;2481;3;0.783964981;1;5.153562654
9922;2481;3;0.783964981;2;7.225661225
9923;2481;3;0.783964981;3;6.11214074
9924;2481;3;0.783964981;4;7.04985385
9925;2482;3;0.998708838;1;5.673396561
9926;2482;3;0.998708838;2;6.8119229
9927;2482;3;0.998708838;3;5.621369092
9928;2482;3;0.998708838;4;6.953832762
9929;2483;4;0.334517177;1;5.679382938
9930;2483;4;0.334517177;2;7.216067759
9931;2483;4;0.334517177;3;6.454814214
9932;2483;4;0.334517177;4;7.117140515
9933;2484;3;0.096329356;1;4.533960849
9934;2484;3;0.096329356;2;8.057958637
9935;2484;3;0.096329356;3;8.959506798
9936;2484;3;0.096329356;4;11.49875885
9937;2485;0;0;1;-0.766754435
9938;2485;0;0;2;2.762267456
9939;2485;0;0;3;2.738599163
9940;2485;0;0;4;3.659447432
9941;2486;2;0.513407726;1;4.371563917
9942;2486;2;0.513407726;2;1.972894154
9943;2486;2;0.513407726;3;3.824825429
9944;2486;2;0.513407726;4;5.443015906
9945;2487;3;0.383299206;1;4.637693716
9946;2487;3;0.383299206;2;4.358617813
9947;2487;3;0.383299206;3;4.949705924
9948;2487;3;0.383299206;4;7.323294446
9949;2488;3;0.049670762;1;4.018228188
9950;2488;3;0.049670762;2;6.396551598
9951;2488;3;0.049670762;3;7.70780234
9952;2488;3;0.049670762;4;7.67064684
9953;2489;4;0.582116222;1;6.614479851
9954;2489;4;0.582116222;2;5.316507514
9955;2489;4;0.582116222;3;5.897402876
9956;2489;4;0.582116222;4;6.40314925
9957;2490;0;0;1;1.553962399
9958;2490;0;0;2;2.382884429
9959;2490;0;0;3;2.844947578
9960;2490;0;0;4;4.467791668
9961;2491;2;0.181268947;1;2.334241747
9962;2491;2;0.181268947;2;5.674009702
9963;2491;2;0.181268947;3;6.40774919
9964;2491;2;0.181268947;4;6.918790673
9965;2492;3;0.837600052;1;7.131167995
9966;2492;3;0.837600052;2;6.704091527
9967;2492;3;0.837600052;3;5.969437011
9968;2492;3;0.837600052;4;9.961992709
9969;2493;4;0.411679617;1;3.31868588
9970;2493;4;0.411679617;2;5.763562813
9971;2493;4;0.411679617;3;4.923505218
9972;2493;4;0.411679617;4;8.810308337
9973;2494;2;0.302057721;1;4.072703963
9974;2494;2;0.302057721;2;4.640784479
9975;2494;2;0.302057721;3;4.967548365
9976;2494;2;0.302057721;4;7.280573839
9977;2495;4;0.684305216;1;4.136564473
9978;2495;4;0.684305216;2;6.248421188
9979;2495;4;0.684305216;3;8.301141356
9980;2495;4;0.684305216;4;6.744513221
9981;2496;4;0.671490509;1;5.956916055
9982;2496;4;0.671490509;2;8.295033526
9983;2496;4;0.671490509;3;9.698206685
9984;2496;4;0.671490509;4;9.588518072
9985;2497;4;0.672334744;1;1.820105645
9986;2497;4;0.672334744;2;4.346259783
9987;2497;4;0.672334744;3;4.756430137
9988;2497;4;0.672334744;4;7.75633827
9989;2498;3;0.988315825;1;2.084993115
9990;2498;3;0.988315825;2;1.866397295
9991;2498;3;0.988315825;3;4.080664946
9992;2498;3;0.988315825;4;6.270863272
9993;2499;3;0.47831419;1;4.625817723
9994;2499;3;0.47831419;2;6.407026047
9995;2499;3;0.47831419;3;4.797625055
9996;2499;3;0.47831419;4;8.338509247
9997;2500;2;0.790197494;1;3.48136087
9998;2500;2;0.790197494;2;4.784060313
9999;2500;2;0.790197494;3;5.169307636
10000;2500;2;0.790197494;4;6.544395965
10001;2501;0;0;1;-0.673160333
10002;2501;0;0;2;0.032663018
10003;2501;0;0;3;3.580700225
10004;2501;0;0;4;3.234673582
10005;2502;3;0.641990253;1;0.912157421
10006;2502;3;0.641990253;2;3.177393811
10007;2502;3;0.641990253;3;5.238132338
10008;2502;3;0.641990253;4;6.643665386
10009;2503;3;0.729024779;1;4.226193093
10010;2503;3;0.729024779;2;5.786072891
10011;2503;3;0.729024779;3;5.214674202
10012;2503;3;0.729024779;4;8.388913192
10013;2504;2;0.905540968;1;2.640292292
10014;2504;2;0.905540968;2;3.697895597
10015;2504;2;0.905540968;3;4.319453433
10016;2504;2;0.905540968;4;2.300740292
10017;2505;4;0.738555913;1;4.273736958
10018;2505;4;0.738555913;2;6.392089192
10019;2505;4;0.738555913;3;6.393823232
10020;2505;4;0.738555913;4;7.315093573
10021;2506;3;0.806114913;1;2.888548557
10022;2506;3;0.806114913;2;3.220932541
10023;2506;3;0.806114913;3;8.642298289
10024;2506;3;0.806114913;4;6.011165378
10025;2507;3;0.955719398;1;2.338820341
10026;2507;3;0.955719398;2;4.17784274
10027;2507;3;0.955719398;3;5.45660233
10028;2507;3;0.955719398;4;5.026626812
10029;2508;2;0.451643815;1;3.118049982
10030;2508;2;0.451643815;2;4.098015032
10031;2508;2;0.451643815;3;4.972116977
10032;2508;2;0.451643815;4;4.658167396
10033;2509;0;0;1;2.451189216
10034;2509;0;0;2;2.216440055
10035;2509;0;0;3;3.310299823
10036;2509;0;0;4;4.73660555
10037;2510;0;0;1;2.195374332
10038;2510;0;0;2;1.800876855
10039;2510;0;0;3;2.508909967
10040;2510;0;0;4;4.432101983
10041;2511;2;0.620138224;1;3.415825747
10042;2511;2;0.620138224;2;3.914897412
10043;2511;2;0.620138224;3;3.349120348
10044;2511;2;0.620138224;4;5.105829319
10045;2512;2;0.648337597;1;5.476145632
10046;2512;2;0.648337597;2;2.136653681
10047;2512;2;0.648337597;3;3.512637004
10048;2512;2;0.648337597;4;4.281635466
10049;2513;4;0.451661745;1;4.98588314
10050;2513;4;0.451661745;2;5.455148238
10051;2513;4;0.451661745;3;5.700705806
10052;2513;4;0.451661745;4;7.565855656
10053;2514;2;0.378689344;1;4.430963556
10054;2514;2;0.378689344;2;4.034699009
10055;2514;2;0.378689344;3;5.31637319
10056;2514;2;0.378689344;4;6.010626028
10057;2515;4;0.892939193;1;6.664451748
10058;2515;4;0.892939193;2;8.246284069
10059;2515;4;0.892939193;3;7.456879977
10060;2515;4;0.892939193;4;8.571960688
10061;2516;3;0.658803152;1;5.327664584
10062;2516;3;0.658803152;2;6.045700143
10063;2516;3;0.658803152;3;7.049498684
10064;2516;3;0.658803152;4;7.171191379
10065;2517;2;0.571469938;1;4.099455933
10066;2517;2;0.571469938;2;5.305626813
10067;2517;2;0.571469938;3;4.89324437
10068;2517;2;0.571469938;4;6.180563885
10069;2518;0;0;1;-0.128870448
10070;2518;0;0;2;3.045744787
10071;2518;0;0;3;4.332645044
10072;2518;0;0;4;5.140744872
10073;2519;4;0.108446378;1;6.567344698
10074;2519;4;0.108446378;2;7.731032586
10075;2519;4;0.108446378;3;8.244869531
10076;2519;4;0.108446378;4;9.600679453
10077;2520;3;0.788119013;1;2.032532311
10078;2520;3;0.788119013;2;4.665290904
10079;2520;3;0.788119013;3;6.125503395
10080;2520;3;0.788119013;4;4.925727058
10081;2521;3;0.24332521;1;4.528243821
10082;2521;3;0.24332521;2;4.0905418
10083;2521;3;0.24332521;3;5.499758799
10084;2521;3;0.24332521;4;7.384368126
10085;2522;2;0.333245161;1;1.979564853
10086;2522;2;0.333245161;2;3.873689275
10087;2522;2;0.333245161;3;5.448994469
10088;2522;2;0.333245161;4;5.066982518
10089;2523;0;0;1;0.579067828
10090;2523;0;0;2;1.568782144
10091;2523;0;0;3;4.815105489
10092;2523;0;0;4;4.929738665
10093;2524;4;0.613546052;1;4.86326937
10094;2524;4;0.613546052;2;5.505514028
10095;2524;4;0.613546052;3;6.159500377
10096;2524;4;0.613546052;4;8.602410367
10097;2525;0;0;1;0.641647874
10098;2525;0;0;2;3.579292633
10099;2525;0;0;3;3.479518132
10100;2525;0;0;4;5.653973032
10101;2526;2;0.530704826;1;3.221725181
10102;2526;2;0.530704826;2;2.566450223
10103;2526;2;0.530704826;3;4.349748693
10104;2526;2;0.530704826;4;4.995391218
10105;2527;2;0.011759991;1;1.988595086
10106;2527;2;0.011759991;2;5.377246215
10107;2527;2;0.011759991;3;5.943787397
10108;2527;2;0.011759991;4;7.668658375
10109;2528;3;0.446599982;1;3.547269731
10110;2528;3;0.446599982;2;4.890645104
10111;2528;3;0.446599982;3;7.424695049
10112;2528;3;0.446599982;4;7.788074215
10113;2529;0;0;1;-0.755345549
10114;2529;0;0;2;1.430368098
10115;2529;0;0;3;3.600148691
10116;2529;0;0;4;4.328336359
10117;2530;0;0;1;-2.018823724
10118;2530;0;0;2;0.823316781
10119;2530;0;0;3;5.1527847
10120;2530;0;0;4;2.214564297
10121;2531;4;0.634447356;1;5.334284844
10122;2531;4;0.634447356;2;5.127554264
10123;2531;4;0.634447356;3;7.584002122
10124;2531;4;0.634447356;4;7.576340587
10125;2532;4;0.460801669;1;9.379094591
10126;2532;4;0.460801669;2;5.912743544
10127;2532;4;0.460801669;3;9.22172905
10128;2532;4;0.460801669;4;10.19148236
10129;2533;3;0.784193112;1;4.153627942
10130;2533;3;0.784193112;2;4.723728683
10131;2533;3;0.784193112;3;7.888570499
10132;2533;3;0.784193112;4;7.487033795
10133;2534;4;0.029323464;1;3.859976694
10134;2534;4;0.029323464;2;5.582818168
10135;2534;4;0.029323464;3;5.544071418
10136;2534;4;0.029323464;4;4.775110156
10137;2535;3;0.220151143;1;4.788886164
10138;2535;3;0.220151143;2;4.759872222
10139;2535;3;0.220151143;3;7.080927961
10140;2535;3;0.220151143;4;6.599397741
10141;2536;2;0.894404854;1;2.608293574
10142;2536;2;0.894404854;2;2.561770461
10143;2536;2;0.894404854;3;4.320389642
10144;2536;2;0.894404854;4;5.681049091
10145;2537;2;0.372171505;1;2.58000217
10146;2537;2;0.372171505;2;4.457533533
10147;2537;2;0.372171505;3;3.75270137
10148;2537;2;0.372171505;4;6.167793324
10149;2538;3;0.283710278;1;3.088026045
10150;2538;3;0.283710278;2;3.202915355
10151;2538;3;0.283710278;3;6.12335113
10152;2538;3;0.283710278;4;4.745968138
10153;2539;4;0.017369716;1;4.822192233
10154;2539;4;0.017369716;2;6.871003364
10155;2539;4;0.017369716;3;8.044460507
10156;2539;4;0.017369716;4;8.480362137
10157;2540;4;0.701232577;1;3.646199542
10158;2540;4;0.701232577;2;2.695500853
10159;2540;4;0.701232577;3;5.860016085
10160;2540;4;0.701232577;4;7.820283719
10161;2541;2;0.951733639;1;2.469835519
10162;2541;2;0.951733639;2;4.401981051
10163;2541;2;0.951733639;3;4.759208666
10164;2541;2;0.951733639;4;4.213802447
10165;2542;3;0.010508687;1;4.178323214
10166;2542;3;0.010508687;2;3.626311801
10167;2542;3;0.010508687;3;6.626273698
10168;2542;3;0.010508687;4;8.03432851
10169;2543;3;0.772902459;1;5.873699785
10170;2543;3;0.772902459;2;7.595552588
10171;2543;3;0.772902459;3;8.866968316
10172;2543;3;0.772902459;4;8.76232005
10173;2544;3;0.467511762;1;5.961314104
10174;2544;3;0.467511762;2;6.423933119
10175;2544;3;0.467511762;3;6.518057308
10176;2544;3;0.467511762;4;7.909722824
10177;2545;4;0.167938748;1;3.68887855
10178;2545;4;0.167938748;2;5.626901542
10179;2545;4;0.167938748;3;5.357853464
10180;2545;4;0.167938748;4;7.649985325
10181;2546;3;0.654828746;1;2.28941547
10182;2546;3;0.654828746;2;4.419009987
10183;2546;3;0.654828746;3;4.020561402
10184;2546;3;0.654828746;4;5.711730658
10185;2547;4;0.596919313;1;6.735694449
10186;2547;4;0.596919313;2;8.366919846
10187;2547;4;0.596919313;3;8.470091492
10188;2547;4;0.596919313;4;10.45929484
10189;2548;3;0.094940157;1;3.175861756
10190;2548;3;0.094940157;2;4.28089005
10191;2548;3;0.094940157;3;6.772935201
10192;2548;3;0.094940157;4;7.97186427
10193;2549;0;0;1;0.449102189
10194;2549;0;0;2;1.946890059
10195;2549;0;0;3;3.611176535
10196;2549;0;0;4;4.031929813
10197;2550;2;0.251624726;1;3.768578689
10198;2550;2;0.251624726;2;4.411815333
10199;2550;2;0.251624726;3;3.646168457
10200;2550;2;0.251624726;4;6.164142224
10201;2551;4;0.16077143;1;6.359643052
10202;2551;4;0.16077143;2;9.897062466
10203;2551;4;0.16077143;3;8.380455809
10204;2551;4;0.16077143;4;10.82813165
10205;2552;3;0.003148464;1;3.51734878
10206;2552;3;0.003148464;2;5.612106721
10207;2552;3;0.003148464;3;6.937744334
10208;2552;3;0.003148464;4;7.727557492
10209;2553;0;0;1;0.213605938
10210;2553;0;0;2;0.870370517
10211;2553;0;0;3;2.412799421
10212;2553;0;0;4;3.920974396
10213;2554;0;0;1;2.882756999
10214;2554;0;0;2;0.12279147
10215;2554;0;0;3;3.651705266
10216;2554;0;0;4;3.592921198
10217;2555;2;0.729382628;1;4.194972176
10218;2555;2;0.729382628;2;5.585343561
10219;2555;2;0.729382628;3;4.749845439
10220;2555;2;0.729382628;4;7.393252816
10221;2556;2;0.820971626;1;4.76829359
10222;2556;2;0.820971626;2;5.263257839
10223;2556;2;0.820971626;3;6.476218305
10224;2556;2;0.820971626;4;5.307075392
10225;2557;0;0;1;-1.200513491
10226;2557;0;0;2;0.901605751
10227;2557;0;0;3;2.024415724
10228;2557;0;0;4;2.33345573
10229;2558;3;0.962729184;1;4.846444627
10230;2558;3;0.962729184;2;2.592304666
10231;2558;3;0.962729184;3;4.404339997
10232;2558;3;0.962729184;4;4.755880294
10233;2559;2;0.790062224;1;1.929797148
10234;2559;2;0.790062224;2;4.717073563
10235;2559;2;0.790062224;3;7.342747131
10236;2559;2;0.790062224;4;7.274673342
10237;2560;3;0.761014465;1;3.037706709
10238;2560;3;0.761014465;2;6.211127889
10239;2560;3;0.761014465;3;5.634283585
10240;2560;3;0.761014465;4;6.452715912
10241;2561;2;0.401072387;1;2.423547492
10242;2561;2;0.401072387;2;3.481231448
10243;2561;2;0.401072387;3;6.221987162
10244;2561;2;0.401072387;4;5.55371481
10245;2562;0;0;1;1.73856313
10246;2562;0;0;2;2.317954964
10247;2562;0;0;3;3.444054252
10248;2562;0;0;4;3.72723463
10249;2563;2;0.317297504;1;1.379709717
10250;2563;2;0.317297504;2;1.830046222
10251;2563;2;0.317297504;3;2.287276951
10252;2563;2;0.317297504;4;4.475946249
10253;2564;0;0;1;1.681529437
10254;2564;0;0;2;2.024945555
10255;2564;0;0;3;5.330415922
10256;2564;0;0;4;6.120786073
10257;2565;2;0.839737396;1;5.248528664
10258;2565;2;0.839737396;2;5.465321677
10259;2565;2;0.839737396;3;7.533124122
10260;2565;2;0.839737396;4;8.555954834
10261;2566;0;0;1;-1.67197694
10262;2566;0;0;2;2.70972586
10263;2566;0;0;3;2.638530426
10264;2566;0;0;4;3.129546571
10265;2567;0;0;1;-0.495250173
10266;2567;0;0;2;1.602118404
10267;2567;0;0;3;1.446959168
10268;2567;0;0;4;2.462365581
10269;2568;3;0.246403507;1;5.696374378
10270;2568;3;0.246403507;2;8.770983129
10271;2568;3;0.246403507;3;6.244328601
10272;2568;3;0.246403507;4;8.324165379
10273;2569;0;0;1;0.591480288
10274;2569;0;0;2;2.829168011
10275;2569;0;0;3;2.842055577
10276;2569;0;0;4;2.769215132
10277;2570;2;0.726202698;1;2.092764766
10278;2570;2;0.726202698;2;3.374619196
10279;2570;2;0.726202698;3;3.502452138
10280;2570;2;0.726202698;4;5.833801986
10281;2571;0;0;1;2.989364653
10282;2571;0;0;2;2.455458502
10283;2571;0;0;3;5.635948635
10284;2571;0;0;4;7.070663346
10285;2572;3;0.526396225;1;1.918697739
10286;2572;3;0.526396225;2;5.36390409
10287;2572;3;0.526396225;3;4.654713467
10288;2572;3;0.526396225;4;3.769389707
10289;2573;3;0.03374528;1;6.82499511
10290;2573;3;0.03374528;2;6.25397414
10291;2573;3;0.03374528;3;7.83641405
10292;2573;3;0.03374528;4;7.365975186
10293;2574;3;0.334015666;1;1.127999136
10294;2574;3;0.334015666;2;3.632150819
10295;2574;3;0.334015666;3;2.865728194
10296;2574;3;0.334015666;4;4.934021656
10297;2575;4;0.319543006;1;4.602828373
10298;2575;4;0.319543006;2;5.954017122
10299;2575;4;0.319543006;3;6.10899686
10300;2575;4;0.319543006;4;8.048819007
10301;2576;3;0.06455759;1;4.215769171
10302;2576;3;0.06455759;2;5.634457154
10303;2576;3;0.06455759;3;6.087586037
10304;2576;3;0.06455759;4;6.60702789
10305;2577;0;0;1;4.69367457
10306;2577;0;0;2;4.015825106
10307;2577;0;0;3;4.079452056
10308;2577;0;0;4;4.242806409
10309;2578;0;0;1;-0.997262959
10310;2578;0;0;2;1.18425487
10311;2578;0;0;3;1.073679917
10312;2578;0;0;4;2.716308135
10313;2579;0;0;1;-0.987107487
10314;2579;0;0;2;1.540722032
10315;2579;0;0;3;1.802044673
10316;2579;0;0;4;4.722379186
10317;2580;4;0.194512229;1;5.491307855
10318;2580;4;0.194512229;2;5.857011544
10319;2580;4;0.194512229;3;7.446968261
10320;2580;4;0.194512229;4;8.47961563
10321;2581;4;0.580123012;1;4.534333465
10322;2581;4;0.580123012;2;6.048609226
10323;2581;4;0.580123012;3;6.997728818
10324;2581;4;0.580123012;4;6.510468118
10325;2582;2;0.755434607;1;1.1358192
10326;2582;2;0.755434607;2;0.803598289
10327;2582;2;0.755434607;3;3.560980704
10328;2582;2;0.755434607;4;5.420761225
10329;2583;4;0.25301129;1;5.141440081
10330;2583;4;0.25301129;2;6.639568359
10331;2583;4;0.25301129;3;5.974470548
10332;2583;4;0.25301129;4;6.927447061
10333;2584;4;0.272503999;1;5.676387641
10334;2584;4;0.272503999;2;3.793846841
10335;2584;4;0.272503999;3;5.721033547
10336;2584;4;0.272503999;4;5.806874163
10337;2585;2;0.153918973;1;0.057287516
10338;2585;2;0.153918973;2;1.839070945
10339;2585;2;0.153918973;3;2.400076881
10340;2585;2;0.153918973;4;5.424330977
10341;2586;3;0.400129542;1;3.845581183
10342;2586;3;0.400129542;2;5.244797929
10343;2586;3;0.400129542;3;4.555216553
10344;2586;3;0.400129542;4;6.088056629
10345;2587;4;0.990946433;1;4.100053447
10346;2587;4;0.990946433;2;5.320460826
10347;2587;4;0.990946433;3;8.16535472
10348;2587;4;0.990946433;4;8.927097218
10349;2588;4;0.623671725;1;3.887599493
10350;2588;4;0.623671725;2;5.159413248
10351;2588;4;0.623671725;3;8.257197746
10352;2588;4;0.623671725;4;10.29921355
10353;2589;3;0.817383434;1;2.246703798
10354;2589;3;0.817383434;2;6.738946461
10355;2589;3;0.817383434;3;4.370238556
10356;2589;3;0.817383434;4;6.357387408
10357;2590;4;0.20485911;1;7.156086628
10358;2590;4;0.20485911;2;7.573650567
10359;2590;4;0.20485911;3;9.327181205
10360;2590;4;0.20485911;4;9.273130407
10361;2591;3;0.679963263;1;5.123737263
10362;2591;3;0.679963263;2;6.011141511
10363;2591;3;0.679963263;3;5.762620456
10364;2591;3;0.679963263;4;7.718109934
10365;2592;2;0.53147742;1;3.716500931
10366;2592;2;0.53147742;2;3.871435524
10367;2592;2;0.53147742;3;4.488132139
10368;2592;2;0.53147742;4;5.498656368
10369;2593;0;0;1;0.928804078
10370;2593;0;0;2;2.887643961
10371;2593;0;0;3;2.680651799
10372;2593;0;0;4;5.587114292
10373;2594;0;0;1;0.206072363
10374;2594;0;0;2;0.891410189
10375;2594;0;0;3;4.552990239
10376;2594;0;0;4;6.617991283
10377;2595;2;0.44482771;1;2.327151588
10378;2595;2;0.44482771;2;2.630079912
10379;2595;2;0.44482771;3;5.551949794
10380;2595;2;0.44482771;4;5.906288262
10381;2596;0;0;1;3.96692436
10382;2596;0;0;2;4.349748422
10383;2596;0;0;3;5.247056547
10384;2596;0;0;4;6.929750248
10385;2597;4;0.140798198;1;3.966008592
10386;2597;4;0.140798198;2;4.994486171
10387;2597;4;0.140798198;3;6.950136494
10388;2597;4;0.140798198;4;7.504588741
10389;2598;3;0.354713143;1;4.283782562
10390;2598;3;0.354713143;2;5.962129826
10391;2598;3;0.354713143;3;4.513887421
10392;2598;3;0.354713143;4;6.679183925
10393;2599;4;0.237863292;1;2.095269196
10394;2599;4;0.237863292;2;8.082192143
10395;2599;4;0.237863292;3;4.176009843
10396;2599;4;0.237863292;4;7.823996018
10397;2600;0;0;1;0.615134578
10398;2600;0;0;2;0.265101052
10399;2600;0;0;3;3.557572704
10400;2600;0;0;4;0.985154375
10401;2601;0;0;1;4.909218616
10402;2601;0;0;2;3.917607227
10403;2601;0;0;3;4.884847511
10404;2601;0;0;4;4.466807621
10405;2602;0;0;1;2.95416215
10406;2602;0;0;2;2.001412473
10407;2602;0;0;3;2.931441136
10408;2602;0;0;4;3.676670822
10409;2603;4;0.995238963;1;5.621059934
10410;2603;4;0.995238963;2;7.023488059
10411;2603;4;0.995238963;3;4.531651271
10412;2603;4;0.995238963;4;8.63394045
10413;2604;0;0;1;-0.239259524
10414;2604;0;0;2;0.523785837
10415;2604;0;0;3;0.836208774
10416;2604;0;0;4;0.092803922
10417;2605;0;0;1;-0.350953675
10418;2605;0;0;2;2.334185354
10419;2605;0;0;3;1.624201388
10420;2605;0;0;4;2.622025831
10421;2606;0;0;1;1.669481072
10422;2606;0;0;2;0.94498572
10423;2606;0;0;3;2.830899486
10424;2606;0;0;4;3.085021108
10425;2607;4;0.232953546;1;5.704848432
10426;2607;4;0.232953546;2;6.456040305
10427;2607;4;0.232953546;3;8.367622523
10428;2607;4;0.232953546;4;6.454943566
10429;2608;4;0.243984015;1;4.077758716
10430;2608;4;0.243984015;2;4.139282339
10431;2608;4;0.243984015;3;3.771850303
10432;2608;4;0.243984015;4;7.752920873
10433;2609;3;0.673988993;1;3.837235677
10434;2609;3;0.673988993;2;4.11565515
10435;2609;3;0.673988993;3;4.269927285
10436;2609;3;0.673988993;4;5.765120528
10437;2610;3;0.532454352;1;5.357576087
10438;2610;3;0.532454352;2;6.138594011
10439;2610;3;0.532454352;3;7.83861148
10440;2610;3;0.532454352;4;9.383517021
10441;2611;4;0.385498575;1;6.094831503
10442;2611;4;0.385498575;2;6.925040676
10443;2611;4;0.385498575;3;8.749326954
10444;2611;4;0.385498575;4;10.98458217
10445;2612;4;0.537773458;1;5.282696342
10446;2612;4;0.537773458;2;3.970358776
10447;2612;4;0.537773458;3;5.773757048
10448;2612;4;0.537773458;4;8.289986419
10449;2613;4;0.045161879;1;5.272706045
10450;2613;4;0.045161879;2;5.113966474
10451;2613;4;0.045161879;3;7.79418435
10452;2613;4;0.045161879;4;6.951569103
10453;2614;2;0.495404947;1;4.702047342
10454;2614;2;0.495404947;2;4.745617264
10455;2614;2;0.495404947;3;5.176497623
10456;2614;2;0.495404947;4;4.664369341
10457;2615;2;0.596644115;1;3.200457623
10458;2615;2;0.596644115;2;2.046227435
10459;2615;2;0.596644115;3;4.209288119
10460;2615;2;0.596644115;4;5.633216811
10461;2616;2;0.944079939;1;2.29650315
10462;2616;2;0.944079939;2;2.413828863
10463;2616;2;0.944079939;3;3.26394834
10464;2616;2;0.944079939;4;6.503762757
10465;2617;3;0.15195878;1;3.949594524
10466;2617;3;0.15195878;2;7.860075672
10467;2617;3;0.15195878;3;8.984038398
10468;2617;3;0.15195878;4;7.19862639
10469;2618;4;0.735680879;1;3.310550282
10470;2618;4;0.735680879;2;5.167606569
10471;2618;4;0.735680879;3;7.815810073
10472;2618;4;0.735680879;4;7.34792597
10473;2619;4;0.096702861;1;3.426571224
10474;2619;4;0.096702861;2;3.08409685
10475;2619;4;0.096702861;3;5.828466977
10476;2619;4;0.096702861;4;6.718978363
10477;2620;3;0.8161808;1;3.286276123
10478;2620;3;0.8161808;2;4.131178439
10479;2620;3;0.8161808;3;4.232950079
10480;2620;3;0.8161808;4;6.354127361
10481;2621;3;0.132584472;1;3.743362487
10482;2621;3;0.132584472;2;4.489372395
10483;2621;3;0.132584472;3;6.049528533
10484;2621;3;0.132584472;4;8.310993639
10485;2622;4;0.698059229;1;5.837733088
10486;2622;4;0.698059229;2;4.812891043
10487;2622;4;0.698059229;3;6.018742364
10488;2622;4;0.698059229;4;9.236601765
10489;2623;4;0.891385408;1;1.850158367
10490;2623;4;0.891385408;2;6.537084545
10491;2623;4;0.891385408;3;4.417995033
10492;2623;4;0.891385408;4;7.988864038
10493;2624;4;0.287898063;1;4.467615509
10494;2624;4;0.287898063;2;5.497243859
10495;2624;4;0.287898063;3;5.715043364
10496;2624;4;0.287898063;4;7.725213137
10497;2625;2;0.43794022;1;3.888802988
10498;2625;2;0.43794022;2;4.628554435
10499;2625;2;0.43794022;3;6.189602137
10500;2625;2;0.43794022;4;5.850817098
10501;2626;2;0.824676697;1;2.325609711
10502;2626;2;0.824676697;2;4.52809972
10503;2626;2;0.824676697;3;6.029556885
10504;2626;2;0.824676697;4;4.95032492
10505;2627;4;0.699906351;1;4.53491801
10506;2627;4;0.699906351;2;6.599065001
10507;2627;4;0.699906351;3;4.835463635
10508;2627;4;0.699906351;4;5.718889977
10509;2628;3;0.629239556;1;3.817884866
10510;2628;3;0.629239556;2;3.892472822
10511;2628;3;0.629239556;3;4.326470203
10512;2628;3;0.629239556;4;5.857290463
10513;2629;4;0.288194195;1;4.889330106
10514;2629;4;0.288194195;2;8.153562092
10515;2629;4;0.288194195;3;7.637330517
10516;2629;4;0.288194195;4;8.619731867
10517;2630;3;0.468824829;1;3.65795303
10518;2630;3;0.468824829;2;5.342599495
10519;2630;3;0.468824829;3;4.375703124
10520;2630;3;0.468824829;4;6.142024546
10521;2631;3;0.469483519;1;5.905131828
10522;2631;3;0.469483519;2;6.782958851
10523;2631;3;0.469483519;3;7.656133188
10524;2631;3;0.469483519;4;7.17091279
10525;2632;3;0.211610742;1;2.577790709
10526;2632;3;0.211610742;2;4.930903606
10527;2632;3;0.211610742;3;4.4085979
10528;2632;3;0.211610742;4;6.026601694
10529;2633;2;0.424525117;1;3.46907633
10530;2633;2;0.424525117;2;5.991293536
10531;2633;2;0.424525117;3;5.018915397
10532;2633;2;0.424525117;4;6.343308982
10533;2634;3;0.332969678;1;1.470843103
10534;2634;3;0.332969678;2;2.307492148
10535;2634;3;0.332969678;3;1.901492974
10536;2634;3;0.332969678;4;4.24981282
10537;2635;3;0.97008569;1;3.26395052
10538;2635;3;0.97008569;2;3.746531524
10539;2635;3;0.97008569;3;9.037636576
10540;2635;3;0.97008569;4;7.293278852
10541;2636;2;0.946076621;1;2.037019715
10542;2636;2;0.946076621;2;2.510445747
10543;2636;2;0.946076621;3;5.982488706
10544;2636;2;0.946076621;4;5.6174668
10545;2637;4;0.998686738;1;4.106593708
10546;2637;4;0.998686738;2;5.52452236
10547;2637;4;0.998686738;3;6.659509487
10548;2637;4;0.998686738;4;8.059191694
10549;2638;3;0.321633107;1;3.411834301
10550;2638;3;0.321633107;2;2.704311282
10551;2638;3;0.321633107;3;5.803470023
10552;2638;3;0.321633107;4;5.083660027
10553;2639;3;0.731430408;1;5.128104375
10554;2639;3;0.731430408;2;5.007358057
10555;2639;3;0.731430408;3;5.877466775
10556;2639;3;0.731430408;4;6.569106748
10557;2640;2;0.647482357;1;3.860162044
10558;2640;2;0.647482357;2;4.458066053
10559;2640;2;0.647482357;3;5.579969889
10560;2640;2;0.647482357;4;6.915916876
10561;2641;3;0.128594427;1;4.363425438
10562;2641;3;0.128594427;2;4.520091977
10563;2641;3;0.128594427;3;5.649798742
10564;2641;3;0.128594427;4;6.326924219
10565;2642;0;0;1;0.712406275
10566;2642;0;0;2;0.417346296
10567;2642;0;0;3;2.803780994
10568;2642;0;0;4;5.108633782
10569;2643;4;0.337940896;1;6.646138613
10570;2643;4;0.337940896;2;7.259827443
10571;2643;4;0.337940896;3;8.924228357
10572;2643;4;0.337940896;4;8.869216028
10573;2644;2;0.469868555;1;3.358381212
10574;2644;2;0.469868555;2;4.609634893
10575;2644;2;0.469868555;3;4.979482055
10576;2644;2;0.469868555;4;6.276696519
10577;2645;2;0.494664597;1;2.029375067
10578;2645;2;0.494664597;2;3.504568422
10579;2645;2;0.494664597;3;4.975877764
10580;2645;2;0.494664597;4;4.861782784
10581;2646;0;0;1;2.116551481
10582;2646;0;0;2;2.263641312
10583;2646;0;0;3;4.328234643
10584;2646;0;0;4;5.0416632
10585;2647;0;0;1;0.868653082
10586;2647;0;0;2;2.980851308
10587;2647;0;0;3;0.690857936
10588;2647;0;0;4;1.595866379
10589;2648;3;0.992100855;1;5.605039382
10590;2648;3;0.992100855;2;6.791284963
10591;2648;3;0.992100855;3;8.438165034
10592;2648;3;0.992100855;4;7.495657101
10593;2649;0;0;1;2.620441655
10594;2649;0;0;2;1.677783738
10595;2649;0;0;3;4.059724398
10596;2649;0;0;4;4.719755618
10597;2650;4;0.776920653;1;6.85801217
10598;2650;4;0.776920653;2;8.128671496
10599;2650;4;0.776920653;3;7.696674723
10600;2650;4;0.776920653;4;7.296288147
10601;2651;0;0;1;1.795617538
10602;2651;0;0;2;1.14444811
10603;2651;0;0;3;1.027709567
10604;2651;0;0;4;4.179974133
10605;2652;2;0.769146452;1;4.29610447
10606;2652;2;0.769146452;2;4.552861487
10607;2652;2;0.769146452;3;3.208232089
10608;2652;2;0.769146452;4;7.86794918
10609;2653;0;0;1;1.034447947
10610;2653;0;0;2;2.307227832
10611;2653;0;0;3;2.640801027
10612;2653;0;0;4;4.065315358
10613;2654;2;0.252649111;1;1.75250904
10614;2654;2;0.252649111;2;2.917306725
10615;2654;2;0.252649111;3;5.220266048
10616;2654;2;0.252649111;4;5.162215892
10617;2655;3;0.374878164;1;4.261301699
10618;2655;3;0.374878164;2;5.691441441
10619;2655;3;0.374878164;3;5.179267423
10620;2655;3;0.374878164;4;5.64148357
10621;2656;2;0.322661724;1;4.985663688
10622;2656;2;0.322661724;2;4.454921875
10623;2656;2;0.322661724;3;5.782613242
10624;2656;2;0.322661724;4;7.290712703
10625;2657;3;0.660970498;1;4.032684651
10626;2657;3;0.660970498;2;6.104741995
10627;2657;3;0.660970498;3;4.358810902
10628;2657;3;0.660970498;4;5.882743242
10629;2658;3;0.48830479;1;3.332670501
10630;2658;3;0.48830479;2;5.131982825
10631;2658;3;0.48830479;3;4.866439474
10632;2658;3;0.48830479;4;7.061593269
10633;2659;0;0;1;2.146718223
10634;2659;0;0;2;5.251639697
10635;2659;0;0;3;1.694415298
10636;2659;0;0;4;2.962141516
10637;2660;2;0.920945273;1;1.467283921
10638;2660;2;0.920945273;2;1.7371812
10639;2660;2;0.920945273;3;4.217444316
10640;2660;2;0.920945273;4;3.577015958
10641;2661;4;0.533626252;1;3.479270849
10642;2661;4;0.533626252;2;4.39845938
10643;2661;4;0.533626252;3;6.242431101
10644;2661;4;0.533626252;4;6.275725118
10645;2662;3;0.51538846;1;3.39179453
10646;2662;3;0.51538846;2;6.250166778
10647;2662;3;0.51538846;3;4.306801783
10648;2662;3;0.51538846;4;5.751019955
10649;2663;4;0.758538174;1;5.602400099
10650;2663;4;0.758538174;2;3.839246672
10651;2663;4;0.758538174;3;6.941187363
10652;2663;4;0.758538174;4;7.814719219
10653;2664;2;0.706932642;1;3.884331983
10654;2664;2;0.706932642;2;4.837506933
10655;2664;2;0.706932642;3;4.318771102
10656;2664;2;0.706932642;4;4.580594584
10657;2665;0;0;1;-1.284842894
10658;2665;0;0;2;1.464537766
10659;2665;0;0;3;1.472902837
10660;2665;0;0;4;3.245805736
10661;2666;3;0.463747011;1;5.586597301
10662;2666;3;0.463747011;2;7.082805347
10663;2666;3;0.463747011;3;6.712841811
10664;2666;3;0.463747011;4;8.693255793
10665;2667;3;0.258777442;1;4.923258139
10666;2667;3;0.258777442;2;6.027744957
10667;2667;3;0.258777442;3;6.376914698
10668;2667;3;0.258777442;4;7.591414687
10669;2668;2;0.717865539;1;3.015276689
10670;2668;2;0.717865539;2;5.699975133
10671;2668;2;0.717865539;3;4.385630706
10672;2668;2;0.717865539;4;8.120973978
10673;2669;4;0.401561122;1;5.808041606
10674;2669;4;0.401561122;2;5.02130307
10675;2669;4;0.401561122;3;6.27411175
10676;2669;4;0.401561122;4;7.443664157
10677;2670;2;0.044787933;1;3.310236495
10678;2670;2;0.044787933;2;3.781162546
10679;2670;2;0.044787933;3;4.114960965
10680;2670;2;0.044787933;4;6.442099276
10681;2671;0;0;1;1.766598943
10682;2671;0;0;2;1.802255323
10683;2671;0;0;3;3.776020722
10684;2671;0;0;4;4.222878039
10685;2672;0;0;1;0.157873413
10686;2672;0;0;2;2.741730437
10687;2672;0;0;3;2.67041026
10688;2672;0;0;4;5.153908777
10689;2673;3;0.359706409;1;3.073310405
10690;2673;3;0.359706409;2;3.674632356
10691;2673;3;0.359706409;3;5.671840543
10692;2673;3;0.359706409;4;7.18070714
10693;2674;0;0;1;0.592234752
10694;2674;0;0;2;1.036934839
10695;2674;0;0;3;3.289280579
10696;2674;0;0;4;4.22663441
10697;2675;4;0.454366974;1;3.941415968
10698;2675;4;0.454366974;2;5.673816387
10699;2675;4;0.454366974;3;6.761633442
10700;2675;4;0.454366974;4;6.966491809
10701;2676;3;0.125738667;1;3.505261424
10702;2676;3;0.125738667;2;5.81558738
10703;2676;3;0.125738667;3;7.209740086
10704;2676;3;0.125738667;4;7.986594614
10705;2677;3;0.092266697;1;3.778226854
10706;2677;3;0.092266697;2;3.567764477
10707;2677;3;0.092266697;3;7.793631417
10708;2677;3;0.092266697;4;4.265024546
10709;2678;0;0;1;-1.470518673
10710;2678;0;0;2;3.27730006
10711;2678;0;0;3;3.466338983
10712;2678;0;0;4;2.282724031
10713;2679;0;0;1;-2.076010197
10714;2679;0;0;2;-0.501882403
10715;2679;0;0;3;0.597235236
10716;2679;0;0;4;3.212488982
10717;2680;2;0.0447731;1;4.214701101
10718;2680;2;0.0447731;2;3.144712297
10719;2680;2;0.0447731;3;6.005439986
10720;2680;2;0.0447731;4;6.623401792
10721;2681;4;0.315064816;1;4.336028082
10722;2681;4;0.315064816;2;4.928709216
10723;2681;4;0.315064816;3;5.492526496
10724;2681;4;0.315064816;4;6.374468717
10725;2682;0;0;1;2.723936982
10726;2682;0;0;2;3.551576104
10727;2682;0;0;3;5.343307484
10728;2682;0;0;4;5.061141503
10729;2683;4;0.937990835;1;8.242257546
10730;2683;4;0.937990835;2;7.450564682
10731;2683;4;0.937990835;3;9.423649075
10732;2683;4;0.937990835;4;10.80240034
10733;2684;0;0;1;4.740261008
10734;2684;0;0;2;2.323168395
10735;2684;0;0;3;3.982757504
10736;2684;0;0;4;7.020077454
10737;2685;2;0.121950522;1;2.794492137
10738;2685;2;0.121950522;2;4.446110392
10739;2685;2;0.121950522;3;6.56976951
10740;2685;2;0.121950522;4;5.128463628
10741;2686;4;0.449616014;1;4.441106268
10742;2686;4;0.449616014;2;7.047372916
10743;2686;4;0.449616014;3;7.329601212
10744;2686;4;0.449616014;4;10.58751916
10745;2687;3;0.686504875;1;2.687261839
10746;2687;3;0.686504875;2;5.963311279
10747;2687;3;0.686504875;3;5.771802419
10748;2687;3;0.686504875;4;6.304148336
10749;2688;0;0;1;0.883647817
10750;2688;0;0;2;0.622844006
10751;2688;0;0;3;2.993675234
10752;2688;0;0;4;3.030539248
10753;2689;2;0.053573386;1;3.067243653
10754;2689;2;0.053573386;2;2.600080752
10755;2689;2;0.053573386;3;1.670988531
10756;2689;2;0.053573386;4;4.764811217
10757;2690;4;0.702949859;1;4.404313545
10758;2690;4;0.702949859;2;7.798732199
10759;2690;4;0.702949859;3;6.426078027
10760;2690;4;0.702949859;4;8.197360056
10761;2691;4;0.920471131;1;5.147341159
10762;2691;4;0.920471131;2;7.705221002
10763;2691;4;0.920471131;3;6.27288589
10764;2691;4;0.920471131;4;8.981117036
10765;2692;4;0.000640391;1;4.094642075
10766;2692;4;0.000640391;2;6.608613743
10767;2692;4;0.000640391;3;6.349303819
10768;2692;4;0.000640391;4;7.251083077
10769;2693;0;0;1;-1.268200788
10770;2693;0;0;2;1.426923769
10771;2693;0;0;3;0.920505999
10772;2693;0;0;4;3.519238517
10773;2694;2;0.726252507;1;1.223223899
10774;2694;2;0.726252507;2;3.836903639
10775;2694;2;0.726252507;3;3.363934163
10776;2694;2;0.726252507;4;5.172027003
10777;2695;2;0.853202872;1;5.0652127
10778;2695;2;0.853202872;2;6.631681508
10779;2695;2;0.853202872;3;7.132855384
10780;2695;2;0.853202872;4;7.699153499
10781;2696;0;0;1;-1.166691003
10782;2696;0;0;2;1.928080579
10783;2696;0;0;3;1.585544313
10784;2696;0;0;4;2.426004336
10785;2697;4;0.734662796;1;4.02872416
10786;2697;4;0.734662796;2;5.197737992
10787;2697;4;0.734662796;3;6.572082055
10788;2697;4;0.734662796;4;6.214122121
10789;2698;0;0;1;1.285798174
10790;2698;0;0;2;3.977387257
10791;2698;0;0;3;3.214363394
10792;2698;0;0;4;6.417174393
10793;2699;4;0.9680109;1;4.83814452
10794;2699;4;0.9680109;2;4.536472351
10795;2699;4;0.9680109;3;5.675873356
10796;2699;4;0.9680109;4;8.481789771
10797;2700;3;0.250656362;1;4.47992585
10798;2700;3;0.250656362;2;4.207255869
10799;2700;3;0.250656362;3;4.125794752
10800;2700;3;0.250656362;4;8.156941191
10801;2701;4;0.974103479;1;2.721656045
10802;2701;4;0.974103479;2;4.94439452
10803;2701;4;0.974103479;3;5.821043059
10804;2701;4;0.974103479;4;6.693330841
10805;2702;3;0.842067875;1;3.177349829
10806;2702;3;0.842067875;2;2.963315047
10807;2702;3;0.842067875;3;5.398955095
10808;2702;3;0.842067875;4;5.734188188
10809;2703;4;0.115703341;1;2.656847835
10810;2703;4;0.115703341;2;6.117813528
10811;2703;4;0.115703341;3;6.77571633
10812;2703;4;0.115703341;4;7.483812895
10813;2704;2;0.102415762;1;1.00234825
10814;2704;2;0.102415762;2;3.777206118
10815;2704;2;0.102415762;3;3.62092013
10816;2704;2;0.102415762;4;5.536110087
10817;2705;0;0;1;0.642554579
10818;2705;0;0;2;0.786295882
10819;2705;0;0;3;3.752632683
10820;2705;0;0;4;4.00338036
10821;2706;3;0.080111615;1;3.589248689
10822;2706;3;0.080111615;2;2.483849097
10823;2706;3;0.080111615;3;6.298814193
10824;2706;3;0.080111615;4;5.819686051
10825;2707;4;0.218620992;1;7.372215242
10826;2707;4;0.218620992;2;10.14538547
10827;2707;4;0.218620992;3;9.02128225
10828;2707;4;0.218620992;4;13.11563026
10829;2708;3;0.368576179;1;5.440349249
10830;2708;3;0.368576179;2;7.235227495
10831;2708;3;0.368576179;3;7.24462266
10832;2708;3;0.368576179;4;8.151869602
10833;2709;0;0;1;-0.009289088
10834;2709;0;0;2;0.872332601
10835;2709;0;0;3;0.229587196
10836;2709;0;0;4;1.887074484
10837;2710;2;0.07705867;1;2.31151908
10838;2710;2;0.07705867;2;3.314083809
10839;2710;2;0.07705867;3;4.754069378
10840;2710;2;0.07705867;4;5.475876352
10841;2711;4;0.093887307;1;5.48248075
10842;2711;4;0.093887307;2;4.894094515
10843;2711;4;0.093887307;3;6.138270303
10844;2711;4;0.093887307;4;7.307297988
10845;2712;3;0.382629867;1;3.708506485
10846;2712;3;0.382629867;2;2.62017298
10847;2712;3;0.382629867;3;5.135592174
10848;2712;3;0.382629867;4;3.745262222
10849;2713;4;0.518685735;1;6.005865553
10850;2713;4;0.518685735;2;5.165715091
10851;2713;4;0.518685735;3;5.410997409
10852;2713;4;0.518685735;4;7.1330596
10853;2714;2;0.538934831;1;1.647531214
10854;2714;2;0.538934831;2;3.7437749
10855;2714;2;0.538934831;3;2.795152278
10856;2714;2;0.538934831;4;3.542569645
10857;2715;3;0.082533431;1;3.628774849
10858;2715;3;0.082533431;2;4.640241505
10859;2715;3;0.082533431;3;6.020781504
10860;2715;3;0.082533431;4;7.181829003
10861;2716;2;0.333212606;1;2.342773236
10862;2716;2;0.333212606;2;5.460762294
10863;2716;2;0.333212606;3;4.324973244
10864;2716;2;0.333212606;4;8.000938426
10865;2717;0;0;1;0.180864203
10866;2717;0;0;2;1.148735801
10867;2717;0;0;3;2.531927235
10868;2717;0;0;4;4.616827619
10869;2718;0;0;1;3.788626988
10870;2718;0;0;2;4.18493898
10871;2718;0;0;3;6.157875353
10872;2718;0;0;4;4.582362507
10873;2719;3;0.496469882;1;4.778310422
10874;2719;3;0.496469882;2;7.018313485
10875;2719;3;0.496469882;3;6.430051159
10876;2719;3;0.496469882;4;7.254028493
10877;2720;4;0.392280933;1;6.498948772
10878;2720;4;0.392280933;2;6.420488741
10879;2720;4;0.392280933;3;5.802032091
10880;2720;4;0.392280933;4;8.418441053
10881;2721;3;0.232453789;1;6.297722451
10882;2721;3;0.232453789;2;7.708800357
10883;2721;3;0.232453789;3;6.856729614
10884;2721;3;0.232453789;4;6.962566053
10885;2722;3;0.763517922;1;4.151596038
10886;2722;3;0.763517922;2;7.090620227
10887;2722;3;0.763517922;3;5.095629007
10888;2722;3;0.763517922;4;5.570753062
10889;2723;4;0.502476064;1;5.640486844
10890;2723;4;0.502476064;2;5.963597719
10891;2723;4;0.502476064;3;8.509340036
10892;2723;4;0.502476064;4;7.020447127
10893;2724;0;0;1;1.227839358
10894;2724;0;0;2;3.19571832
10895;2724;0;0;3;4.320133887
10896;2724;0;0;4;4.970226822
10897;2725;4;0.840532483;1;4.645424668
10898;2725;4;0.840532483;2;7.467340222
10899;2725;4;0.840532483;3;7.153187979
10900;2725;4;0.840532483;4;5.978201305
10901;2726;0;0;1;2.018448173
10902;2726;0;0;2;3.188602548
10903;2726;0;0;3;2.954929676
10904;2726;0;0;4;4.021846857
10905;2727;0;0;1;-0.725517563
10906;2727;0;0;2;2.056314809
10907;2727;0;0;3;2.847937087
10908;2727;0;0;4;2.477370043
10909;2728;3;0.153872755;1;5.023291932
10910;2728;3;0.153872755;2;6.650019166
10911;2728;3;0.153872755;3;8.436615576
10912;2728;3;0.153872755;4;6.643552894
10913;2729;2;0.651342113;1;2.965028259
10914;2729;2;0.651342113;2;3.24666359
10915;2729;2;0.651342113;3;3.820889715
10916;2729;2;0.651342113;4;4.328714376
10917;2730;3;0.296722485;1;5.042916836
10918;2730;3;0.296722485;2;3.556848686
10919;2730;3;0.296722485;3;6.509495634
10920;2730;3;0.296722485;4;8.550690443
10921;2731;3;0.385501264;1;5.459354778
10922;2731;3;0.385501264;2;5.915025218
10923;2731;3;0.385501264;3;7.64458527
10924;2731;3;0.385501264;4;9.327834226
10925;2732;3;0.630080716;1;4.887260741
10926;2732;3;0.630080716;2;6.505611975
10927;2732;3;0.630080716;3;7.509620412
10928;2732;3;0.630080716;4;8.156833859
10929;2733;0;0;1;2.393839299
10930;2733;0;0;2;4.419373945
10931;2733;0;0;3;3.003580068
10932;2733;0;0;4;3.785765956
10933;2734;4;0.859405795;1;6.554585155
10934;2734;4;0.859405795;2;7.693530376
10935;2734;4;0.859405795;3;8.376078473
10936;2734;4;0.859405795;4;9.110873724
10937;2735;3;0.60003271;1;3.843594187
10938;2735;3;0.60003271;2;3.494250552
10939;2735;3;0.60003271;3;3.004405088
10940;2735;3;0.60003271;4;4.979269703
10941;2736;4;0.112909607;1;4.693529001
10942;2736;4;0.112909607;2;6.7653857
10943;2736;4;0.112909607;3;6.446258599
10944;2736;4;0.112909607;4;7.931130189
10945;2737;3;0.750250605;1;2.525786613
10946;2737;3;0.750250605;2;5.769156288
10947;2737;3;0.750250605;3;2.523149379
10948;2737;3;0.750250605;4;6.576246084
10949;2738;0;0;1;2.420979719
10950;2738;0;0;2;3.598552467
10951;2738;0;0;3;4.703475798
10952;2738;0;0;4;4.365536167
10953;2739;4;0.611861364;1;4.043932892
10954;2739;4;0.611861364;2;6.686909738
10955;2739;4;0.611861364;3;5.147803276
10956;2739;4;0.611861364;4;7.810239904
10957;2740;2;0.522732593;1;1.762720196
10958;2740;2;0.522732593;2;2.308389181
10959;2740;2;0.522732593;3;4.982349017
10960;2740;2;0.522732593;4;6.025109621
10961;2741;3;0.052490063;1;4.911122507
10962;2741;3;0.052490063;2;4.859332085
10963;2741;3;0.052490063;3;5.888594862
10964;2741;3;0.052490063;4;7.704985266
10965;2742;3;0.688842413;1;5.959241512
10966;2742;3;0.688842413;2;6.848820904
10967;2742;3;0.688842413;3;7.724863216
10968;2742;3;0.688842413;4;9.279390938
10969;2743;0;0;1;1.312561233
10970;2743;0;0;2;1.877101521
10971;2743;0;0;3;3.21874754
10972;2743;0;0;4;4.799635124
10973;2744;3;0.380902808;1;4.069127861
10974;2744;3;0.380902808;2;4.882285103
10975;2744;3;0.380902808;3;7.02225507
10976;2744;3;0.380902808;4;7.09789267
10977;2745;4;0.883989147;1;4.440084714
10978;2745;4;0.883989147;2;6.143461641
10979;2745;4;0.883989147;3;7.101389636
10980;2745;4;0.883989147;4;5.605768834
10981;2746;0;0;1;3.057727814
10982;2746;0;0;2;1.712180968
10983;2746;0;0;3;2.081602351
10984;2746;0;0;4;3.43540496
10985;2747;4;0.228031269;1;4.200375973
10986;2747;4;0.228031269;2;5.760949234
10987;2747;4;0.228031269;3;8.18343909
10988;2747;4;0.228031269;4;7.786504212
10989;2748;0;0;1;-0.18869236
10990;2748;0;0;2;3.301211776
10991;2748;0;0;3;3.680072418
10992;2748;0;0;4;4.804230701
10993;2749;2;0.606267125;1;3.513097459
10994;2749;2;0.606267125;2;5.586300074
10995;2749;2;0.606267125;3;6.466677791
10996;2749;2;0.606267125;4;5.182349032
10997;2750;4;0.898543394;1;5.082744064
10998;2750;4;0.898543394;2;4.929386476
10999;2750;4;0.898543394;3;5.565011706
11000;2750;4;0.898543394;4;7.349191022
11001;2751;3;0.458228896;1;3.113476745
11002;2751;3;0.458228896;2;4.85040044
11003;2751;3;0.458228896;3;6.049193952
11004;2751;3;0.458228896;4;5.880484716
11005;2752;4;0.996078401;1;5.622438273
11006;2752;4;0.996078401;2;5.756715744
11007;2752;4;0.996078401;3;9.860557081
11008;2752;4;0.996078401;4;8.874032145
11009;2753;0;0;1;0.694539577
11010;2753;0;0;2;2.216474651
11011;2753;0;0;3;1.900649714
11012;2753;0;0;4;3.463345201
11013;2754;2;0.843140006;1;3.775656447
11014;2754;2;0.843140006;2;0.631335073
11015;2754;2;0.843140006;3;5.261785035
11016;2754;2;0.843140006;4;5.715142322
11017;2755;3;0.973972656;1;4.090560167
11018;2755;3;0.973972656;2;5.282081296
11019;2755;3;0.973972656;3;5.74352371
11020;2755;3;0.973972656;4;8.261769675
11021;2756;3;0.809537526;1;4.00505555
11022;2756;3;0.809537526;2;5.375413741
11023;2756;3;0.809537526;3;3.376267524
11024;2756;3;0.809537526;4;6.576090986
11025;2757;4;0.083498013;1;4.75262548
11026;2757;4;0.083498013;2;7.523016447
11027;2757;4;0.083498013;3;7.325489437
11028;2757;4;0.083498013;4;8.208945402
11029;2758;4;0.572108826;1;5.265566549
11030;2758;4;0.572108826;2;6.155117932
11031;2758;4;0.572108826;3;6.306178834
11032;2758;4;0.572108826;4;6.42179071
11033;2759;2;0.905694771;1;3.397640903
11034;2759;2;0.905694771;2;6.191433521
11035;2759;2;0.905694771;3;6.746928515
11036;2759;2;0.905694771;4;8.359895783
11037;2760;0;0;1;1.603513624
11038;2760;0;0;2;2.37748752
11039;2760;0;0;3;4.107452729
11040;2760;0;0;4;3.897890037
11041;2761;2;0.654713186;1;3.649235688
11042;2761;2;0.654713186;2;3.205189064
11043;2761;2;0.654713186;3;6.358647272
11044;2761;2;0.654713186;4;5.810262396
11045;2762;0;0;1;0.729055749
11046;2762;0;0;2;-0.240270564
11047;2762;0;0;3;4.396265799
11048;2762;0;0;4;4.64491125
11049;2763;0;0;1;0.924360294
11050;2763;0;0;2;2.677703075
11051;2763;0;0;3;4.928219599
11052;2763;0;0;4;5.667865458
11053;2764;4;0.807166062;1;6.937534274
11054;2764;4;0.807166062;2;5.47650911
11055;2764;4;0.807166062;3;7.015139412
11056;2764;4;0.807166062;4;10.14536462
11057;2765;0;0;1;0.613011131
11058;2765;0;0;2;4.299446114
11059;2765;0;0;3;4.403947101
11060;2765;0;0;4;4.520290584
11061;2766;3;0.762397445;1;4.595290708
11062;2766;3;0.762397445;2;6.549080019
11063;2766;3;0.762397445;3;6.541735264
11064;2766;3;0.762397445;4;8.104020955
11065;2767;2;0.825810528;1;1.306849729
11066;2767;2;0.825810528;2;3.126245297
11067;2767;2;0.825810528;3;4.433615364
11068;2767;2;0.825810528;4;7.220746462
11069;2768;4;0.298623568;1;3.642232001
11070;2768;4;0.298623568;2;5.598820236
11071;2768;4;0.298623568;3;5.546025672
11072;2768;4;0.298623568;4;7.012141211
11073;2769;0;0;1;-1.200354043
11074;2769;0;0;2;1.070223931
11075;2769;0;0;3;2.417819545
11076;2769;0;0;4;3.183701704
11077;2770;3;0.076209187;1;2.995205851
11078;2770;3;0.076209187;2;3.25730108
11079;2770;3;0.076209187;3;6.926071799
11080;2770;3;0.076209187;4;5.699661004
11081;2771;4;0.57345341;1;4.529964308
11082;2771;4;0.57345341;2;5.208725945
11083;2771;4;0.57345341;3;8.432321366
11084;2771;4;0.57345341;4;8.613296121
11085;2772;0;0;1;2.305545986
11086;2772;0;0;2;2.111620067
11087;2772;0;0;3;4.33614002
11088;2772;0;0;4;5.037820268
11089;2773;3;0.152191405;1;2.622944694
11090;2773;3;0.152191405;2;5.842706569
11091;2773;3;0.152191405;3;7.26113516
11092;2773;3;0.152191405;4;7.960544499
11093;2774;2;0.641624125;1;4.140557738
11094;2774;2;0.641624125;2;3.351680055
11095;2774;2;0.641624125;3;5.194193295
11096;2774;2;0.641624125;4;6.98531759
11097;2775;0;0;1;0.623017424
11098;2775;0;0;2;-0.665042095
11099;2775;0;0;3;2.281984523
11100;2775;0;0;4;4.163748216
11101;2776;0;0;1;0.255913402
11102;2776;0;0;2;1.184159041
11103;2776;0;0;3;2.14311863
11104;2776;0;0;4;3.824729776
11105;2777;2;0.368180705;1;3.983174544
11106;2777;2;0.368180705;2;1.758548083
11107;2777;2;0.368180705;3;4.738715686
11108;2777;2;0.368180705;4;7.066328537
11109;2778;0;0;1;2.572056874
11110;2778;0;0;2;3.413710258
11111;2778;0;0;3;2.608716066
11112;2778;0;0;4;4.378724489
11113;2779;3;0.353549432;1;4.005621275
11114;2779;3;0.353549432;2;4.493834631
11115;2779;3;0.353549432;3;7.848076336
11116;2779;3;0.353549432;4;9.59965492
11117;2780;4;0.082530685;1;5.191355696
11118;2780;4;0.082530685;2;4.477056675
11119;2780;4;0.082530685;3;4.499310878
11120;2780;4;0.082530685;4;7.902296437
11121;2781;4;0.876125089;1;3.342109092
11122;2781;4;0.876125089;2;5.576448134
11123;2781;4;0.876125089;3;7.19833099
11124;2781;4;0.876125089;4;7.138390454
11125;2782;0;0;1;-1.341832786
11126;2782;0;0;2;2.010385942
11127;2782;0;0;3;3.017871228
11128;2782;0;0;4;2.68067123
11129;2783;2;0.745483933;1;3.273157042
11130;2783;2;0.745483933;2;5.424729097
11131;2783;2;0.745483933;3;4.761117615
11132;2783;2;0.745483933;4;7.023328498
11133;2784;3;0.973494149;1;3.925296489
11134;2784;3;0.973494149;2;4.780328837
11135;2784;3;0.973494149;3;4.988260855
11136;2784;3;0.973494149;4;6.733627292
11137;2785;0;0;1;0.653481973
11138;2785;0;0;2;2.067742756
11139;2785;0;0;3;3.294109285
11140;2785;0;0;4;4.066369033
11141;2786;3;0.868957028;1;3.266305951
11142;2786;3;0.868957028;2;6.551287858
11143;2786;3;0.868957028;3;6.755399684
11144;2786;3;0.868957028;4;9.038809299
11145;2787;3;0.708569916;1;5.455526749
11146;2787;3;0.708569916;2;4.362589354
11147;2787;3;0.708569916;3;6.999276493
11148;2787;3;0.708569916;4;9.485197981
11149;2788;0;0;1;0.375096195
11150;2788;0;0;2;1.547654682
11151;2788;0;0;3;3.141010335
11152;2788;0;0;4;4.003371187
11153;2789;0;0;1;0.790635646
11154;2789;0;0;2;3.389560941
11155;2789;0;0;3;2.881373612
11156;2789;0;0;4;5.677218195
11157;2790;2;0.286896978;1;0.383846864
11158;2790;2;0.286896978;2;2.374926909
11159;2790;2;0.286896978;3;6.075252024
11160;2790;2;0.286896978;4;5.132428629
11161;2791;3;0.777981801;1;5.786733929
11162;2791;3;0.777981801;2;7.817969607
11163;2791;3;0.777981801;3;5.407306747
11164;2791;3;0.777981801;4;9.546929742
11165;2792;0;0;1;1.670474525
11166;2792;0;0;2;2.644626754
11167;2792;0;0;3;3.965098847
11168;2792;0;0;4;5.410750535
11169;2793;2;0.210210373;1;5.563048729
11170;2793;2;0.210210373;2;6.803599452
11171;2793;2;0.210210373;3;4.952055311
11172;2793;2;0.210210373;4;10.01305583
11173;2794;0;0;1;-0.06979284
11174;2794;0;0;2;2.810597437
11175;2794;0;0;3;5.456119349
11176;2794;0;0;4;7.339467177
11177;2795;2;0.034966299;1;1.100445976
11178;2795;2;0.034966299;2;5.294061423
11179;2795;2;0.034966299;3;6.337667808
11180;2795;2;0.034966299;4;6.359246246
11181;2796;4;0.27407178;1;4.095365926
11182;2796;4;0.27407178;2;6.985748129
11183;2796;4;0.27407178;3;5.900654281
11184;2796;4;0.27407178;4;7.864567732
11185;2797;2;0.955766579;1;1.349713029
11186;2797;2;0.955766579;2;3.194705476
11187;2797;2;0.955766579;3;3.895661382
11188;2797;2;0.955766579;4;3.450152154
11189;2798;4;0.337783281;1;4.948432264
11190;2798;4;0.337783281;2;5.579315244
11191;2798;4;0.337783281;3;8.527707274
11192;2798;4;0.337783281;4;8.317679513
11193;2799;3;0.349862111;1;7.010423614
11194;2799;3;0.349862111;2;4.852023921
11195;2799;3;0.349862111;3;8.103320187
11196;2799;3;0.349862111;4;8.128739739
11197;2800;4;0.427962876;1;5.740928141
11198;2800;4;0.427962876;2;8.277015032
11199;2800;4;0.427962876;3;6.44965459
11200;2800;4;0.427962876;4;8.450854304
11201;2801;2;0.746707918;1;3.95949075
11202;2801;2;0.746707918;2;5.858372879
11203;2801;2;0.746707918;3;5.078178178
11204;2801;2;0.746707918;4;7.169434527
11205;2802;4;0.904634621;1;4.552112037
11206;2802;4;0.904634621;2;3.839395144
11207;2802;4;0.904634621;3;4.823937021
11208;2802;4;0.904634621;4;5.708014922
11209;2803;2;0.128954016;1;3.750057566
11210;2803;2;0.128954016;2;5.76344241
11211;2803;2;0.128954016;3;6.073722134
11212;2803;2;0.128954016;4;5.405465398
11213;2804;3;0.05463481;1;3.54941767
11214;2804;3;0.05463481;2;6.09761894
11215;2804;3;0.05463481;3;5.593974495
11216;2804;3;0.05463481;4;6.104755823
11217;2805;0;0;1;-0.391614032
11218;2805;0;0;2;3.47919784
11219;2805;0;0;3;2.384983711
11220;2805;0;0;4;3.732330814
11221;2806;0;0;1;0.384519332
11222;2806;0;0;2;3.447116851
11223;2806;0;0;3;4.813568295
11224;2806;0;0;4;2.805442723
11225;2807;3;0.745771135;1;3.712521323
11226;2807;3;0.745771135;2;5.075942893
11227;2807;3;0.745771135;3;5.673812172
11228;2807;3;0.745771135;4;6.731226572
11229;2808;3;0.931153614;1;3.181561777
11230;2808;3;0.931153614;2;4.661766625
11231;2808;3;0.931153614;3;4.1840396
11232;2808;3;0.931153614;4;6.276203497
11233;2809;0;0;1;3.620084656
11234;2809;0;0;2;3.298790527
11235;2809;0;0;3;4.550354745
11236;2809;0;0;4;5.216178432
11237;2810;4;0.45903495;1;5.867350037
11238;2810;4;0.45903495;2;7.040110258
11239;2810;4;0.45903495;3;7.814400689
11240;2810;4;0.45903495;4;9.918832768
11241;2811;0;0;1;0.929360986
11242;2811;0;0;2;1.89962358
11243;2811;0;0;3;2.421341497
11244;2811;0;0;4;4.672930454
11245;2812;4;0.192585437;1;6.515990962
11246;2812;4;0.192585437;2;7.721560984
11247;2812;4;0.192585437;3;7.733197347
11248;2812;4;0.192585437;4;6.623433803
11249;2813;4;0.720155763;1;4.346790003
11250;2813;4;0.720155763;2;5.632805582
11251;2813;4;0.720155763;3;4.852215979
11252;2813;4;0.720155763;4;6.262469027
11253;2814;0;0;1;1.373074435
11254;2814;0;0;2;4.346859305
11255;2814;0;0;3;3.180164049
11256;2814;0;0;4;2.816922189
11257;2815;4;0.408245621;1;2.80575917
11258;2815;4;0.408245621;2;4.363041531
11259;2815;4;0.408245621;3;6.639874273
11260;2815;4;0.408245621;4;7.344423204
11261;2816;0;0;1;3.546078951
11262;2816;0;0;2;2.866704881
11263;2816;0;0;3;4.005519522
11264;2816;0;0;4;5.344869504
11265;2817;4;0.648484844;1;3.581693169
11266;2817;4;0.648484844;2;5.19248957
11267;2817;4;0.648484844;3;5.785361688
11268;2817;4;0.648484844;4;8.354414751
11269;2818;0;0;1;1.151074293
11270;2818;0;0;2;1.377136983
11271;2818;0;0;3;2.950943295
11272;2818;0;0;4;3.340968826
11273;2819;0;0;1;0.184595242
11274;2819;0;0;2;2.740592712
11275;2819;0;0;3;3.208333633
11276;2819;0;0;4;5.703876491
11277;2820;4;0.182647475;1;6.382177861
11278;2820;4;0.182647475;2;7.012074111
11279;2820;4;0.182647475;3;7.93974668
11280;2820;4;0.182647475;4;8.273472789
11281;2821;0;0;1;-0.124623975
11282;2821;0;0;2;0.810334437
11283;2821;0;0;3;2.57738688
11284;2821;0;0;4;4.004088514
11285;2822;0;0;1;2.923612485
11286;2822;0;0;2;3.256477479
11287;2822;0;0;3;4.191379465
11288;2822;0;0;4;5.140008696
11289;2823;2;0.422934472;1;4.002724261
11290;2823;2;0.422934472;2;3.799863236
11291;2823;2;0.422934472;3;5.279318569
11292;2823;2;0.422934472;4;6.600213013
11293;2824;2;0.139799326;1;0.826362486
11294;2824;2;0.139799326;2;4.346388979
11295;2824;2;0.139799326;3;5.716066715
11296;2824;2;0.139799326;4;5.614772827
11297;2825;4;0.241390368;1;4.664319985
11298;2825;4;0.241390368;2;5.93917053
11299;2825;4;0.241390368;3;7.7165446
11300;2825;4;0.241390368;4;7.38924335
11301;2826;3;0.463224634;1;3.540341607
11302;2826;3;0.463224634;2;3.37046536
11303;2826;3;0.463224634;3;5.979054404
11304;2826;3;0.463224634;4;6.443028767
11305;2827;4;0.086010506;1;2.773824063
11306;2827;4;0.086010506;2;5.970043816
11307;2827;4;0.086010506;3;4.695742522
11308;2827;4;0.086010506;4;6.941274257
11309;2828;0;0;1;-0.000108429
11310;2828;0;0;2;-0.247789311
11311;2828;0;0;3;1.753899771
11312;2828;0;0;4;1.578079182
11313;2829;3;0.882202072;1;5.058811776
11314;2829;3;0.882202072;2;7.007277065
11315;2829;3;0.882202072;3;7.829205393
11316;2829;3;0.882202072;4;8.337816961
11317;2830;2;0.503299509;1;3.203582474
11318;2830;2;0.503299509;2;4.530786829
11319;2830;2;0.503299509;3;5.130350651
11320;2830;2;0.503299509;4;6.214647468
11321;2831;4;0.871260398;1;4.899900111
11322;2831;4;0.871260398;2;4.490847843
11323;2831;4;0.871260398;3;7.023496148
11324;2831;4;0.871260398;4;8.060471011
11325;2832;4;0.440057873;1;6.205893855
11326;2832;4;0.440057873;2;7.257730606
11327;2832;4;0.440057873;3;6.143303768
11328;2832;4;0.440057873;4;9.312633729
11329;2833;0;0;1;2.39031603
11330;2833;0;0;2;4.119928993
11331;2833;0;0;3;4.911480534
11332;2833;0;0;4;4.721939711
11333;2834;0;0;1;-0.372528304
11334;2834;0;0;2;0.916685191
11335;2834;0;0;3;0.854817154
11336;2834;0;0;4;1.979144274
11337;2835;3;0.246586133;1;5.056619723
11338;2835;3;0.246586133;2;6.008086706
11339;2835;3;0.246586133;3;6.124348505
11340;2835;3;0.246586133;4;7.050015477
11341;2836;3;0.25935254;1;2.242136215
11342;2836;3;0.25935254;2;2.810330657
11343;2836;3;0.25935254;3;4.242540032
11344;2836;3;0.25935254;4;5.754978157
11345;2837;0;0;1;1.991136959
11346;2837;0;0;2;2.496137682
11347;2837;0;0;3;3.433922945
11348;2837;0;0;4;3.128867143
11349;2838;0;0;1;1.686552585
11350;2838;0;0;2;2.91594611
11351;2838;0;0;3;3.916626
11352;2838;0;0;4;4.530035662
11353;2839;4;0.51767049;1;4.416399595
11354;2839;4;0.51767049;2;7.802328533
11355;2839;4;0.51767049;3;8.21303131
11356;2839;4;0.51767049;4;9.228531866
11357;2840;2;0.693194833;1;4.456191906
11358;2840;2;0.693194833;2;5.428221407
11359;2840;2;0.693194833;3;5.555486076
11360;2840;2;0.693194833;4;7.12182854
11361;2841;2;0.225096194;1;1.363581527
11362;2841;2;0.225096194;2;2.535727164
11363;2841;2;0.225096194;3;4.314238096
11364;2841;2;0.225096194;4;4.601877412
11365;2842;4;0.868022901;1;5.171981453
11366;2842;4;0.868022901;2;4.191890897
11367;2842;4;0.868022901;3;6.784200142
11368;2842;4;0.868022901;4;7.682519971
11369;2843;3;0.324944267;1;4.873322396
11370;2843;3;0.324944267;2;3.961214416
11371;2843;3;0.324944267;3;7.395771956
11372;2843;3;0.324944267;4;9.261726908
11373;2844;4;0.692186391;1;5.330065314
11374;2844;4;0.692186391;2;4.894814623
11375;2844;4;0.692186391;3;7.200263913
11376;2844;4;0.692186391;4;8.124450118
11377;2845;4;0.017406799;1;6.327128497
11378;2845;4;0.017406799;2;9.087894231
11379;2845;4;0.017406799;3;9.026339806
11380;2845;4;0.017406799;4;7.7063971
11381;2846;3;0.878113916;1;3.030883919
11382;2846;3;0.878113916;2;3.311432241
11383;2846;3;0.878113916;3;2.41517896
11384;2846;3;0.878113916;4;2.923975373
11385;2847;4;0.364772867;1;6.150559954
11386;2847;4;0.364772867;2;7.343322558
11387;2847;4;0.364772867;3;9.849636977
11388;2847;4;0.364772867;4;8.740900464
11389;2848;3;0.679515354;1;5.202299912
11390;2848;3;0.679515354;2;6.054031208
11391;2848;3;0.679515354;3;6.543858707
11392;2848;3;0.679515354;4;7.378827135
11393;2849;2;0.988054089;1;4.145107353
11394;2849;2;0.988054089;2;4.967297581
11395;2849;2;0.988054089;3;5.787177302
11396;2849;2;0.988054089;4;5.859342729
11397;2850;2;0.285057274;1;3.927358837
11398;2850;2;0.285057274;2;6.915639304
11399;2850;2;0.285057274;3;6.140587978
11400;2850;2;0.285057274;4;7.613143045
11401;2851;2;0.374347843;1;2.534873913
11402;2851;2;0.374347843;2;2.932138728
11403;2851;2;0.374347843;3;5.364917515
11404;2851;2;0.374347843;4;5.651185098
11405;2852;0;0;1;-0.294938847
11406;2852;0;0;2;-0.785101503
11407;2852;0;0;3;3.753212788
11408;2852;0;0;4;2.773692037
11409;2853;3;0.195853082;1;1.779635602
11410;2853;3;0.195853082;2;4.945746145
11411;2853;3;0.195853082;3;4.142901878
11412;2853;3;0.195853082;4;6.993362532
11413;2854;3;0.831388925;1;2.752530768
11414;2854;3;0.831388925;2;4.626330465
11415;2854;3;0.831388925;3;4.977559045
11416;2854;3;0.831388925;4;6.726629487
11417;2855;0;0;1;2.268521301
11418;2855;0;0;2;2.160149693
11419;2855;0;0;3;4.370490692
11420;2855;0;0;4;4.354143982
11421;2856;0;0;1;3.646721108
11422;2856;0;0;2;1.600375157
11423;2856;0;0;3;2.089219848
11424;2856;0;0;4;3.545465996
11425;2857;2;0.649016157;1;3.64194766
11426;2857;2;0.649016157;2;4.921599692
11427;2857;2;0.649016157;3;6.034904633
11428;2857;2;0.649016157;4;7.329274606
11429;2858;0;0;1;1.093703661
11430;2858;0;0;2;-1.138841201
11431;2858;0;0;3;2.58255056
11432;2858;0;0;4;5.164804001
11433;2859;4;0.664909299;1;7.670932853
11434;2859;4;0.664909299;2;7.417883188
11435;2859;4;0.664909299;3;8.047944753
11436;2859;4;0.664909299;4;9.892709448
11437;2860;2;0.585919012;1;2.968145926
11438;2860;2;0.585919012;2;2.738837945
11439;2860;2;0.585919012;3;4.475262408
11440;2860;2;0.585919012;4;6.839011899
11441;2861;4;0.282413328;1;6.111112311
11442;2861;4;0.282413328;2;8.09929165
11443;2861;4;0.282413328;3;7.966166877
11444;2861;4;0.282413328;4;8.488081386
11445;2862;4;0.977059273;1;5.855491297
11446;2862;4;0.977059273;2;5.735913099
11447;2862;4;0.977059273;3;6.483489666
11448;2862;4;0.977059273;4;8.064831959
11449;2863;0;0;1;1.887891932
11450;2863;0;0;2;0.471271072
11451;2863;0;0;3;3.554398612
11452;2863;0;0;4;5.14176914
11453;2864;2;0.828207046;1;4.867841957
11454;2864;2;0.828207046;2;3.96548394
11455;2864;2;0.828207046;3;4.573177393
11456;2864;2;0.828207046;4;8.192922906
11457;2865;4;0.693640065;1;6.814695212
11458;2865;4;0.693640065;2;6.899607475
11459;2865;4;0.693640065;3;8.126110491
11460;2865;4;0.693640065;4;10.77897666
11461;2866;4;0.772178621;1;3.596158997
11462;2866;4;0.772178621;2;4.816353903
11463;2866;4;0.772178621;3;7.899986701
11464;2866;4;0.772178621;4;9.048588408
11465;2867;4;0.140625224;1;4.403479357
11466;2867;4;0.140625224;2;4.751365946
11467;2867;4;0.140625224;3;8.656776378
11468;2867;4;0.140625224;4;5.265804594
11469;2868;3;0.622037953;1;5.133288099
11470;2868;3;0.622037953;2;5.49171866
11471;2868;3;0.622037953;3;7.96073587
11472;2868;3;0.622037953;4;8.454245288
11473;2869;2;0.749462196;1;2.938026646
11474;2869;2;0.749462196;2;1.166392918
11475;2869;2;0.749462196;3;2.282671304
11476;2869;2;0.749462196;4;2.317091864
11477;2870;2;0.921542568;1;6.304020793
11478;2870;2;0.921542568;2;3.690194116
11479;2870;2;0.921542568;3;6.662952249
11480;2870;2;0.921542568;4;7.30396117
11481;2871;3;0.678580831;1;3.606197257
11482;2871;3;0.678580831;2;4.874709392
11483;2871;3;0.678580831;3;2.99471853
11484;2871;3;0.678580831;4;5.051831939
11485;2872;3;0.436278295;1;3.931748728
11486;2872;3;0.436278295;2;3.266196399
11487;2872;3;0.436278295;3;6.253856071
11488;2872;3;0.436278295;4;7.778615433
11489;2873;0;0;1;1.089807109
11490;2873;0;0;2;1.386794339
11491;2873;0;0;3;2.343016144
11492;2873;0;0;4;4.15810732
11493;2874;0;0;1;0.790961415
11494;2874;0;0;2;1.710828178
11495;2874;0;0;3;2.392761493
11496;2874;0;0;4;4.842007238
11497;2875;4;0.608225894;1;6.26723441
11498;2875;4;0.608225894;2;7.568589267
11499;2875;4;0.608225894;3;7.254797373
11500;2875;4;0.608225894;4;10.53062962
11501;2876;4;0.658954308;1;6.731588656
11502;2876;4;0.658954308;2;7.360520952
11503;2876;4;0.658954308;3;8.223174955
11504;2876;4;0.658954308;4;8.114824085
11505;2877;2;0.197658245;1;1.170149527
11506;2877;2;0.197658245;2;0.620077116
11507;2877;2;0.197658245;3;2.340289733
11508;2877;2;0.197658245;4;5.37983414
11509;2878;2;0.942374135;1;4.007359473
11510;2878;2;0.942374135;2;5.870094122
11511;2878;2;0.942374135;3;5.442812376
11512;2878;2;0.942374135;4;6.545514212
11513;2879;4;0.525426238;1;5.549078519
11514;2879;4;0.525426238;2;8.267424129
11515;2879;4;0.525426238;3;7.689133084
11516;2879;4;0.525426238;4;9.362455297
11517;2880;4;0.143103538;1;5.724073524
11518;2880;4;0.143103538;2;5.191169484
11519;2880;4;0.143103538;3;7.159686656
11520;2880;4;0.143103538;4;8.210744893
11521;2881;3;0.591447718;1;3.740389467
11522;2881;3;0.591447718;2;5.499770518
11523;2881;3;0.591447718;3;6.846864259
11524;2881;3;0.591447718;4;8.412064191
11525;2882;3;0.99717749;1;4.628509817
11526;2882;3;0.99717749;2;5.069205568
11527;2882;3;0.99717749;3;7.46863466
11528;2882;3;0.99717749;4;9.546282691
11529;2883;0;0;1;2.909353145
11530;2883;0;0;2;3.394472424
11531;2883;0;0;3;2.754628318
11532;2883;0;0;4;3.99447036
11533;2884;3;0.798664778;1;2.584565272
11534;2884;3;0.798664778;2;2.508633748
11535;2884;3;0.798664778;3;3.761160941
11536;2884;3;0.798664778;4;4.249513818
11537;2885;3;0.149192402;1;5.276531024
11538;2885;3;0.149192402;2;5.007410689
11539;2885;3;0.149192402;3;6.288313582
11540;2885;3;0.149192402;4;7.924070027
11541;2886;2;0.668956333;1;2.622459513
11542;2886;2;0.668956333;2;4.479227019
11543;2886;2;0.668956333;3;4.243545753
11544;2886;2;0.668956333;4;5.605174591
11545;2887;3;0.258895782;1;2.338301136
11546;2887;3;0.258895782;2;4.957319974
11547;2887;3;0.258895782;3;5.402954843
11548;2887;3;0.258895782;4;7.065819581
11549;2888;0;0;1;-0.422390813
11550;2888;0;0;2;0.348178312
11551;2888;0;0;3;1.806980746
11552;2888;0;0;4;1.988759599
11553;2889;3;0.336407602;1;3.71370908
11554;2889;3;0.336407602;2;4.729857452
11555;2889;3;0.336407602;3;5.763481407
11556;2889;3;0.336407602;4;7.042984504
11557;2890;4;0.545066555;1;7.183161783
11558;2890;4;0.545066555;2;8.058086769
11559;2890;4;0.545066555;3;9.256630686
11560;2890;4;0.545066555;4;11.05079422
11561;2891;2;0.400620901;1;3.873114581
11562;2891;2;0.400620901;2;5.03766245
11563;2891;2;0.400620901;3;6.3269752
11564;2891;2;0.400620901;4;7.185821231
11565;2892;4;0.388070337;1;7.127174674
11566;2892;4;0.388070337;2;7.047954355
11567;2892;4;0.388070337;3;8.248736997
11568;2892;4;0.388070337;4;8.530995029
11569;2893;0;0;1;0.606056042
11570;2893;0;0;2;1.736968812
11571;2893;0;0;3;1.088962829
11572;2893;0;0;4;3.010179731
11573;2894;2;0.618799443;1;4.232681455
11574;2894;2;0.618799443;2;6.477377572
11575;2894;2;0.618799443;3;7.035556452
11576;2894;2;0.618799443;4;5.637345455
11577;2895;4;0.245032518;1;6.971566743
11578;2895;4;0.245032518;2;6.724584827
11579;2895;4;0.245032518;3;8.736756635
11580;2895;4;0.245032518;4;8.882988456
11581;2896;0;0;1;0.966489049
11582;2896;0;0;2;1.756936389
11583;2896;0;0;3;4.787679424
11584;2896;0;0;4;5.121362796
11585;2897;3;0.774098884;1;3.506475612
11586;2897;3;0.774098884;2;2.835763247
11587;2897;3;0.774098884;3;3.902547728
11588;2897;3;0.774098884;4;5.84160984
11589;2898;2;0.015191417;1;1.255603947
11590;2898;2;0.015191417;2;3.284470615
11591;2898;2;0.015191417;3;4.773689128
11592;2898;2;0.015191417;4;6.27818509
11593;2899;4;0.109148105;1;4.700804885
11594;2899;4;0.109148105;2;3.541705102
11595;2899;4;0.109148105;3;4.611776662
11596;2899;4;0.109148105;4;5.146303107
11597;2900;0;0;1;-0.60169648
11598;2900;0;0;2;2.298652134
11599;2900;0;0;3;2.054876966
11600;2900;0;0;4;3.967840752
11601;2901;0;0;1;-0.239124253
11602;2901;0;0;2;-0.750102145
11603;2901;0;0;3;3.347909501
11604;2901;0;0;4;3.246560109
11605;2902;0;0;1;1.161097006
11606;2902;0;0;2;2.919239599
11607;2902;0;0;3;3.022684177
11608;2902;0;0;4;3.203050574
11609;2903;3;0.72621673;1;3.209431986
11610;2903;3;0.72621673;2;4.660336278
11611;2903;3;0.72621673;3;5.071330784
11612;2903;3;0.72621673;4;6.346330282
11613;2904;2;0.766997022;1;2.204707508
11614;2904;2;0.766997022;2;3.129681623
11615;2904;2;0.766997022;3;4.297262053
11616;2904;2;0.766997022;4;5.418489577
11617;2905;3;0.257904245;1;3.710246936
11618;2905;3;0.257904245;2;6.896982872
11619;2905;3;0.257904245;3;6.213708625
11620;2905;3;0.257904245;4;6.122417599
11621;2906;4;0.864241531;1;4.916960545
11622;2906;4;0.864241531;2;2.100887622
11623;2906;4;0.864241531;3;4.780829802
11624;2906;4;0.864241531;4;4.659684468
11625;2907;3;0.871845644;1;2.084891811
11626;2907;3;0.871845644;2;5.143223454
11627;2907;3;0.871845644;3;2.942034171
11628;2907;3;0.871845644;4;5.295506631
11629;2908;4;0.188842413;1;6.71321257
11630;2908;4;0.188842413;2;6.433191592
11631;2908;4;0.188842413;3;8.605317668
11632;2908;4;0.188842413;4;7.33593237
11633;2909;2;0.436359743;1;3.665316363
11634;2909;2;0.436359743;2;5.735059471
11635;2909;2;0.436359743;3;7.276556108
11636;2909;2;0.436359743;4;7.068208392
11637;2910;4;0.427063555;1;6.51549002
11638;2910;4;0.427063555;2;6.765183946
11639;2910;4;0.427063555;3;5.44328664
11640;2910;4;0.427063555;4;9.744424197
11641;2911;4;0.398841202;1;3.800559387
11642;2911;4;0.398841202;2;3.961278799
11643;2911;4;0.398841202;3;6.211495615
11644;2911;4;0.398841202;4;7.631655838
11645;2912;0;0;1;1.646387296
11646;2912;0;0;2;0.888963292
11647;2912;0;0;3;3.567354287
11648;2912;0;0;4;3.343923703
11649;2913;4;0.34443727;1;4.280000134
11650;2913;4;0.34443727;2;5.341957878
11651;2913;4;0.34443727;3;7.019294679
11652;2913;4;0.34443727;4;8.371336404
11653;2914;0;0;1;2.862741335
11654;2914;0;0;2;2.509723376
11655;2914;0;0;3;2.100358517
11656;2914;0;0;4;4.115336085
11657;2915;3;0.547620321;1;3.857249361
11658;2915;3;0.547620321;2;2.962624198
11659;2915;3;0.547620321;3;6.073388437
11660;2915;3;0.547620321;4;4.115451681
11661;2916;4;0.902588282;1;4.655023799
11662;2916;4;0.902588282;2;7.086323517
11663;2916;4;0.902588282;3;7.370352353
11664;2916;4;0.902588282;4;8.223939259
11665;2917;2;0.281337847;1;2.905273821
11666;2917;2;0.281337847;2;2.434880187
11667;2917;2;0.281337847;3;5.539187762
11668;2917;2;0.281337847;4;4.300304823
11669;2918;3;0.150957679;1;4.795286692
11670;2918;3;0.150957679;2;4.021162432
11671;2918;3;0.150957679;3;5.845109775
11672;2918;3;0.150957679;4;5.987140716
11673;2919;0;0;1;2.606378001
11674;2919;0;0;2;3.76519665
11675;2919;0;0;3;5.020652152
11676;2919;0;0;4;5.811550087
11677;2920;0;0;1;2.10754053
11678;2920;0;0;2;4.380338591
11679;2920;0;0;3;4.601988551
11680;2920;0;0;4;4.381979428
11681;2921;3;0.155521013;1;3.28250747
11682;2921;3;0.155521013;2;3.575062545
11683;2921;3;0.155521013;3;6.184498192
11684;2921;3;0.155521013;4;5.521989645
11685;2922;3;0.838363204;1;2.765531361
11686;2922;3;0.838363204;2;2.673370167
11687;2922;3;0.838363204;3;3.923804242
11688;2922;3;0.838363204;4;4.223277583
11689;2923;4;0.561742943;1;5.359213218
11690;2923;4;0.561742943;2;8.386570736
11691;2923;4;0.561742943;3;5.674679451
11692;2923;4;0.561742943;4;8.855927205
11693;2924;2;0.656355364;1;1.282849218
11694;2924;2;0.656355364;2;2.747934499
11695;2924;2;0.656355364;3;3.063978378
11696;2924;2;0.656355364;4;5.95319382
11697;2925;0;0;1;2.152624556
11698;2925;0;0;2;1.162555401
11699;2925;0;0;3;4.019071089
11700;2925;0;0;4;3.667081929
11701;2926;3;0.912952995;1;3.442232377
11702;2926;3;0.912952995;2;6.744424628
11703;2926;3;0.912952995;3;5.456378956
11704;2926;3;0.912952995;4;7.103022926
11705;2927;3;0.767783863;1;5.677724255
11706;2927;3;0.767783863;2;6.652634928
11707;2927;3;0.767783863;3;5.937188465
11708;2927;3;0.767783863;4;7.139009138
11709;2928;4;0.299954297;1;5.245725976
11710;2928;4;0.299954297;2;6.151262667
11711;2928;4;0.299954297;3;7.263205939
11712;2928;4;0.299954297;4;8.408008978
11713;2929;3;0.825557343;1;4.094810854
11714;2929;3;0.825557343;2;3.393897446
11715;2929;3;0.825557343;3;7.735874547
11716;2929;3;0.825557343;4;7.691700423
11717;2930;0;0;1;1.883923839
11718;2930;0;0;2;3.802076852
11719;2930;0;0;3;2.811128882
11720;2930;0;0;4;2.895409175
11721;2931;4;0.679257003;1;6.378790611
11722;2931;4;0.679257003;2;7.154358287
11723;2931;4;0.679257003;3;8.536202331
11724;2931;4;0.679257003;4;9.340818678
11725;2932;3;0.290909292;1;2.784690298
11726;2932;3;0.290909292;2;3.351661865
11727;2932;3;0.290909292;3;7.657762672
11728;2932;3;0.290909292;4;7.971482491
11729;2933;3;0.801291696;1;4.433119528
11730;2933;3;0.801291696;2;2.959138183
11731;2933;3;0.801291696;3;7.781517962
11732;2933;3;0.801291696;4;5.252284384
11733;2934;2;0.241609886;1;2.926245572
11734;2934;2;0.241609886;2;5.926310447
11735;2934;2;0.241609886;3;4.45333179
11736;2934;2;0.241609886;4;4.65987534
11737;2935;3;0.925122668;1;3.77112451
11738;2935;3;0.925122668;2;6.496574026
11739;2935;3;0.925122668;3;5.237615928
11740;2935;3;0.925122668;4;6.859726561
11741;2936;3;0.890751197;1;5.844552256
11742;2936;3;0.890751197;2;7.572377216
11743;2936;3;0.890751197;3;4.474713067
11744;2936;3;0.890751197;4;8.721184505
11745;2937;4;0.149762486;1;6.279064882
11746;2937;4;0.149762486;2;6.472537755
11747;2937;4;0.149762486;3;6.964396749
11748;2937;4;0.149762486;4;9.054839427
11749;2938;2;0.034463738;1;3.100017242
11750;2938;2;0.034463738;2;2.558426792
11751;2938;2;0.034463738;3;1.111050441
11752;2938;2;0.034463738;4;6.450904808
11753;2939;4;0.051481925;1;6.307747137
11754;2939;4;0.051481925;2;7.252920675
11755;2939;4;0.051481925;3;7.656023764
11756;2939;4;0.051481925;4;10.37056935
11757;2940;0;0;1;2.136898086
11758;2940;0;0;2;3.327474549
11759;2940;0;0;3;5.201633428
11760;2940;0;0;4;5.499778037
11761;2941;2;0.477743749;1;3.285461826
11762;2941;2;0.477743749;2;4.636897272
11763;2941;2;0.477743749;3;4.946407757
11764;2941;2;0.477743749;4;6.906910554
11765;2942;4;0.817414295;1;2.847065276
11766;2942;4;0.817414295;2;5.278908856
11767;2942;4;0.817414295;3;5.242956693
11768;2942;4;0.817414295;4;6.88798223
11769;2943;2;0.162278104;1;2.460674432
11770;2943;2;0.162278104;2;4.682595318
11771;2943;2;0.162278104;3;5.853944108
11772;2943;2;0.162278104;4;4.871787657
11773;2944;0;0;1;2.159003108
11774;2944;0;0;2;4.330444086
11775;2944;0;0;3;3.289778328
11776;2944;0;0;4;3.655452877
11777;2945;4;0.043384802;1;4.79241294
11778;2945;4;0.043384802;2;5.554321763
11779;2945;4;0.043384802;3;6.81637154
11780;2945;4;0.043384802;4;6.151163932
11781;2946;2;0.063918737;1;5.013728156
11782;2946;2;0.063918737;2;5.980461286
11783;2946;2;0.063918737;3;5.954774284
11784;2946;2;0.063918737;4;7.232919426
11785;2947;2;0.64036219;1;3.687678758
11786;2947;2;0.64036219;2;4.643971959
11787;2947;2;0.64036219;3;4.540216347
11788;2947;2;0.64036219;4;5.659382277
11789;2948;3;0.698317054;1;2.348368088
11790;2948;3;0.698317054;2;3.563791706
11791;2948;3;0.698317054;3;5.45826254
11792;2948;3;0.698317054;4;6.92141975
11793;2949;2;0.094359695;1;4.204645993
11794;2949;2;0.094359695;2;2.92970872
11795;2949;2;0.094359695;3;6.672724112
11796;2949;2;0.094359695;4;5.683889263
11797;2950;2;0.288691008;1;2.220547822
11798;2950;2;0.288691008;2;7.095693937
11799;2950;2;0.288691008;3;3.996447104
11800;2950;2;0.288691008;4;7.181139906
11801;2951;0;0;1;-0.747951275
11802;2951;0;0;2;2.18133806
11803;2951;0;0;3;0.743380001
11804;2951;0;0;4;3.411310709
11805;2952;4;0.10019113;1;2.2478299
11806;2952;4;0.10019113;2;3.313792597
11807;2952;4;0.10019113;3;4.813813959
11808;2952;4;0.10019113;4;7.394915683
11809;2953;4;0.523028229;1;4.346132603
11810;2953;4;0.523028229;2;7.27679059
11811;2953;4;0.523028229;3;6.091189974
11812;2953;4;0.523028229;4;8.351288538
11813;2954;3;0.927984714;1;4.945022115
11814;2954;3;0.927984714;2;5.855656379
11815;2954;3;0.927984714;3;4.413023377
11816;2954;3;0.927984714;4;8.149836883
11817;2955;3;0.767977052;1;7.145469039
11818;2955;3;0.767977052;2;8.186534743
11819;2955;3;0.767977052;3;8.315610228
11820;2955;3;0.767977052;4;9.01381942
11821;2956;0;0;1;1.886072231
11822;2956;0;0;2;2.005780654
11823;2956;0;0;3;3.075718877
11824;2956;0;0;4;3.171009531
11825;2957;0;0;1;1.371523611
11826;2957;0;0;2;3.950567029
11827;2957;0;0;3;2.621973182
11828;2957;0;0;4;4.298513354
11829;2958;0;0;1;-0.502671077
11830;2958;0;0;2;1.80788275
11831;2958;0;0;3;3.026367185
11832;2958;0;0;4;3.794677787
11833;2959;0;0;1;0.9704335
11834;2959;0;0;2;1.315331864
11835;2959;0;0;3;2.454610719
11836;2959;0;0;4;2.270155451
11837;2960;4;0.401479772;1;3.574939478
11838;2960;4;0.401479772;2;7.440059128
11839;2960;4;0.401479772;3;7.759708818
11840;2960;4;0.401479772;4;8.531658548
11841;2961;0;0;1;1.586251165
11842;2961;0;0;2;2.111186563
11843;2961;0;0;3;4.245296869
11844;2961;0;0;4;3.972180154
11845;2962;3;0.125789765;1;1.300041002
11846;2962;3;0.125789765;2;6.065681448
11847;2962;3;0.125789765;3;3.159048474
11848;2962;3;0.125789765;4;6.175791852
11849;2963;2;0.140157449;1;2.386545948
11850;2963;2;0.140157449;2;5.348340462
11851;2963;2;0.140157449;3;7.184883314
11852;2963;2;0.140157449;4;7.853958274
11853;2964;2;0.994540832;1;3.782370009
11854;2964;2;0.994540832;2;5.562788344
11855;2964;2;0.994540832;3;6.861387357
11856;2964;2;0.994540832;4;6.300148841
11857;2965;3;0.655145612;1;5.159807908
11858;2965;3;0.655145612;2;5.788136454
11859;2965;3;0.655145612;3;6.43296158
11860;2965;3;0.655145612;4;7.410837195
11861;2966;2;0.019146361;1;4.236233218
11862;2966;2;0.019146361;2;6.534646038
11863;2966;2;0.019146361;3;6.306143789
11864;2966;2;0.019146361;4;8.432130631
11865;2967;4;0.786810702;1;4.722702635
11866;2967;4;0.786810702;2;4.058583433
11867;2967;4;0.786810702;3;7.302369685
11868;2967;4;0.786810702;4;8.252640761
11869;2968;2;0.509015387;1;2.639239358
11870;2968;2;0.509015387;2;5.986473939
11871;2968;2;0.509015387;3;4.080704798
11872;2968;2;0.509015387;4;4.150568233
11873;2969;2;0.447046393;1;4.213117762
11874;2969;2;0.447046393;2;5.534948668
11875;2969;2;0.447046393;3;5.273526907
11876;2969;2;0.447046393;4;5.696157466
11877;2970;2;0.729430084;1;4.170026025
11878;2970;2;0.729430084;2;4.741681364
11879;2970;2;0.729430084;3;7.233913051
11880;2970;2;0.729430084;4;7.460310188
11881;2971;3;0.007723041;1;4.570652631
11882;2971;3;0.007723041;2;4.823683113
11883;2971;3;0.007723041;3;4.462800817
11884;2971;3;0.007723041;4;8.201871381
11885;2972;4;0.875954294;1;5.083653116
11886;2972;4;0.875954294;2;5.702933707
11887;2972;4;0.875954294;3;7.181124018
11888;2972;4;0.875954294;4;8.864503485
11889;2973;3;0.811726824;1;2.841346697
11890;2973;3;0.811726824;2;5.180868798
11891;2973;3;0.811726824;3;4.356294907
11892;2973;3;0.811726824;4;4.213064409
11893;2974;3;0.751609838;1;2.025857245
11894;2974;3;0.751609838;2;4.581300473
11895;2974;3;0.751609838;3;4.694768654
11896;2974;3;0.751609838;4;5.306739226
11897;2975;3;0.286005942;1;1.261471306
11898;2975;3;0.286005942;2;3.487636146
11899;2975;3;0.286005942;3;3.821282596
11900;2975;3;0.286005942;4;4.207600862
11901;2976;4;0.544875626;1;3.994527465
11902;2976;4;0.544875626;2;5.975213681
11903;2976;4;0.544875626;3;6.390306514
11904;2976;4;0.544875626;4;7.226727173
11905;2977;4;0.936878814;1;7.951342254
11906;2977;4;0.936878814;2;8.106446993
11907;2977;4;0.936878814;3;8.282000883
11908;2977;4;0.936878814;4;9.710984042
11909;2978;0;0;1;0.509208516
11910;2978;0;0;2;2.383039
11911;2978;0;0;3;2.074196432
11912;2978;0;0;4;2.75919903
11913;2979;4;0.624452912;1;7.135744026
11914;2979;4;0.624452912;2;6.759584587
11915;2979;4;0.624452912;3;7.876832798
11916;2979;4;0.624452912;4;8.778033299
11917;2980;2;0.180116732;1;1.965321494
11918;2980;2;0.180116732;2;2.462675659
11919;2980;2;0.180116732;3;3.833371878
11920;2980;2;0.180116732;4;5.607515264
11921;2981;0;0;1;0.536899139
11922;2981;0;0;2;0.727313267
11923;2981;0;0;3;2.906001941
11924;2981;0;0;4;3.646484103
11925;2982;2;0.520345247;1;1.357282695
11926;2982;2;0.520345247;2;2.424834397
11927;2982;2;0.520345247;3;2.861655406
11928;2982;2;0.520345247;4;5.598873036
11929;2983;3;0.203471193;1;6.076994111
11930;2983;3;0.203471193;2;7.063250405
11931;2983;3;0.203471193;3;7.569396395
11932;2983;3;0.203471193;4;10.65131807
11933;2984;0;0;1;1.454202369
11934;2984;0;0;2;0.957876259
11935;2984;0;0;3;4.497253432
11936;2984;0;0;4;7.01070904
11937;2985;2;0.5751358;1;4.230454292
11938;2985;2;0.5751358;2;6.96322436
11939;2985;2;0.5751358;3;6.168990408
11940;2985;2;0.5751358;4;8.951229022
11941;2986;4;0.300859621;1;6.66709834
11942;2986;4;0.300859621;2;6.297418715
11943;2986;4;0.300859621;3;7.7541134
11944;2986;4;0.300859621;4;9.79229745
11945;2987;3;0.117246646;1;2.595009376
11946;2987;3;0.117246646;2;4.954161613
11947;2987;3;0.117246646;3;4.510357786
11948;2987;3;0.117246646;4;6.997060946
11949;2988;2;0.510892999;1;2.808606213
11950;2988;2;0.510892999;2;3.567940222
11951;2988;2;0.510892999;3;4.585060205
11952;2988;2;0.510892999;4;6.342193876
11953;2989;3;0.738068556;1;4.598614045
11954;2989;3;0.738068556;2;5.834052869
11955;2989;3;0.738068556;3;7.568795614
11956;2989;3;0.738068556;4;6.972807179
11957;2990;0;0;1;-0.030173716
11958;2990;0;0;2;1.427313246
11959;2990;0;0;3;1.946573789
11960;2990;0;0;4;2.587359809
11961;2991;4;0.710750856;1;3.210286363
11962;2991;4;0.710750856;2;6.609667315
11963;2991;4;0.710750856;3;6.914042965
11964;2991;4;0.710750856;4;4.142211402
11965;2992;3;0.548671228;1;5.336380432
11966;2992;3;0.548671228;2;4.589894887
11967;2992;3;0.548671228;3;5.112048333
11968;2992;3;0.548671228;4;7.439257705
11969;2993;0;0;1;1.933069696
11970;2993;0;0;2;4.347441892
11971;2993;0;0;3;3.025429953
11972;2993;0;0;4;3.922450572
11973;2994;2;0.382956504;1;5.049183614
11974;2994;2;0.382956504;2;8.086854652
11975;2994;2;0.382956504;3;4.313184383
11976;2994;2;0.382956504;4;10.15728102
11977;2995;4;0.847748835;1;3.198435567
11978;2995;4;0.847748835;2;4.804116674
11979;2995;4;0.847748835;3;6.393571714
11980;2995;4;0.847748835;4;5.156114257
11981;2996;4;0.018949306;1;4.898157303
11982;2996;4;0.018949306;2;6.111004235
11983;2996;4;0.018949306;3;7.719670793
11984;2996;4;0.018949306;4;9.920030004
11985;2997;0;0;1;2.476268401
11986;2997;0;0;2;2.345594793
11987;2997;0;0;3;2.154913311
11988;2997;0;0;4;5.627241715
11989;2998;3;0.83409741;1;4.081944562
11990;2998;3;0.83409741;2;3.70176866
11991;2998;3;0.83409741;3;5.379600185
11992;2998;3;0.83409741;4;5.576121693
11993;2999;0;0;1;4.372910808
11994;2999;0;0;2;5.735841108
11995;2999;0;0;3;4.596088289
11996;2999;0;0;4;7.32836214
11997;3000;4;0.48352444;1;5.532165595
11998;3000;4;0.48352444;2;7.023147913
11999;3000;4;0.48352444;3;7.526352417
12000;3000;4;0.48352444;4;8.420701803
12001;3001;0;0;1;1.705364451
12002;3001;0;0;2;3.200432218
12003;3001;0;0;3;1.466921401
12004;3001;0;0;4;3.212566762
12005;3002;2;0.464550995;1;2.579999905
12006;3002;2;0.464550995;2;4.438156369
12007;3002;2;0.464550995;3;3.661220301
12008;3002;2;0.464550995;4;7.123111416
12009;3003;2;0.207904948;1;2.096835281
12010;3003;2;0.207904948;2;2.628747984
12011;3003;2;0.207904948;3;3.082225953
12012;3003;2;0.207904948;4;4.94570828
12013;3004;2;0.76878958;1;4.693474455
12014;3004;2;0.76878958;2;4.104875898
12015;3004;2;0.76878958;3;5.700292661
12016;3004;2;0.76878958;4;5.507112373
12017;3005;2;0.422887347;1;2.332570216
12018;3005;2;0.422887347;2;3.835893817
12019;3005;2;0.422887347;3;4.880205694
12020;3005;2;0.422887347;4;7.037021802
12021;3006;2;0.802061695;1;3.536726382
12022;3006;2;0.802061695;2;3.684118121
12023;3006;2;0.802061695;3;5.564571769
12024;3006;2;0.802061695;4;7.949687853
12025;3007;3;0.972318253;1;6.392187154
12026;3007;3;0.972318253;2;6.914729193
12027;3007;3;0.972318253;3;8.59195456
12028;3007;3;0.972318253;4;9.249260094
12029;3008;0;0;1;-0.850280869
12030;3008;0;0;2;0.899313766
12031;3008;0;0;3;1.122155308
12032;3008;0;0;4;5.383802856
12033;3009;3;0.758588449;1;4.568860369
12034;3009;3;0.758588449;2;6.128480334
12035;3009;3;0.758588449;3;6.093599818
12036;3009;3;0.758588449;4;7.653568108
12037;3010;0;0;1;-1.671340636
12038;3010;0;0;2;-1.204891271
12039;3010;0;0;3;1.638746835
12040;3010;0;0;4;1.382628837
12041;3011;3;0.834113651;1;2.84051883
12042;3011;3;0.834113651;2;4.309892226
12043;3011;3;0.834113651;3;4.912549335
12044;3011;3;0.834113651;4;5.624543626
12045;3012;0;0;1;1.77357022
12046;3012;0;0;2;2.26904255
12047;3012;0;0;3;3.018232459
12048;3012;0;0;4;3.578377709
12049;3013;4;0.448917606;1;6.728870961
12050;3013;4;0.448917606;2;5.798204463
12051;3013;4;0.448917606;3;7.27307187
12052;3013;4;0.448917606;4;7.700608217
12053;3014;3;0.461731603;1;2.8225036
12054;3014;3;0.461731603;2;5.228070324
12055;3014;3;0.461731603;3;7.951670271
12056;3014;3;0.461731603;4;7.837885263
12057;3015;2;0.081552392;1;2.219333329
12058;3015;2;0.081552392;2;2.681617364
12059;3015;2;0.081552392;3;5.264021799
12060;3015;2;0.081552392;4;4.880826282
12061;3016;3;0.402768116;1;1.822609893
12062;3016;3;0.402768116;2;4.405251024
12063;3016;3;0.402768116;3;3.560053657
12064;3016;3;0.402768116;4;5.998876601
12065;3017;3;0.760699171;1;7.722749496
12066;3017;3;0.760699171;2;4.833846775
12067;3017;3;0.760699171;3;7.159250346
12068;3017;3;0.760699171;4;9.633165623
12069;3018;0;0;1;0.533413166
12070;3018;0;0;2;2.299591242
12071;3018;0;0;3;3.15642075
12072;3018;0;0;4;2.085791341
12073;3019;3;0.418547012;1;6.093584778
12074;3019;3;0.418547012;2;5.951968172
12075;3019;3;0.418547012;3;7.940776533
12076;3019;3;0.418547012;4;8.914248065
12077;3020;3;0.434317284;1;1.862761513
12078;3020;3;0.434317284;2;4.30534243
12079;3020;3;0.434317284;3;6.568077076
12080;3020;3;0.434317284;4;6.751885302
12081;3021;3;0.607344991;1;6.050640028
12082;3021;3;0.607344991;2;8.437024191
12083;3021;3;0.607344991;3;8.250642011
12084;3021;3;0.607344991;4;10.38259991
12085;3022;0;0;1;-0.987663122
12086;3022;0;0;2;1.853878419
12087;3022;0;0;3;2.537885475
12088;3022;0;0;4;4.318207289
12089;3023;3;0.832850255;1;1.615295172
12090;3023;3;0.832850255;2;4.602492096
12091;3023;3;0.832850255;3;4.889560304
12092;3023;3;0.832850255;4;5.714553309
12093;3024;0;0;1;0.755029351
12094;3024;0;0;2;2.908837431
12095;3024;0;0;3;4.606793574
12096;3024;0;0;4;4.076933408
12097;3025;0;0;1;-0.065060036
12098;3025;0;0;2;0.311390228
12099;3025;0;0;3;1.395268998
12100;3025;0;0;4;4.024743139
12101;3026;0;0;1;0.411047963
12102;3026;0;0;2;3.327279365
12103;3026;0;0;3;2.270090036
12104;3026;0;0;4;2.825608536
12105;3027;0;0;1;1.113494749
12106;3027;0;0;2;1.553477714
12107;3027;0;0;3;4.913896951
12108;3027;0;0;4;3.244044175
12109;3028;3;0.27796013;1;5.106507808
12110;3028;3;0.27796013;2;3.923194942
12111;3028;3;0.27796013;3;5.884868892
12112;3028;3;0.27796013;4;8.029362693
12113;3029;4;0.015483582;1;6.331506328
12114;3029;4;0.015483582;2;5.152636952
12115;3029;4;0.015483582;3;5.149712192
12116;3029;4;0.015483582;4;6.9711605
12117;3030;2;0.099169399;1;2.689017957
12118;3030;2;0.099169399;2;2.883091266
12119;3030;2;0.099169399;3;7.08129116
12120;3030;2;0.099169399;4;5.574881673
12121;3031;2;0.955784065;1;0.297283953
12122;3031;2;0.955784065;2;5.298924502
12123;3031;2;0.955784065;3;5.897959747
12124;3031;2;0.955784065;4;5.94685406
12125;3032;4;0.795496089;1;4.81000142
12126;3032;4;0.795496089;2;6.37312446
12127;3032;4;0.795496089;3;6.415447518
12128;3032;4;0.795496089;4;8.736349389
12129;3033;0;0;1;0.91461924
12130;3033;0;0;2;3.937050735
12131;3033;0;0;3;4.232807996
12132;3033;0;0;4;2.958116284
12133;3034;2;0.124433958;1;1.218559198
12134;3034;2;0.124433958;2;-0.180764475
12135;3034;2;0.124433958;3;2.372964351
12136;3034;2;0.124433958;4;2.124123163
12137;3035;0;0;1;1.468386939
12138;3035;0;0;2;2.797676965
12139;3035;0;0;3;4.143846002
12140;3035;0;0;4;4.73166774
12141;3036;3;0.902539379;1;3.699431018
12142;3036;3;0.902539379;2;3.776797443
12143;3036;3;0.902539379;3;6.364998417
12144;3036;3;0.902539379;4;7.688747873
12145;3037;0;0;1;-0.75133835
12146;3037;0;0;2;0.779543498
12147;3037;0;0;3;0.168481854
12148;3037;0;0;4;3.367323645
12149;3038;0;0;1;0.501255182
12150;3038;0;0;2;2.330729323
12151;3038;0;0;3;4.994377811
12152;3038;0;0;4;5.30952331
12153;3039;2;0.274429688;1;3.159200869
12154;3039;2;0.274429688;2;3.853290267
12155;3039;2;0.274429688;3;5.285559344
12156;3039;2;0.274429688;4;4.517309806
12157;3040;0;0;1;-0.65320902
12158;3040;0;0;2;1.593822712
12159;3040;0;0;3;1.568692044
12160;3040;0;0;4;2.798868886
12161;3041;3;0.257399175;1;6.625489344
12162;3041;3;0.257399175;2;5.473642356
12163;3041;3;0.257399175;3;5.477589592
12164;3041;3;0.257399175;4;7.300730818
12165;3042;2;0.24462314;1;4.28071956
12166;3042;2;0.24462314;2;7.258926235
12167;3042;2;0.24462314;3;6.274927423
12168;3042;2;0.24462314;4;7.072341626
12169;3043;0;0;1;0.222057172
12170;3043;0;0;2;2.337193688
12171;3043;0;0;3;5.693562882
12172;3043;0;0;4;5.760361936
12173;3044;0;0;1;0.790899199
12174;3044;0;0;2;4.048334949
12175;3044;0;0;3;2.38642901
12176;3044;0;0;4;4.099395154
12177;3045;4;0.164675896;1;3.163272802
12178;3045;4;0.164675896;2;3.541858846
12179;3045;4;0.164675896;3;6.898537356
12180;3045;4;0.164675896;4;7.891964171
12181;3046;3;0.348232672;1;4.085889867
12182;3046;3;0.348232672;2;5.695871434
12183;3046;3;0.348232672;3;6.614674638
12184;3046;3;0.348232672;4;5.787141821
12185;3047;4;0.92591665;1;6.076647892
12186;3047;4;0.92591665;2;4.878067829
12187;3047;4;0.92591665;3;7.897496113
12188;3047;4;0.92591665;4;8.375246726
12189;3048;3;0.632921494;1;2.805593679
12190;3048;3;0.632921494;2;4.831704494
12191;3048;3;0.632921494;3;4.580525431
12192;3048;3;0.632921494;4;6.440716723
12193;3049;4;0.830384957;1;5.863785527
12194;3049;4;0.830384957;2;4.118789784
12195;3049;4;0.830384957;3;4.699530782
12196;3049;4;0.830384957;4;7.570732233
12197;3050;4;0.237951507;1;3.735617135
12198;3050;4;0.237951507;2;6.488037979
12199;3050;4;0.237951507;3;7.175651334
12200;3050;4;0.237951507;4;8.406289508
12201;3051;3;0.746149337;1;5.154049594
12202;3051;3;0.746149337;2;7.767672322
12203;3051;3;0.746149337;3;6.272298306
12204;3051;3;0.746149337;4;8.499409213
12205;3052;4;0.537868259;1;6.50458896
12206;3052;4;0.537868259;2;6.542104765
12207;3052;4;0.537868259;3;7.727712927
12208;3052;4;0.537868259;4;9.038153164
12209;3053;3;0.284792932;1;4.792498719
12210;3053;3;0.284792932;2;5.20981161
12211;3053;3;0.284792932;3;4.403418923
12212;3053;3;0.284792932;4;6.629733161
12213;3054;2;0.223712648;1;2.632456957
12214;3054;2;0.223712648;2;3.669616678
12215;3054;2;0.223712648;3;4.846805248
12216;3054;2;0.223712648;4;6.317068412
12217;3055;2;0.317569665;1;-1.098522929
12218;3055;2;0.317569665;2;3.989895758
12219;3055;2;0.317569665;3;4.81152036
12220;3055;2;0.317569665;4;5.686950922
12221;3056;3;0.153305488;1;3.949798939
12222;3056;3;0.153305488;2;5.778547221
12223;3056;3;0.153305488;3;7.273470424
12224;3056;3;0.153305488;4;6.172717319
12225;3057;0;0;1;2.734681194
12226;3057;0;0;2;1.793126274
12227;3057;0;0;3;4.231771252
12228;3057;0;0;4;5.403533503
12229;3058;4;0.817737776;1;3.599367791
12230;3058;4;0.817737776;2;6.435576184
12231;3058;4;0.817737776;3;4.63615718
12232;3058;4;0.817737776;4;6.370711948
12233;3059;2;0.485900573;1;4.331060331
12234;3059;2;0.485900573;2;6.943750509
12235;3059;2;0.485900573;3;6.393153381
12236;3059;2;0.485900573;4;6.882454185
12237;3060;0;0;1;0.749094447
12238;3060;0;0;2;2.845382981
12239;3060;0;0;3;2.342003688
12240;3060;0;0;4;4.943611471
12241;3061;3;0.310982588;1;3.381239579
12242;3061;3;0.310982588;2;2.296368531
12243;3061;3;0.310982588;3;5.485813972
12244;3061;3;0.310982588;4;5.736324682
12245;3062;3;0.269438606;1;4.589526486
12246;3062;3;0.269438606;2;5.035178981
12247;3062;3;0.269438606;3;6.435265675
12248;3062;3;0.269438606;4;6.568581244
12249;3063;0;0;1;2.625775634
12250;3063;0;0;2;4.475635828
12251;3063;0;0;3;3.287162679
12252;3063;0;0;4;4.949546379
12253;3064;4;0.849253125;1;6.405813015
12254;3064;4;0.849253125;2;7.384471184
12255;3064;4;0.849253125;3;9.020490427
12256;3064;4;0.849253125;4;10.26471273
12257;3065;3;0.152576504;1;6.033167733
12258;3065;3;0.152576504;2;4.909466091
12259;3065;3;0.152576504;3;8.1175837
12260;3065;3;0.152576504;4;7.828287669
12261;3066;2;0.477029785;1;3.26208603
12262;3066;2;0.477029785;2;3.235516104
12263;3066;2;0.477029785;3;5.402505038
12264;3066;2;0.477029785;4;8.46191525
12265;3067;0;0;1;1.323238979
12266;3067;0;0;2;2.773595103
12267;3067;0;0;3;5.839730423
12268;3067;0;0;4;4.684856065
12269;3068;4;0.432113648;1;6.228760894
12270;3068;4;0.432113648;2;7.219120586
12271;3068;4;0.432113648;3;6.969781572
12272;3068;4;0.432113648;4;7.858244777
12273;3069;0;0;1;2.728065935
12274;3069;0;0;2;1.036705508
12275;3069;0;0;3;1.236299753
12276;3069;0;0;4;4.07397107
12277;3070;3;0.723085856;1;3.600680026
12278;3070;3;0.723085856;2;4.835263877
12279;3070;3;0.723085856;3;5.645146328
12280;3070;3;0.723085856;4;8.54371837
12281;3071;2;0.503098209;1;0.836102207
12282;3071;2;0.503098209;2;2.536474588
12283;3071;2;0.503098209;3;4.130439467
12284;3071;2;0.503098209;4;5.874074724
12285;3072;3;0.225112706;1;2.411671445
12286;3072;3;0.225112706;2;4.826658154
12287;3072;3;0.225112706;3;4.902527365
12288;3072;3;0.225112706;4;8.062218353
12289;3073;3;0.993638907;1;2.755302403
12290;3073;3;0.993638907;2;5.835692141
12291;3073;3;0.993638907;3;3.949553713
12292;3073;3;0.993638907;4;7.473450308
12293;3074;2;0.008877181;1;2.581536174
12294;3074;2;0.008877181;2;5.384316564
12295;3074;2;0.008877181;3;4.164313075
12296;3074;2;0.008877181;4;5.955788717
12297;3075;4;0.432394559;1;5.961432214
12298;3075;4;0.432394559;2;5.088076831
12299;3075;4;0.432394559;3;8.748832547
12300;3075;4;0.432394559;4;7.770246079
12301;3076;3;0.778878011;1;5.196498036
12302;3076;3;0.778878011;2;6.816453761
12303;3076;3;0.778878011;3;6.76368051
12304;3076;3;0.778878011;4;7.526500254
12305;3077;4;0.075415388;1;7.475318264
12306;3077;4;0.075415388;2;6.638293236
12307;3077;4;0.075415388;3;7.218613821
12308;3077;4;0.075415388;4;8.757711352
12309;3078;4;0.907123056;1;7.165773062
12310;3078;4;0.907123056;2;6.64729677
12311;3078;4;0.907123056;3;6.700477675
12312;3078;4;0.907123056;4;7.5722681
12313;3079;3;0.210090881;1;4.015392448
12314;3079;3;0.210090881;2;6.386508662
12315;3079;3;0.210090881;3;10.56152119
12316;3079;3;0.210090881;4;8.791729772
12317;3080;0;0;1;2.271079443
12318;3080;0;0;2;2.717621793
12319;3080;0;0;3;4.762357101
12320;3080;0;0;4;5.267447301
12321;3081;3;0.839394834;1;3.164333818
12322;3081;3;0.839394834;2;5.678833308
12323;3081;3;0.839394834;3;6.913124428
12324;3081;3;0.839394834;4;5.459853583
12325;3082;4;0.40823956;1;5.676563511
12326;3082;4;0.40823956;2;7.51998339
12327;3082;4;0.40823956;3;6.73716404
12328;3082;4;0.40823956;4;8.233771894
12329;3083;3;0.910421222;1;2.480750139
12330;3083;3;0.910421222;2;4.125791634
12331;3083;3;0.910421222;3;6.203373159
12332;3083;3;0.910421222;4;8.173689703
12333;3084;3;0.782247465;1;-0.106486847
12334;3084;3;0.782247465;2;4.022354484
12335;3084;3;0.782247465;3;1.976704824
12336;3084;3;0.782247465;4;4.54810884
12337;3085;0;0;1;2.476885257
12338;3085;0;0;2;3.606199271
12339;3085;0;0;3;3.308679341
12340;3085;0;0;4;4.779624449
12341;3086;0;0;1;1.74858556
12342;3086;0;0;2;2.146898179
12343;3086;0;0;3;5.310341154
12344;3086;0;0;4;8.170061369
12345;3087;0;0;1;1.47657992
12346;3087;0;0;2;1.899389568
12347;3087;0;0;3;3.986196882
12348;3087;0;0;4;3.781099627
12349;3088;3;0.867830371;1;4.93562172
12350;3088;3;0.867830371;2;5.3018936
12351;3088;3;0.867830371;3;6.532042184
12352;3088;3;0.867830371;4;7.377164439
12353;3089;3;0.917561857;1;6.007785388
12354;3089;3;0.917561857;2;6.329311242
12355;3089;3;0.917561857;3;7.092282881
12356;3089;3;0.917561857;4;8.34097823
12357;3090;0;0;1;-1.19816878
12358;3090;0;0;2;0.543130983
12359;3090;0;0;3;0.975910741
12360;3090;0;0;4;2.766210743
12361;3091;4;0.521423214;1;5.558866559
12362;3091;4;0.521423214;2;6.017415011
12363;3091;4;0.521423214;3;5.564181057
12364;3091;4;0.521423214;4;6.351157829
12365;3092;4;0.793414897;1;2.424283028
12366;3092;4;0.793414897;2;5.290816613
12367;3092;4;0.793414897;3;5.676244254
12368;3092;4;0.793414897;4;4.015082264
12369;3093;2;0.475127719;1;1.373979874
12370;3093;2;0.475127719;2;5.092632566
12371;3093;2;0.475127719;3;3.644210288
12372;3093;2;0.475127719;4;5.185049087
12373;3094;0;0;1;2.436345566
12374;3094;0;0;2;1.118157091
12375;3094;0;0;3;6.808424012
12376;3094;0;0;4;5.011033539
12377;3095;2;0.15520636;1;2.861962284
12378;3095;2;0.15520636;2;1.897673268
12379;3095;2;0.15520636;3;2.660649731
12380;3095;2;0.15520636;4;4.771001842
12381;3096;2;0.197956457;1;3.832898093
12382;3096;2;0.197956457;2;6.359211912
12383;3096;2;0.197956457;3;6.089259067
12384;3096;2;0.197956457;4;6.868578193
12385;3097;3;0.493193177;1;5.286508674
12386;3097;3;0.493193177;2;3.502435351
12387;3097;3;0.493193177;3;8.45517151
12388;3097;3;0.493193177;4;7.551004033
12389;3098;3;0.745547757;1;3.412663659
12390;3098;3;0.745547757;2;3.866296074
12391;3098;3;0.745547757;3;5.087259777
12392;3098;3;0.745547757;4;7.319074844
12393;3099;2;0.670034206;1;1.156921978
12394;3099;2;0.670034206;2;4.4655911
12395;3099;2;0.670034206;3;5.644137269
12396;3099;2;0.670034206;4;5.832775591
12397;3100;3;0.460795076;1;2.350707211
12398;3100;3;0.460795076;2;2.911921032
12399;3100;3;0.460795076;3;3.477398981
12400;3100;3;0.460795076;4;5.656275802
12401;3101;2;0.868857177;1;3.211408886
12402;3101;2;0.868857177;2;5.821631905
12403;3101;2;0.868857177;3;6.268579287
12404;3101;2;0.868857177;4;8.718823548
12405;3102;4;0.768075221;1;3.376543016
12406;3102;4;0.768075221;2;6.794540859
12407;3102;4;0.768075221;3;8.530694086
12408;3102;4;0.768075221;4;6.999210242
12409;3103;0;0;1;0.005868476
12410;3103;0;0;2;2.379444518
12411;3103;0;0;3;3.874971458
12412;3103;0;0;4;4.999808459
12413;3104;4;0.523467139;1;4.628779934
12414;3104;4;0.523467139;2;6.393615585
12415;3104;4;0.523467139;3;4.778516147
12416;3104;4;0.523467139;4;8.546615854
12417;3105;4;0.618804692;1;5.645382781
12418;3105;4;0.618804692;2;6.552874751
12419;3105;4;0.618804692;3;7.064538619
12420;3105;4;0.618804692;4;8.262369834
12421;3106;0;0;1;2.467712665
12422;3106;0;0;2;2.808683026
12423;3106;0;0;3;3.34427069
12424;3106;0;0;4;5.515065434
12425;3107;2;0.905958668;1;5.449424235
12426;3107;2;0.905958668;2;5.608264938
12427;3107;2;0.905958668;3;3.919851846
12428;3107;2;0.905958668;4;3.576985348
12429;3108;3;0.992586467;1;5.28414613
12430;3108;3;0.992586467;2;6.602596445
12431;3108;3;0.992586467;3;8.261350002
12432;3108;3;0.992586467;4;8.234734201
12433;3109;0;0;1;0.523134134
12434;3109;0;0;2;1.858066219
12435;3109;0;0;3;3.263169269
12436;3109;0;0;4;5.632444012
12437;3110;3;0.282621616;1;3.324274969
12438;3110;3;0.282621616;2;3.384449737
12439;3110;3;0.282621616;3;3.456328112
12440;3110;3;0.282621616;4;5.142769189
12441;3111;0;0;1;1.202292657
12442;3111;0;0;2;2.687618711
12443;3111;0;0;3;2.787968239
12444;3111;0;0;4;4.020880011
12445;3112;0;0;1;0.050523644
12446;3112;0;0;2;2.260700367
12447;3112;0;0;3;3.997886586
12448;3112;0;0;4;1.949715719
12449;3113;2;0.296412632;1;2.295688124
12450;3113;2;0.296412632;2;2.802443631
12451;3113;2;0.296412632;3;4.191996096
12452;3113;2;0.296412632;4;5.598899066
12453;3114;2;0.968678516;1;4.412218224
12454;3114;2;0.968678516;2;5.631959262
12455;3114;2;0.968678516;3;6.331220234
12456;3114;2;0.968678516;4;7.66676853
12457;3115;0;0;1;1.607756311
12458;3115;0;0;2;1.33834517
12459;3115;0;0;3;5.814739663
12460;3115;0;0;4;3.736386823
12461;3116;3;0.076133332;1;3.538602143
12462;3116;3;0.076133332;2;6.366095702
12463;3116;3;0.076133332;3;5.760240148
12464;3116;3;0.076133332;4;9.568610416
12465;3117;0;0;1;1.497237086
12466;3117;0;0;2;2.432230495
12467;3117;0;0;3;3.471542133
12468;3117;0;0;4;5.797286947
12469;3118;2;0.24714424;1;1.860152565
12470;3118;2;0.24714424;2;3.539881821
12471;3118;2;0.24714424;3;2.720974136
12472;3118;2;0.24714424;4;5.271760914
12473;3119;4;0.547541847;1;3.767210412
12474;3119;4;0.547541847;2;6.857841586
12475;3119;4;0.547541847;3;7.485126104
12476;3119;4;0.547541847;4;8.657491001
12477;3120;0;0;1;-0.896055493
12478;3120;0;0;2;-0.31399972
12479;3120;0;0;3;1.239887605
12480;3120;0;0;4;3.988984527
12481;3121;3;0.936050652;1;2.601177064
12482;3121;3;0.936050652;2;4.341885368
12483;3121;3;0.936050652;3;6.215031553
12484;3121;3;0.936050652;4;8.767605644
12485;3122;4;0.397670767;1;2.858414343
12486;3122;4;0.397670767;2;3.618096221
12487;3122;4;0.397670767;3;6.54456029
12488;3122;4;0.397670767;4;7.63016137
12489;3123;2;0.502410884;1;1.484686767
12490;3123;2;0.502410884;2;3.063713096
12491;3123;2;0.502410884;3;5.971119576
12492;3123;2;0.502410884;4;6.283787154
12493;3124;0;0;1;4.01963378
12494;3124;0;0;2;4.467877147
12495;3124;0;0;3;5.388925766
12496;3124;0;0;4;4.932863448
12497;3125;2;0.669140744;1;3.754000435
12498;3125;2;0.669140744;2;4.718101908
12499;3125;2;0.669140744;3;4.72638648
12500;3125;2;0.669140744;4;5.897933957
12501;3126;4;0.191808874;1;1.88849394
12502;3126;4;0.191808874;2;3.406840378
12503;3126;4;0.191808874;3;6.186259434
12504;3126;4;0.191808874;4;7.590744252
12505;3127;3;0.628251052;1;5.286815856
12506;3127;3;0.628251052;2;6.639933341
12507;3127;3;0.628251052;3;7.598120526
12508;3127;3;0.628251052;4;8.630260959
12509;3128;4;0.292224374;1;5.786478147
12510;3128;4;0.292224374;2;5.407372867
12511;3128;4;0.292224374;3;7.366604158
12512;3128;4;0.292224374;4;8.395862045
12513;3129;2;0.48640229;1;2.911429446
12514;3129;2;0.48640229;2;1.9773643
12515;3129;2;0.48640229;3;4.046283707
12516;3129;2;0.48640229;4;5.962919543
12517;3130;0;0;1;2.00741947
12518;3130;0;0;2;2.156608345
12519;3130;0;0;3;3.33173333
12520;3130;0;0;4;5.577293409
12521;3131;3;0.751630761;1;3.251327013
12522;3131;3;0.751630761;2;4.343374476
12523;3131;3;0.751630761;3;5.64545876
12524;3131;3;0.751630761;4;6.081092495
12525;3132;2;0.265445817;1;5.813691956
12526;3132;2;0.265445817;2;4.376807961
12527;3132;2;0.265445817;3;7.473781594
12528;3132;2;0.265445817;4;7.481767911
12529;3133;0;0;1;0.647372862
12530;3133;0;0;2;-0.591899462
12531;3133;0;0;3;1.429669268
12532;3133;0;0;4;2.094415366
12533;3134;3;0.506278186;1;4.500310919
12534;3134;3;0.506278186;2;4.186008759
12535;3134;3;0.506278186;3;6.711449217
12536;3134;3;0.506278186;4;6.897350245
12537;3135;2;0.960271841;1;1.274308055
12538;3135;2;0.960271841;2;4.524057587
12539;3135;2;0.960271841;3;3.994717948
12540;3135;2;0.960271841;4;4.841994787
12541;3136;4;0.381403059;1;4.823166283
12542;3136;4;0.381403059;2;6.317293687
12543;3136;4;0.381403059;3;5.961933693
12544;3136;4;0.381403059;4;10.2130181
12545;3137;0;0;1;-0.420417858
12546;3137;0;0;2;3.895809843
12547;3137;0;0;3;2.69651852
12548;3137;0;0;4;5.100462843
12549;3138;4;0.018869475;1;7.985230682
12550;3138;4;0.018869475;2;7.608351681
12551;3138;4;0.018869475;3;8.7797176
12552;3138;4;0.018869475;4;10.06868769
12553;3139;3;0.725915969;1;2.138939307
12554;3139;3;0.725915969;2;3.252769011
12555;3139;3;0.725915969;3;4.699779401
12556;3139;3;0.725915969;4;4.847536831
12557;3140;3;0.112242065;1;3.60737439
12558;3140;3;0.112242065;2;4.959116619
12559;3140;3;0.112242065;3;4.537483551
12560;3140;3;0.112242065;4;7.255339338
12561;3141;4;0.854648508;1;7.009424104
12562;3141;4;0.854648508;2;6.183096242
12563;3141;4;0.854648508;3;6.994110822
12564;3141;4;0.854648508;4;7.648232322
12565;3142;2;0.46055092;1;2.684218906
12566;3142;2;0.46055092;2;2.953403443
12567;3142;2;0.46055092;3;3.81320824
12568;3142;2;0.46055092;4;5.617085229
12569;3143;4;0.277819044;1;5.236794835
12570;3143;4;0.277819044;2;6.842297707
12571;3143;4;0.277819044;3;7.086194605
12572;3143;4;0.277819044;4;9.153821051
12573;3144;3;0.017832917;1;1.646937791
12574;3144;3;0.017832917;2;5.217127669
12575;3144;3;0.017832917;3;7.441483595
12576;3144;3;0.017832917;4;5.01438003
12577;3145;2;0.301443089;1;2.972800303
12578;3145;2;0.301443089;2;3.281273545
12579;3145;2;0.301443089;3;2.285764793
12580;3145;2;0.301443089;4;3.537236334
12581;3146;4;0.939331294;1;4.815931149
12582;3146;4;0.939331294;2;5.984871824
12583;3146;4;0.939331294;3;5.991691449
12584;3146;4;0.939331294;4;7.783583119
12585;3147;2;0.759614446;1;1.199679463
12586;3147;2;0.759614446;2;3.292942379
12587;3147;2;0.759614446;3;3.19476857
12588;3147;2;0.759614446;4;5.239027658
12589;3148;3;0.609143333;1;2.550033784
12590;3148;3;0.609143333;2;3.410859509
12591;3148;3;0.609143333;3;3.916774773
12592;3148;3;0.609143333;4;7.657896132
12593;3149;3;0.460315172;1;3.604949733
12594;3149;3;0.460315172;2;4.57077285
12595;3149;3;0.460315172;3;4.86760928
12596;3149;3;0.460315172;4;8.397175719
12597;3150;3;0.655021288;1;3.506530209
12598;3150;3;0.655021288;2;6.327272335
12599;3150;3;0.655021288;3;5.157274901
12600;3150;3;0.655021288;4;6.716194749
12601;3151;0;0;1;1.012452956
12602;3151;0;0;2;1.029834911
12603;3151;0;0;3;0.69465959
12604;3151;0;0;4;3.652689901
12605;3152;0;0;1;0.473999637
12606;3152;0;0;2;2.750986727
12607;3152;0;0;3;4.176099849
12608;3152;0;0;4;4.324166251
12609;3153;4;0.901498907;1;2.548830722
12610;3153;4;0.901498907;2;4.819733508
12611;3153;4;0.901498907;3;5.795143838
12612;3153;4;0.901498907;4;4.973970342
12613;3154;0;0;1;1.069785561
12614;3154;0;0;2;2.554163028
12615;3154;0;0;3;3.163270328
12616;3154;0;0;4;4.895778129
12617;3155;3;0.08753361;1;3.060867535
12618;3155;3;0.08753361;2;8.477961512
12619;3155;3;0.08753361;3;6.9749897
12620;3155;3;0.08753361;4;8.585805721
12621;3156;4;0.16626712;1;4.053720891
12622;3156;4;0.16626712;2;5.881235523
12623;3156;4;0.16626712;3;7.581961463
12624;3156;4;0.16626712;4;7.982398813
12625;3157;2;0.365216921;1;3.378830631
12626;3157;2;0.365216921;2;4.754523302
12627;3157;2;0.365216921;3;4.477885902
12628;3157;2;0.365216921;4;5.078006082
12629;3158;3;0.897439317;1;5.313555264
12630;3158;3;0.897439317;2;6.606261398
12631;3158;3;0.897439317;3;4.792392216
12632;3158;3;0.897439317;4;4.47892606
12633;3159;3;0.594407722;1;4.757394565
12634;3159;3;0.594407722;2;5.035877382
12635;3159;3;0.594407722;3;5.963203005
12636;3159;3;0.594407722;4;7.100876304
12637;3160;3;0.54965149;1;1.949014932
12638;3160;3;0.54965149;2;4.002809258
12639;3160;3;0.54965149;3;6.075268046
12640;3160;3;0.54965149;4;6.850150597
12641;3161;4;0.019372094;1;3.589526411
12642;3161;4;0.019372094;2;6.000008566
12643;3161;4;0.019372094;3;6.893539626
12644;3161;4;0.019372094;4;7.294360517
12645;3162;3;0.347200252;1;3.29706818
12646;3162;3;0.347200252;2;8.271176194
12647;3162;3;0.347200252;3;5.402402423
12648;3162;3;0.347200252;4;6.269545197
12649;3163;3;0.767918801;1;3.691833845
12650;3163;3;0.767918801;2;6.365193959
12651;3163;3;0.767918801;3;7.11908694
12652;3163;3;0.767918801;4;8.334878744
12653;3164;2;0.235053858;1;2.371892898
12654;3164;2;0.235053858;2;2.842863065
12655;3164;2;0.235053858;3;6.250602628
12656;3164;2;0.235053858;4;6.085161057
12657;3165;2;0.743836739;1;4.928320774
12658;3165;2;0.743836739;2;4.207155301
12659;3165;2;0.743836739;3;5.864987786
12660;3165;2;0.743836739;4;7.140204953
12661;3166;0;0;1;-1.187337926
12662;3166;0;0;2;1.369879185
12663;3166;0;0;3;1.609143203
12664;3166;0;0;4;1.597236794
12665;3167;2;0.694724846;1;3.059238505
12666;3167;2;0.694724846;2;4.375211386
12667;3167;2;0.694724846;3;6.07360006
12668;3167;2;0.694724846;4;6.163428138
12669;3168;3;0.498631367;1;3.754267781
12670;3168;3;0.498631367;2;3.012576153
12671;3168;3;0.498631367;3;6.300355821
12672;3168;3;0.498631367;4;6.540817049
12673;3169;3;0.202280527;1;2.465566456
12674;3169;3;0.202280527;2;5.93221744
12675;3169;3;0.202280527;3;5.013435092
12676;3169;3;0.202280527;4;7.586892232
12677;3170;4;0.442717597;1;7.44723225
12678;3170;4;0.442717597;2;9.203529475
12679;3170;4;0.442717597;3;9.793107095
12680;3170;4;0.442717597;4;9.896781626
12681;3171;4;0.868955427;1;5.519050891
12682;3171;4;0.868955427;2;6.666654589
12683;3171;4;0.868955427;3;6.448975435
12684;3171;4;0.868955427;4;7.699778188
12685;3172;0;0;1;-0.172034275
12686;3172;0;0;2;-0.026291442
12687;3172;0;0;3;-0.634832043
12688;3172;0;0;4;0.914056623
12689;3173;0;0;1;-0.924023382
12690;3173;0;0;2;2.791685667
12691;3173;0;0;3;1.917636799
12692;3173;0;0;4;2.000661149
12693;3174;2;0.55945686;1;1.317602689
12694;3174;2;0.55945686;2;3.79314695
12695;3174;2;0.55945686;3;4.210247806
12696;3174;2;0.55945686;4;6.299671651
12697;3175;2;0.72808753;1;2.648779959
12698;3175;2;0.72808753;2;4.387030655
12699;3175;2;0.72808753;3;3.984689645
12700;3175;2;0.72808753;4;5.391887247
12701;3176;2;0.248881638;1;3.925519548
12702;3176;2;0.248881638;2;6.3941819
12703;3176;2;0.248881638;3;5.987600733
12704;3176;2;0.248881638;4;6.086009336
12705;3177;2;0.94451975;1;3.684461229
12706;3177;2;0.94451975;2;4.864889939
12707;3177;2;0.94451975;3;3.312761562
12708;3177;2;0.94451975;4;5.218028809
12709;3178;0;0;1;-0.301936722
12710;3178;0;0;2;2.05092686
12711;3178;0;0;3;3.506477902
12712;3178;0;0;4;3.027737598
12713;3179;2;0.431071244;1;2.420434176
12714;3179;2;0.431071244;2;2.365222673
12715;3179;2;0.431071244;3;2.053426729
12716;3179;2;0.431071244;4;4.62386951
12717;3180;2;0.09314979;1;1.018756669
12718;3180;2;0.09314979;2;1.090213039
12719;3180;2;0.09314979;3;4.552200685
12720;3180;2;0.09314979;4;7.958124291
12721;3181;4;0.958191287;1;5.011954223
12722;3181;4;0.958191287;2;5.221901958
12723;3181;4;0.958191287;3;7.2146487
12724;3181;4;0.958191287;4;8.560606337
12725;3182;3;0.233457681;1;3.397739702
12726;3182;3;0.233457681;2;4.731945698
12727;3182;3;0.233457681;3;3.847034059
12728;3182;3;0.233457681;4;4.208650802
12729;3183;0;0;1;-1.097933086
12730;3183;0;0;2;2.650562862
12731;3183;0;0;3;1.972000387
12732;3183;0;0;4;2.157647789
12733;3184;2;0.199806564;1;4.557715195
12734;3184;2;0.199806564;2;5.551909141
12735;3184;2;0.199806564;3;6.211357453
12736;3184;2;0.199806564;4;6.330840136
12737;3185;4;0.821403105;1;6.47085941
12738;3185;4;0.821403105;2;5.254131921
12739;3185;4;0.821403105;3;7.732314877
12740;3185;4;0.821403105;4;8.696320132
12741;3186;0;0;1;0.565164092
12742;3186;0;0;2;2.007907668
12743;3186;0;0;3;2.362512182
12744;3186;0;0;4;3.427337687
12745;3187;0;0;1;-0.622433518
12746;3187;0;0;2;1.167791816
12747;3187;0;0;3;1.211550083
12748;3187;0;0;4;4.147710582
12749;3188;3;0.21056781;1;4.518042193
12750;3188;3;0.21056781;2;5.669054037
12751;3188;3;0.21056781;3;7.259013145
12752;3188;3;0.21056781;4;8.563372949
12753;3189;4;0.46463866;1;5.185539348
12754;3189;4;0.46463866;2;5.816318132
12755;3189;4;0.46463866;3;8.549159742
12756;3189;4;0.46463866;4;9.796731701
12757;3190;2;0.887169526;1;2.884640147
12758;3190;2;0.887169526;2;3.232039934
12759;3190;2;0.887169526;3;4.366634363
12760;3190;2;0.887169526;4;5.998243577
12761;3191;3;0.324286742;1;4.115497122
12762;3191;3;0.324286742;2;6.568902905
12763;3191;3;0.324286742;3;7.187766086
12764;3191;3;0.324286742;4;7.569131078
12765;3192;3;0.445590936;1;2.870133446
12766;3192;3;0.445590936;2;3.671003209
12767;3192;3;0.445590936;3;4.841783634
12768;3192;3;0.445590936;4;5.597954125
12769;3193;0;0;1;-0.699187625
12770;3193;0;0;2;1.500568256
12771;3193;0;0;3;2.254258118
12772;3193;0;0;4;3.556221767
12773;3194;2;0.858636933;1;2.229910258
12774;3194;2;0.858636933;2;4.041269981
12775;3194;2;0.858636933;3;5.744728696
12776;3194;2;0.858636933;4;3.916875268
12777;3195;4;0.159756509;1;2.838809794
12778;3195;4;0.159756509;2;5.755743713
12779;3195;4;0.159756509;3;5.25695767
12780;3195;4;0.159756509;4;7.31122243
12781;3196;0;0;1;-0.20280906
12782;3196;0;0;2;2.841963517
12783;3196;0;0;3;2.020730291
12784;3196;0;0;4;3.1378083
12785;3197;4;0.602592224;1;5.622769732
12786;3197;4;0.602592224;2;5.875614432
12787;3197;4;0.602592224;3;7.084681001
12788;3197;4;0.602592224;4;6.041103705
12789;3198;3;0.949720432;1;4.113161284
12790;3198;3;0.949720432;2;4.428545127
12791;3198;3;0.949720432;3;6.326740044
12792;3198;3;0.949720432;4;6.482895691
12793;3199;2;0.667966282;1;2.599899897
12794;3199;2;0.667966282;2;6.199778066
12795;3199;2;0.667966282;3;6.281292955
12796;3199;2;0.667966282;4;5.822367044
12797;3200;2;0.177524601;1;0.97962153
12798;3200;2;0.177524601;2;3.622605505
12799;3200;2;0.177524601;3;4.231970933
12800;3200;2;0.177524601;4;4.025282047
12801;3201;3;0.9788457;1;5.479340294
12802;3201;3;0.9788457;2;6.125335878
12803;3201;3;0.9788457;3;7.379526562
12804;3201;3;0.9788457;4;6.909531068
12805;3202;4;0.770853519;1;6.713322077
12806;3202;4;0.770853519;2;6.88217544
12807;3202;4;0.770853519;3;7.286975782
12808;3202;4;0.770853519;4;10.06727057
12809;3203;2;0.223776161;1;4.987369331
12810;3203;2;0.223776161;2;5.431606836
12811;3203;2;0.223776161;3;5.982077547
12812;3203;2;0.223776161;4;6.934834555
12813;3204;3;0.200730952;1;3.610760228
12814;3204;3;0.200730952;2;5.324866883
12815;3204;3;0.200730952;3;7.19466538
12816;3204;3;0.200730952;4;7.067004902
12817;3205;3;0.478114021;1;5.867859196
12818;3205;3;0.478114021;2;5.972416978
12819;3205;3;0.478114021;3;5.537748001
12820;3205;3;0.478114021;4;7.945284017
12821;3206;2;0.120634806;1;3.290410108
12822;3206;2;0.120634806;2;3.801188764
12823;3206;2;0.120634806;3;6.123029429
12824;3206;2;0.120634806;4;6.323721205
12825;3207;0;0;1;0.019234584
12826;3207;0;0;2;1.613031789
12827;3207;0;0;3;2.340739903
12828;3207;0;0;4;1.310382848
12829;3208;3;0.975441357;1;2.141982243
12830;3208;3;0.975441357;2;2.442889112
12831;3208;3;0.975441357;3;3.700240375
12832;3208;3;0.975441357;4;5.196174792
12833;3209;3;0.237075981;1;5.441380565
12834;3209;3;0.237075981;2;4.586931306
12835;3209;3;0.237075981;3;8.749500207
12836;3209;3;0.237075981;4;8.414647799
12837;3210;2;0.43514445;1;1.13189548
12838;3210;2;0.43514445;2;6.280577969
12839;3210;2;0.43514445;3;2.935197591
12840;3210;2;0.43514445;4;4.709141466
12841;3211;4;0.220389895;1;5.77324216
12842;3211;4;0.220389895;2;8.15852026
12843;3211;4;0.220389895;3;8.666229734
12844;3211;4;0.220389895;4;9.316464824
12845;3212;2;0.882249336;1;5.212611431
12846;3212;2;0.882249336;2;6.886208907
12847;3212;2;0.882249336;3;6.151149142
12848;3212;2;0.882249336;4;6.799495491
12849;3213;0;0;1;1.406987213
12850;3213;0;0;2;-0.920862727
12851;3213;0;0;3;3.880104584
12852;3213;0;0;4;3.595489852
12853;3214;0;0;1;2.960943766
12854;3214;0;0;2;2.168186437
12855;3214;0;0;3;4.277067633
12856;3214;0;0;4;5.152443428
12857;3215;2;0.985149604;1;4.431540198
12858;3215;2;0.985149604;2;4.454720877
12859;3215;2;0.985149604;3;5.975874355
12860;3215;2;0.985149604;4;7.007891065
12861;3216;4;0.093414645;1;6.443552034
12862;3216;4;0.093414645;2;5.077629468
12863;3216;4;0.093414645;3;9.149391413
12864;3216;4;0.093414645;4;9.775539573
12865;3217;2;0.84569101;1;3.267471687
12866;3217;2;0.84569101;2;5.106897655
12867;3217;2;0.84569101;3;3.727367153
12868;3217;2;0.84569101;4;7.027419856
12869;3218;4;0.5554638;1;5.531872715
12870;3218;4;0.5554638;2;7.35491155
12871;3218;4;0.5554638;3;9.424890453
12872;3218;4;0.5554638;4;9.183692535
12873;3219;2;0.789104966;1;1.94330386
12874;3219;2;0.789104966;2;5.147924568
12875;3219;2;0.789104966;3;6.880121167
12876;3219;2;0.789104966;4;6.253368743
12877;3220;3;0.536002626;1;4.717280363
12878;3220;3;0.536002626;2;6.401901225
12879;3220;3;0.536002626;3;5.533679883
12880;3220;3;0.536002626;4;7.200690525
12881;3221;4;0.2103425;1;5.06681316
12882;3221;4;0.2103425;2;3.841505709
12883;3221;4;0.2103425;3;7.764319195
12884;3221;4;0.2103425;4;8.915808681
12885;3222;3;0.810263141;1;3.12156743
12886;3222;3;0.810263141;2;4.539793955
12887;3222;3;0.810263141;3;4.476998616
12888;3222;3;0.810263141;4;4.442097221
12889;3223;4;0.970103575;1;6.002976155
12890;3223;4;0.970103575;2;6.897846792
12891;3223;4;0.970103575;3;7.019997123
12892;3223;4;0.970103575;4;9.594440662
12893;3224;3;0.18797208;1;0.676522464
12894;3224;3;0.18797208;2;2.248689634
12895;3224;3;0.18797208;3;4.182496011
12896;3224;3;0.18797208;4;6.930107773
12897;3225;0;0;1;2.390961821
12898;3225;0;0;2;2.595693645
12899;3225;0;0;3;5.849501134
12900;3225;0;0;4;4.445443113
12901;3226;4;0.990323878;1;3.417258213
12902;3226;4;0.990323878;2;5.027950379
12903;3226;4;0.990323878;3;4.712190263
12904;3226;4;0.990323878;4;7.240782733
12905;3227;2;0.200373182;1;4.896147852
12906;3227;2;0.200373182;2;7.156964427
12907;3227;2;0.200373182;3;6.560989088
12908;3227;2;0.200373182;4;6.620019777
12909;3228;4;0.369429111;1;6.690732938
12910;3228;4;0.369429111;2;8.217611963
12911;3228;4;0.369429111;3;7.321537859
12912;3228;4;0.369429111;4;9.471208832
12913;3229;3;0.581574827;1;2.1083662
12914;3229;3;0.581574827;2;4.90609344
12915;3229;3;0.581574827;3;4.987549553
12916;3229;3;0.581574827;4;6.976137252
12917;3230;4;0.609487606;1;8.438223719
12918;3230;4;0.609487606;2;6.236348643
12919;3230;4;0.609487606;3;7.53767356
12920;3230;4;0.609487606;4;10.2787925
12921;3231;2;0.598727911;1;3.786025226
12922;3231;2;0.598727911;2;4.594132247
12923;3231;2;0.598727911;3;6.204051386
12924;3231;2;0.598727911;4;5.591563071
12925;3232;0;0;1;0.300826094
12926;3232;0;0;2;2.350113373
12927;3232;0;0;3;2.234700478
12928;3232;0;0;4;2.859133738
12929;3233;0;0;1;1.981386747
12930;3233;0;0;2;0.670565585
12931;3233;0;0;3;3.670928129
12932;3233;0;0;4;5.335104197
12933;3234;4;0.015593716;1;3.553439671
12934;3234;4;0.015593716;2;5.493020579
12935;3234;4;0.015593716;3;5.419345182
12936;3234;4;0.015593716;4;6.139337712
12937;3235;0;0;1;1.566719454
12938;3235;0;0;2;4.688303976
12939;3235;0;0;3;3.941023992
12940;3235;0;0;4;5.631128478
12941;3236;2;0.523485881;1;1.225596244
12942;3236;2;0.523485881;2;3.374852223
12943;3236;2;0.523485881;3;5.002246894
12944;3236;2;0.523485881;4;3.442955394
12945;3237;3;0.199658416;1;5.127079008
12946;3237;3;0.199658416;2;5.010853495
12947;3237;3;0.199658416;3;9.210669461
12948;3237;3;0.199658416;4;7.2942875
12949;3238;2;0.0240189;1;1.122454058
12950;3238;2;0.0240189;2;3.012904214
12951;3238;2;0.0240189;3;3.28115862
12952;3238;2;0.0240189;4;1.980363323
12953;3239;3;0.793281452;1;3.915121584
12954;3239;3;0.793281452;2;6.576889208
12955;3239;3;0.793281452;3;6.705884075
12956;3239;3;0.793281452;4;9.37669901
12957;3240;3;0.776487357;1;2.093817791
12958;3240;3;0.776487357;2;4.921921353
12959;3240;3;0.776487357;3;6.091703602
12960;3240;3;0.776487357;4;6.382476919
12961;3241;3;0.689237822;1;2.689394299
12962;3241;3;0.689237822;2;3.363987311
12963;3241;3;0.689237822;3;6.345562937
12964;3241;3;0.689237822;4;4.196551972
12965;3242;4;0.668269727;1;4.74796909
12966;3242;4;0.668269727;2;7.42209596
12967;3242;4;0.668269727;3;8.616775877
12968;3242;4;0.668269727;4;8.03977538
12969;3243;0;0;1;-0.984785182
12970;3243;0;0;2;0.862730478
12971;3243;0;0;3;0.917611564
12972;3243;0;0;4;0.200919756
12973;3244;0;0;1;0.858306306
12974;3244;0;0;2;-0.240716639
12975;3244;0;0;3;3.889574806
12976;3244;0;0;4;2.970296436
12977;3245;4;0.742800229;1;4.831751234
12978;3245;4;0.742800229;2;6.533782766
12979;3245;4;0.742800229;3;8.956921339
12980;3245;4;0.742800229;4;8.809557404
12981;3246;2;0.437267742;1;2.66556857
12982;3246;2;0.437267742;2;3.331590221
12983;3246;2;0.437267742;3;4.974071648
12984;3246;2;0.437267742;4;4.542554988
12985;3247;4;0.783798948;1;3.866533721
12986;3247;4;0.783798948;2;2.977170106
12987;3247;4;0.783798948;3;5.205171723
12988;3247;4;0.783798948;4;9.785150072
12989;3248;2;0.225128215;1;5.207089908
12990;3248;2;0.225128215;2;5.206690099
12991;3248;2;0.225128215;3;5.190568468
12992;3248;2;0.225128215;4;6.986214619
12993;3249;0;0;1;-0.527354024
12994;3249;0;0;2;2.678901736
12995;3249;0;0;3;3.783296696
12996;3249;0;0;4;5.073565617
12997;3250;3;0.652708666;1;6.667642351
12998;3250;3;0.652708666;2;5.562828214
12999;3250;3;0.652708666;3;7.389889993
13000;3250;3;0.652708666;4;9.13303034
13001;3251;0;0;1;-0.031050091
13002;3251;0;0;2;0.234496578
13003;3251;0;0;3;2.363139982
13004;3251;0;0;4;1.547122679
13005;3252;4;0.062435351;1;5.665615024
13006;3252;4;0.062435351;2;7.952566143
13007;3252;4;0.062435351;3;8.703746078
13008;3252;4;0.062435351;4;6.516608359
13009;3253;2;0.192056083;1;2.743386176
13010;3253;2;0.192056083;2;2.942013476
13011;3253;2;0.192056083;3;2.930538411
13012;3253;2;0.192056083;4;5.421700049
13013;3254;0;0;1;1.359604041
13014;3254;0;0;2;0.288536981
13015;3254;0;0;3;2.831618999
13016;3254;0;0;4;4.595169607
13017;3255;0;0;1;1.2997675
13018;3255;0;0;2;1.382824959
13019;3255;0;0;3;3.81863492
13020;3255;0;0;4;2.42767852
13021;3256;2;0.162802215;1;4.677061659
13022;3256;2;0.162802215;2;5.292390603
13023;3256;2;0.162802215;3;5.217799201
13024;3256;2;0.162802215;4;7.73323589
13025;3257;2;0.394872086;1;1.397456349
13026;3257;2;0.394872086;2;3.220928567
13027;3257;2;0.394872086;3;3.546023868
13028;3257;2;0.394872086;4;4.942195821
13029;3258;2;0.800644813;1;0.653628003
13030;3258;2;0.800644813;2;0.688558808
13031;3258;2;0.800644813;3;2.729030886
13032;3258;2;0.800644813;4;4.379029584
13033;3259;3;0.579770336;1;5.130845196
13034;3259;3;0.579770336;2;4.527448944
13035;3259;3;0.579770336;3;6.5907848
13036;3259;3;0.579770336;4;7.482535083
13037;3260;3;0.321793536;1;3.457734596
13038;3260;3;0.321793536;2;6.02971316
13039;3260;3;0.321793536;3;5.047890295
13040;3260;3;0.321793536;4;6.754266566
13041;3261;2;0.295735058;1;-0.137636051
13042;3261;2;0.295735058;2;0.991807621
13043;3261;2;0.295735058;3;3.447959545
13044;3261;2;0.295735058;4;3.710060406
13045;3262;4;0.147855378;1;4.38638874
13046;3262;4;0.147855378;2;7.206557402
13047;3262;4;0.147855378;3;6.582194968
13048;3262;4;0.147855378;4;7.634454649
13049;3263;4;0.801658752;1;4.961469979
13050;3263;4;0.801658752;2;6.43250929
13051;3263;4;0.801658752;3;9.326383973
13052;3263;4;0.801658752;4;10.35943983
13053;3264;3;0.422395897;1;3.074052131
13054;3264;3;0.422395897;2;2.523698395
13055;3264;3;0.422395897;3;3.447594997
13056;3264;3;0.422395897;4;6.505223886
13057;3265;2;0.431929686;1;3.024419976
13058;3265;2;0.431929686;2;4.51272587
13059;3265;2;0.431929686;3;4.110945858
13060;3265;2;0.431929686;4;5.830743154
13061;3266;0;0;1;3.020647869
13062;3266;0;0;2;5.983297701
13063;3266;0;0;3;5.427183695
13064;3266;0;0;4;6.242729034
13065;3267;2;0.031751449;1;3.109325962
13066;3267;2;0.031751449;2;4.821828695
13067;3267;2;0.031751449;3;6.458840768
13068;3267;2;0.031751449;4;7.686710673
13069;3268;0;0;1;2.367331002
13070;3268;0;0;2;0.233657616
13071;3268;0;0;3;3.713726998
13072;3268;0;0;4;4.633476308
13073;3269;2;0.970757523;1;2.22479663
13074;3269;2;0.970757523;2;0.825798444
13075;3269;2;0.970757523;3;2.587605545
13076;3269;2;0.970757523;4;5.352859186
13077;3270;3;0.389879084;1;2.757277178
13078;3270;3;0.389879084;2;3.78292771
13079;3270;3;0.389879084;3;4.830264311
13080;3270;3;0.389879084;4;5.568899568
13081;3271;2;0.91044106;1;2.858614441
13082;3271;2;0.91044106;2;3.697014266
13083;3271;2;0.91044106;3;5.053017351
13084;3271;2;0.91044106;4;7.793615501
13085;3272;3;0.679559657;1;5.720285369
13086;3272;3;0.679559657;2;7.129447339
13087;3272;3;0.679559657;3;7.766620356
13088;3272;3;0.679559657;4;9.168493799
13089;3273;4;0.96531669;1;5.837246679
13090;3273;4;0.96531669;2;7.170347847
13091;3273;4;0.96531669;3;6.053960187
13092;3273;4;0.96531669;4;7.570151936
13093;3274;4;0.66223181;1;6.391440063
13094;3274;4;0.66223181;2;6.746714626
13095;3274;4;0.66223181;3;7.780367947
13096;3274;4;0.66223181;4;8.438051346
13097;3275;4;0.836150444;1;3.425542095
13098;3275;4;0.836150444;2;5.036928815
13099;3275;4;0.836150444;3;8.230173616
13100;3275;4;0.836150444;4;6.91643146
13101;3276;4;0.346074583;1;5.572532925
13102;3276;4;0.346074583;2;6.279441784
13103;3276;4;0.346074583;3;7.352012006
13104;3276;4;0.346074583;4;9.197082657
13105;3277;0;0;1;0.108203915
13106;3277;0;0;2;2.937877316
13107;3277;0;0;3;2.68557509
13108;3277;0;0;4;4.256656642
13109;3278;0;0;1;0.467228187
13110;3278;0;0;2;4.69011861
13111;3278;0;0;3;4.888797307
13112;3278;0;0;4;3.003186643
13113;3279;3;0.478269081;1;5.440870739
13114;3279;3;0.478269081;2;4.386628632
13115;3279;3;0.478269081;3;4.875516296
13116;3279;3;0.478269081;4;6.036836455
13117;3280;3;0.062615886;1;3.836857891
13118;3280;3;0.062615886;2;5.535560853
13119;3280;3;0.062615886;3;5.292983818
13120;3280;3;0.062615886;4;6.932883197
13121;3281;4;0.710107734;1;3.734762331
13122;3281;4;0.710107734;2;5.38829805
13123;3281;4;0.710107734;3;5.94775341
13124;3281;4;0.710107734;4;8.140493297
13125;3282;2;0.267994927;1;2.086698485
13126;3282;2;0.267994927;2;2.236660844
13127;3282;2;0.267994927;3;3.202679483
13128;3282;2;0.267994927;4;4.687112604
13129;3283;4;0.668365261;1;2.671743932
13130;3283;4;0.668365261;2;4.748010582
13131;3283;4;0.668365261;3;4.238412833
13132;3283;4;0.668365261;4;6.510996451
13133;3284;3;0.545742608;1;5.618448615
13134;3284;3;0.545742608;2;5.041127993
13135;3284;3;0.545742608;3;6.998186285
13136;3284;3;0.545742608;4;7.739872874
13137;3285;3;0.767452311;1;2.675973681
13138;3285;3;0.767452311;2;7.271436715
13139;3285;3;0.767452311;3;4.845593071
13140;3285;3;0.767452311;4;6.456528325
13141;3286;4;0.386869903;1;5.963781769
13142;3286;4;0.386869903;2;4.450333021
13143;3286;4;0.386869903;3;5.573625281
13144;3286;4;0.386869903;4;8.154618906
13145;3287;2;0.709397014;1;3.286415269
13146;3287;2;0.709397014;2;4.149874268
13147;3287;2;0.709397014;3;4.32766147
13148;3287;2;0.709397014;4;4.154556796
13149;3288;4;0.851716321;1;6.510290083
13150;3288;4;0.851716321;2;8.938865065
13151;3288;4;0.851716321;3;8.536507102
13152;3288;4;0.851716321;4;8.928490976
13153;3289;0;0;1;-0.061549409
13154;3289;0;0;2;3.411681754
13155;3289;0;0;3;1.417663477
13156;3289;0;0;4;2.312237653
13157;3290;3;0.939789643;1;4.062138351
13158;3290;3;0.939789643;2;4.489733891
13159;3290;3;0.939789643;3;4.873941786
13160;3290;3;0.939789643;4;6.949130598
13161;3291;0;0;1;2.296270012
13162;3291;0;0;2;3.025032211
13163;3291;0;0;3;6.614257892
13164;3291;0;0;4;7.682576679
13165;3292;0;0;1;2.346679166
13166;3292;0;0;2;-0.048817331
13167;3292;0;0;3;1.628192388
13168;3292;0;0;4;4.855613741
13169;3293;0;0;1;0.245575814
13170;3293;0;0;2;2.066219508
13171;3293;0;0;3;2.888393942
13172;3293;0;0;4;5.24848753
13173;3294;0;0;1;0.544779322
13174;3294;0;0;2;2.110659357
13175;3294;0;0;3;1.702184928
13176;3294;0;0;4;2.80337313
13177;3295;0;0;1;0.461016735
13178;3295;0;0;2;1.425738622
13179;3295;0;0;3;2.698672882
13180;3295;0;0;4;3.807572232
13181;3296;4;0.530089915;1;7.000708773
13182;3296;4;0.530089915;2;8.884760665
13183;3296;4;0.530089915;3;7.96432635
13184;3296;4;0.530089915;4;9.531619418
13185;3297;3;0.07045999;1;2.499105582
13186;3297;3;0.07045999;2;3.165873925
13187;3297;3;0.07045999;3;4.521485867
13188;3297;3;0.07045999;4;6.693416179
13189;3298;0;0;1;1.708848543
13190;3298;0;0;2;1.242235278
13191;3298;0;0;3;2.692273279
13192;3298;0;0;4;2.254248911
13193;3299;3;0.424938768;1;2.552267868
13194;3299;3;0.424938768;2;6.341374947
13195;3299;3;0.424938768;3;6.785491289
13196;3299;3;0.424938768;4;6.190750071
13197;3300;3;0.666472524;1;6.801088718
13198;3300;3;0.666472524;2;8.182742491
13199;3300;3;0.666472524;3;8.006245799
13200;3300;3;0.666472524;4;8.783719368
13201;3301;3;0.737676052;1;2.398908024
13202;3301;3;0.737676052;2;5.473205948
13203;3301;3;0.737676052;3;7.421948337
13204;3301;3;0.737676052;4;7.422190181
13205;3302;4;0.323711753;1;2.371345069
13206;3302;4;0.323711753;2;4.854198108
13207;3302;4;0.323711753;3;4.802518984
13208;3302;4;0.323711753;4;5.208197334
13209;3303;3;0.252243952;1;3.793252687
13210;3303;3;0.252243952;2;5.867873332
13211;3303;3;0.252243952;3;7.692391951
13212;3303;3;0.252243952;4;7.011520245
13213;3304;0;0;1;-0.163728549
13214;3304;0;0;2;0.027249852
13215;3304;0;0;3;3.561283985
13216;3304;0;0;4;2.791178491
13217;3305;3;0.266903906;1;2.820269479
13218;3305;3;0.266903906;2;4.976445586
13219;3305;3;0.266903906;3;7.319851694
13220;3305;3;0.266903906;4;7.607462306
13221;3306;2;0.418876232;1;4.426904681
13222;3306;2;0.418876232;2;7.003451247
13223;3306;2;0.418876232;3;8.204699624
13224;3306;2;0.418876232;4;7.862967459
13225;3307;2;0.657535219;1;4.087241473
13226;3307;2;0.657535219;2;4.463003541
13227;3307;2;0.657535219;3;4.229530587
13228;3307;2;0.657535219;4;5.074652353
13229;3308;0;0;1;-0.188049747
13230;3308;0;0;2;3.15497192
13231;3308;0;0;3;2.58509993
13232;3308;0;0;4;2.700821798
13233;3309;4;0.831226991;1;5.512526787
13234;3309;4;0.831226991;2;6.21407852
13235;3309;4;0.831226991;3;6.811289852
13236;3309;4;0.831226991;4;7.95883892
13237;3310;3;0.298757112;1;4.61354768
13238;3310;3;0.298757112;2;5.52015317
13239;3310;3;0.298757112;3;8.894953331
13240;3310;3;0.298757112;4;11.00726477
13241;3311;4;0.17030594;1;4.846054378
13242;3311;4;0.17030594;2;5.842431458
13243;3311;4;0.17030594;3;4.359749681
13244;3311;4;0.17030594;4;6.583003874
13245;3312;4;0.408979424;1;7.693451399
13246;3312;4;0.408979424;2;7.509080949
13247;3312;4;0.408979424;3;8.08636967
13248;3312;4;0.408979424;4;11.17928069
13249;3313;2;0.880654361;1;3.023545519
13250;3313;2;0.880654361;2;6.983446575
13251;3313;2;0.880654361;3;5.312218315
13252;3313;2;0.880654361;4;6.588192083
13253;3314;2;0.216051396;1;5.736172575
13254;3314;2;0.216051396;2;6.913826203
13255;3314;2;0.216051396;3;6.536341839
13256;3314;2;0.216051396;4;9.261935071
13257;3315;2;0.493815347;1;2.700561265
13258;3315;2;0.493815347;2;4.08356824
13259;3315;2;0.493815347;3;3.306827672
13260;3315;2;0.493815347;4;6.587785615
13261;3316;2;0.992208601;1;1.706325037
13262;3316;2;0.992208601;2;4.006058873
13263;3316;2;0.992208601;3;2.778206158
13264;3316;2;0.992208601;4;5.960843918
13265;3317;3;0.954521316;1;2.22994434
13266;3317;3;0.954521316;2;4.346713811
13267;3317;3;0.954521316;3;3.664741068
13268;3317;3;0.954521316;4;6.580843564
13269;3318;3;0.513518219;1;4.170201898
13270;3318;3;0.513518219;2;6.513966887
13271;3318;3;0.513518219;3;4.776911112
13272;3318;3;0.513518219;4;9.024433632
13273;3319;2;0.986396577;1;1.084313701
13274;3319;2;0.986396577;2;2.085784748
13275;3319;2;0.986396577;3;4.94409701
13276;3319;2;0.986396577;4;5.435524852
13277;3320;0;0;1;-1.319873872
13278;3320;0;0;2;0.18928395
13279;3320;0;0;3;2.156898803
13280;3320;0;0;4;2.627144875
13281;3321;0;0;1;2.47386215
13282;3321;0;0;2;0.517153968
13283;3321;0;0;3;2.475628877
13284;3321;0;0;4;2.820695046
13285;3322;0;0;1;1.915669826
13286;3322;0;0;2;2.149462136
13287;3322;0;0;3;4.781755022
13288;3322;0;0;4;3.290951114
13289;3323;0;0;1;0.619005674
13290;3323;0;0;2;2.774099853
13291;3323;0;0;3;3.880558398
13292;3323;0;0;4;4.090735826
13293;3324;2;0.790277429;1;3.318489693
13294;3324;2;0.790277429;2;5.494113668
13295;3324;2;0.790277429;3;5.178252224
13296;3324;2;0.790277429;4;6.357368582
13297;3325;2;0.649911333;1;4.66936642
13298;3325;2;0.649911333;2;4.676250151
13299;3325;2;0.649911333;3;4.59264396
13300;3325;2;0.649911333;4;6.892715121
13301;3326;3;0.232895096;1;3.672416119
13302;3326;3;0.232895096;2;6.208036755
13303;3326;3;0.232895096;3;7.497002851
13304;3326;3;0.232895096;4;6.628707197
13305;3327;4;0.128613003;1;7.87618935
13306;3327;4;0.128613003;2;7.738768045
13307;3327;4;0.128613003;3;9.923321347
13308;3327;4;0.128613003;4;10.46062191
13309;3328;3;0.767430026;1;4.693894662
13310;3328;3;0.767430026;2;4.967409633
13311;3328;3;0.767430026;3;7.155820779
13312;3328;3;0.767430026;4;7.64966752
13313;3329;3;0.888723887;1;2.434314075
13314;3329;3;0.888723887;2;1.946728545
13315;3329;3;0.888723887;3;4.545589036
13316;3329;3;0.888723887;4;5.881334539
13317;3330;3;0.163103841;1;3.99188039
13318;3330;3;0.163103841;2;6.65986069
13319;3330;3;0.163103841;3;8.688184228
13320;3330;3;0.163103841;4;7.95890388
13321;3331;2;0.962280155;1;3.596746262
13322;3331;2;0.962280155;2;4.689498766
13323;3331;2;0.962280155;3;5.184507599
13324;3331;2;0.962280155;4;6.233221092
13325;3332;4;0.200102185;1;5.133792951
13326;3332;4;0.200102185;2;6.59690298
13327;3332;4;0.200102185;3;7.253467753
13328;3332;4;0.200102185;4;7.234744991
13329;3333;2;0.4086166;1;3.636551212
13330;3333;2;0.4086166;2;4.516982591
13331;3333;2;0.4086166;3;6.14137002
13332;3333;2;0.4086166;4;5.510809436
13333;3334;0;0;1;2.089620472
13334;3334;0;0;2;4.845496443
13335;3334;0;0;3;4.809619697
13336;3334;0;0;4;7.394248342
13337;3335;0;0;1;-0.557696381
13338;3335;0;0;2;-1.570072997
13339;3335;0;0;3;1.024480817
13340;3335;0;0;4;3.22074955
13341;3336;4;0.41239238;1;2.581112044
13342;3336;4;0.41239238;2;3.654189488
13343;3336;4;0.41239238;3;8.958898258
13344;3336;4;0.41239238;4;7.697246026
13345;3337;2;0.321580685;1;0.674147788
13346;3337;2;0.321580685;2;3.283200949
13347;3337;2;0.321580685;3;2.657287755
13348;3337;2;0.321580685;4;5.897136745
13349;3338;4;0.876957859;1;4.205019207
13350;3338;4;0.876957859;2;5.354699136
13351;3338;4;0.876957859;3;8.101073084
13352;3338;4;0.876957859;4;8.519676209
13353;3339;2;0.193938844;1;3.259676604
13354;3339;2;0.193938844;2;4.410799611
13355;3339;2;0.193938844;3;4.312588407
13356;3339;2;0.193938844;4;5.421237798
13357;3340;2;0.513098442;1;2.097251963
13358;3340;2;0.513098442;2;3.572135565
13359;3340;2;0.513098442;3;5.522179898
13360;3340;2;0.513098442;4;5.912498322
13361;3341;2;0.899722113;1;1.692008892
13362;3341;2;0.899722113;2;2.874412954
13363;3341;2;0.899722113;3;5.202545935
13364;3341;2;0.899722113;4;6.778144821
13365;3342;4;0.046423082;1;3.744531919
13366;3342;4;0.046423082;2;3.854176432
13367;3342;4;0.046423082;3;5.597924214
13368;3342;4;0.046423082;4;4.440931484
13369;3343;0;0;1;0.920024569
13370;3343;0;0;2;2.226490536
13371;3343;0;0;3;1.73118127
13372;3343;0;0;4;5.350693527
13373;3344;3;0.752073507;1;5.727212261
13374;3344;3;0.752073507;2;1.536271509
13375;3344;3;0.752073507;3;5.478787786
13376;3344;3;0.752073507;4;5.854228744
13377;3345;3;0.867716325;1;4.261140447
13378;3345;3;0.867716325;2;7.262277986
13379;3345;3;0.867716325;3;7.686497845
13380;3345;3;0.867716325;4;9.32439694
13381;3346;2;0.771121211;1;4.114269021
13382;3346;2;0.771121211;2;5.568646385
13383;3346;2;0.771121211;3;7.792280736
13384;3346;2;0.771121211;4;5.383744864
13385;3347;4;0.096337538;1;5.325704006
13386;3347;4;0.096337538;2;5.5787463
13387;3347;4;0.096337538;3;6.767090014
13388;3347;4;0.096337538;4;7.216907729
13389;3348;4;0.63503263;1;5.327470872
13390;3348;4;0.63503263;2;5.610974343
13391;3348;4;0.63503263;3;7.055984594
13392;3348;4;0.63503263;4;7.682275901
13393;3349;0;0;1;0.342876531
13394;3349;0;0;2;2.27464483
13395;3349;0;0;3;-0.432171008
13396;3349;0;0;4;2.217423318
13397;3350;3;0.829065055;1;5.561973664
13398;3350;3;0.829065055;2;3.432037833
13399;3350;3;0.829065055;3;6.969641802
13400;3350;3;0.829065055;4;7.038789727
13401;3351;3;0.337121299;1;5.935782681
13402;3351;3;0.337121299;2;4.247570684
13403;3351;3;0.337121299;3;6.659675029
13404;3351;3;0.337121299;4;8.65536471
13405;3352;4;0.472272791;1;5.305515436
13406;3352;4;0.472272791;2;6.837513747
13407;3352;4;0.472272791;3;5.921998063
13408;3352;4;0.472272791;4;6.651576955
13409;3353;2;0.257201385;1;4.231699622
13410;3353;2;0.257201385;2;6.254676692
13411;3353;2;0.257201385;3;4.715823312
13412;3353;2;0.257201385;4;6.914834413
13413;3354;0;0;1;3.407814012
13414;3354;0;0;2;1.981592788
13415;3354;0;0;3;3.218524964
13416;3354;0;0;4;5.209961262
13417;3355;4;0.597844022;1;5.090906247
13418;3355;4;0.597844022;2;5.989057429
13419;3355;4;0.597844022;3;6.799084481
13420;3355;4;0.597844022;4;8.258450161
13421;3356;0;0;1;-1.02024672
13422;3356;0;0;2;1.896382028
13423;3356;0;0;3;1.762549176
13424;3356;0;0;4;2.784116851
13425;3357;3;0.401097551;1;4.2338334
13426;3357;3;0.401097551;2;3.70350447
13427;3357;3;0.401097551;3;7.328794737
13428;3357;3;0.401097551;4;9.855924249
13429;3358;3;0.71818325;1;5.675490353
13430;3358;3;0.71818325;2;5.134509281
13431;3358;3;0.71818325;3;6.155171272
13432;3358;3;0.71818325;4;7.238089694
13433;3359;0;0;1;1.156550486
13434;3359;0;0;2;0.854339243
13435;3359;0;0;3;1.482275311
13436;3359;0;0;4;1.271209638
13437;3360;4;0.768750081;1;6.955691238
13438;3360;4;0.768750081;2;6.711843965
13439;3360;4;0.768750081;3;7.354892813
13440;3360;4;0.768750081;4;8.768343748
13441;3361;3;0.809806806;1;1.323336688
13442;3361;3;0.809806806;2;3.188635827
13443;3361;3;0.809806806;3;5.401736228
13444;3361;3;0.809806806;4;4.813347351
13445;3362;0;0;1;1.154607343
13446;3362;0;0;2;1.40104108
13447;3362;0;0;3;1.178883404
13448;3362;0;0;4;5.207619251
13449;3363;3;0.957296973;1;4.900448185
13450;3363;3;0.957296973;2;5.195925358
13451;3363;3;0.957296973;3;5.992444385
13452;3363;3;0.957296973;4;7.242945545
13453;3364;4;0.773927512;1;5.114685916
13454;3364;4;0.773927512;2;6.691291606
13455;3364;4;0.773927512;3;6.534300775
13456;3364;4;0.773927512;4;9.846741298
13457;3365;0;0;1;0.54576738
13458;3365;0;0;2;2.416743183
13459;3365;0;0;3;3.844331216
13460;3365;0;0;4;4.280034656
13461;3366;4;0.904805934;1;3.273259313
13462;3366;4;0.904805934;2;5.562261987
13463;3366;4;0.904805934;3;5.926793175
13464;3366;4;0.904805934;4;6.643153761
13465;3367;3;0.397148772;1;4.258690006
13466;3367;3;0.397148772;2;3.908962133
13467;3367;3;0.397148772;3;5.780402271
13468;3367;3;0.397148772;4;6.407357446
13469;3368;3;0.528114263;1;5.049019342
13470;3368;3;0.528114263;2;5.591922181
13471;3368;3;0.528114263;3;7.418993437
13472;3368;3;0.528114263;4;8.000271307
13473;3369;3;0.97349996;1;4.113076897
13474;3369;3;0.97349996;2;6.074140722
13475;3369;3;0.97349996;3;7.676823591
13476;3369;3;0.97349996;4;6.785225644
13477;3370;2;0.803627378;1;3.783456748
13478;3370;2;0.803627378;2;3.734317288
13479;3370;2;0.803627378;3;6.027415158
13480;3370;2;0.803627378;4;8.310822507
13481;3371;4;0.058076997;1;3.56647598
13482;3371;4;0.058076997;2;5.042659766
13483;3371;4;0.058076997;3;5.919681021
13484;3371;4;0.058076997;4;4.512502861
13485;3372;3;0.839360388;1;5.720960198
13486;3372;3;0.839360388;2;4.612310513
13487;3372;3;0.839360388;3;6.914884843
13488;3372;3;0.839360388;4;8.278687382
13489;3373;3;0.806091266;1;2.219735805
13490;3373;3;0.806091266;2;4.739349081
13491;3373;3;0.806091266;3;6.039437595
13492;3373;3;0.806091266;4;5.504064045
13493;3374;4;0.742615059;1;6.430510215
13494;3374;4;0.742615059;2;8.520983411
13495;3374;4;0.742615059;3;8.36295936
13496;3374;4;0.742615059;4;8.515886667
13497;3375;2;0.371321773;1;3.631197347
13498;3375;2;0.371321773;2;3.713015807
13499;3375;2;0.371321773;3;5.303313295
13500;3375;2;0.371321773;4;5.611451304
13501;3376;2;0.216818616;1;2.349625766
13502;3376;2;0.216818616;2;3.916474019
13503;3376;2;0.216818616;3;5.830336936
13504;3376;2;0.216818616;4;5.206252446
13505;3377;4;0.073025083;1;4.085550091
13506;3377;4;0.073025083;2;6.131691734
13507;3377;4;0.073025083;3;6.061281947
13508;3377;4;0.073025083;4;8.253730351
13509;3378;3;0.781291077;1;2.538114003
13510;3378;3;0.781291077;2;4.724542826
13511;3378;3;0.781291077;3;3.192703391
13512;3378;3;0.781291077;4;6.789077765
13513;3379;3;0.843996216;1;3.909162215
13514;3379;3;0.843996216;2;4.693551055
13515;3379;3;0.843996216;3;5.420073614
13516;3379;3;0.843996216;4;7.975626876
13517;3380;2;0.105971629;1;1.381505446
13518;3380;2;0.105971629;2;2.679646402
13519;3380;2;0.105971629;3;5.700782969
13520;3380;2;0.105971629;4;4.893264038
13521;3381;2;0.720389219;1;2.184054493
13522;3381;2;0.720389219;2;4.252093548
13523;3381;2;0.720389219;3;3.632371384
13524;3381;2;0.720389219;4;5.327039332
13525;3382;3;0.377789269;1;2.684704501
13526;3382;3;0.377789269;2;4.863461326
13527;3382;3;0.377789269;3;4.222966338
13528;3382;3;0.377789269;4;6.496027253
13529;3383;4;0.507221438;1;4.538788251
13530;3383;4;0.507221438;2;6.628613646
13531;3383;4;0.507221438;3;5.792383564
13532;3383;4;0.507221438;4;7.296759921
13533;3384;4;0.256435433;1;7.414486996
13534;3384;4;0.256435433;2;7.102624846
13535;3384;4;0.256435433;3;7.757005037
13536;3384;4;0.256435433;4;7.930503831
13537;3385;4;0.541014679;1;3.488226616
13538;3385;4;0.541014679;2;2.616141597
13539;3385;4;0.541014679;3;4.618069021
13540;3385;4;0.541014679;4;6.37424284
13541;3386;0;0;1;0.383266137
13542;3386;0;0;2;3.105799688
13543;3386;0;0;3;2.377165143
13544;3386;0;0;4;4.2484027
13545;3387;2;0.370302627;1;3.839231316
13546;3387;2;0.370302627;2;6.956442147
13547;3387;2;0.370302627;3;6.061707516
13548;3387;2;0.370302627;4;7.089734805
13549;3388;0;0;1;0.246419027
13550;3388;0;0;2;1.608951362
13551;3388;0;0;3;2.904758449
13552;3388;0;0;4;4.504408276
13553;3389;3;0.38066123;1;4.060519857
13554;3389;3;0.38066123;2;6.637914469
13555;3389;3;0.38066123;3;7.120191438
13556;3389;3;0.38066123;4;8.989227651
13557;3390;0;0;1;1.802709837
13558;3390;0;0;2;4.76112046
13559;3390;0;0;3;5.356660874
13560;3390;0;0;4;5.874633197
13561;3391;3;0.42172889;1;5.889314212
13562;3391;3;0.42172889;2;6.245651849
13563;3391;3;0.42172889;3;6.391668779
13564;3391;3;0.42172889;4;9.948998457
13565;3392;4;0.459098643;1;3.280315431
13566;3392;4;0.459098643;2;5.339269024
13567;3392;4;0.459098643;3;5.32399731
13568;3392;4;0.459098643;4;6.665911714
13569;3393;3;0.142120612;1;2.038972458
13570;3393;3;0.142120612;2;2.483603814
13571;3393;3;0.142120612;3;6.461008712
13572;3393;3;0.142120612;4;4.348912971
13573;3394;3;0.064816317;1;4.20630393
13574;3394;3;0.064816317;2;4.890730856
13575;3394;3;0.064816317;3;5.954247096
13576;3394;3;0.064816317;4;6.992967894
13577;3395;4;0.581513741;1;3.046678058
13578;3395;4;0.581513741;2;4.15971132
13579;3395;4;0.581513741;3;4.737553833
13580;3395;4;0.581513741;4;5.539782185
13581;3396;0;0;1;0.871724532
13582;3396;0;0;2;-0.452289484
13583;3396;0;0;3;1.196500901
13584;3396;0;0;4;4.579253779
13585;3397;2;0.321551662;1;3.343360604
13586;3397;2;0.321551662;2;4.467232786
13587;3397;2;0.321551662;3;6.037586656
13588;3397;2;0.321551662;4;6.699859052
13589;3398;3;0.442725533;1;4.894270195
13590;3398;3;0.442725533;2;4.836872819
13591;3398;3;0.442725533;3;8.11658384
13592;3398;3;0.442725533;4;8.354727953
13593;3399;2;0.759174065;1;3.787951105
13594;3399;2;0.759174065;2;3.846518205
13595;3399;2;0.759174065;3;4.648736152
13596;3399;2;0.759174065;4;6.336951908
13597;3400;0;0;1;3.148256657
13598;3400;0;0;2;3.280085536
13599;3400;0;0;3;4.290053669
13600;3400;0;0;4;4.17597518
13601;3401;3;0.223533635;1;3.194202219
13602;3401;3;0.223533635;2;5.89953135
13603;3401;3;0.223533635;3;4.258283199
13604;3401;3;0.223533635;4;6.9747258
13605;3402;2;0.182793017;1;2.28771489
13606;3402;2;0.182793017;2;0.383959458
13607;3402;2;0.182793017;3;3.150009519
13608;3402;2;0.182793017;4;5.029833001
13609;3403;0;0;1;1.361206056
13610;3403;0;0;2;4.130890998
13611;3403;0;0;3;2.815290016
13612;3403;0;0;4;6.003270312
13613;3404;2;0.563329148;1;1.086524517
13614;3404;2;0.563329148;2;3.73761221
13615;3404;2;0.563329148;3;6.706869394
13616;3404;2;0.563329148;4;4.410202813
13617;3405;3;0.825998639;1;2.520154353
13618;3405;3;0.825998639;2;3.499212331
13619;3405;3;0.825998639;3;3.869629408
13620;3405;3;0.825998639;4;4.096042671
13621;3406;2;0.262432567;1;1.784937389
13622;3406;2;0.262432567;2;5.147075501
13623;3406;2;0.262432567;3;5.749501261
13624;3406;2;0.262432567;4;5.485408945
13625;3407;2;0.010125182;1;5.255192342
13626;3407;2;0.010125182;2;5.711382458
13627;3407;2;0.010125182;3;5.053760113
13628;3407;2;0.010125182;4;8.505469563
13629;3408;2;0.207458385;1;2.083694208
13630;3408;2;0.207458385;2;3.461225356
13631;3408;2;0.207458385;3;5.56557666
13632;3408;2;0.207458385;4;7.429283041
13633;3409;0;0;1;1.987968829
13634;3409;0;0;2;0.87676065
13635;3409;0;0;3;4.096795437
13636;3409;0;0;4;5.048968237
13637;3410;3;0.2186772;1;4.688359101
13638;3410;3;0.2186772;2;5.884374055
13639;3410;3;0.2186772;3;5.524508694
13640;3410;3;0.2186772;4;8.102272543
13641;3411;3;0.766342309;1;4.503058963
13642;3411;3;0.766342309;2;5.723317055
13643;3411;3;0.766342309;3;5.242222507
13644;3411;3;0.766342309;4;8.478154349
13645;3412;4;0.096395735;1;5.598217637
13646;3412;4;0.096395735;2;8.473571349
13647;3412;4;0.096395735;3;7.952341919
13648;3412;4;0.096395735;4;7.976712903
13649;3413;4;0.119074808;1;3.103741411
13650;3413;4;0.119074808;2;5.51147243
13651;3413;4;0.119074808;3;5.348066823
13652;3413;4;0.119074808;4;6.025678986
13653;3414;2;0.498465062;1;2.895266916
13654;3414;2;0.498465062;2;4.111578444
13655;3414;2;0.498465062;3;5.493182315
13656;3414;2;0.498465062;4;4.661241572
13657;3415;0;0;1;0.183699908
13658;3415;0;0;2;1.917172488
13659;3415;0;0;3;1.509265785
13660;3415;0;0;4;3.600890853
13661;3416;4;0.135577075;1;5.220594773
13662;3416;4;0.135577075;2;6.101374146
13663;3416;4;0.135577075;3;5.846253078
13664;3416;4;0.135577075;4;8.287747771
13665;3417;4;0.684290814;1;4.735614117
13666;3417;4;0.684290814;2;4.9863586
13667;3417;4;0.684290814;3;6.300340515
13668;3417;4;0.684290814;4;7.554429256
13669;3418;4;0.643963563;1;8.36996297
13670;3418;4;0.643963563;2;9.394352687
13671;3418;4;0.643963563;3;10.96153886
13672;3418;4;0.643963563;4;10.14330549
13673;3419;0;0;1;0.772299147
13674;3419;0;0;2;2.545988171
13675;3419;0;0;3;2.856605894
13676;3419;0;0;4;4.351499285
13677;3420;2;0.273127595;1;1.663663591
13678;3420;2;0.273127595;2;3.93044322
13679;3420;2;0.273127595;3;4.227762176
13680;3420;2;0.273127595;4;4.227390113
13681;3421;2;0.082965327;1;4.626254252
13682;3421;2;0.082965327;2;6.305523628
13683;3421;2;0.082965327;3;7.710703098
13684;3421;2;0.082965327;4;9.096167213
13685;3422;2;0.555812088;1;3.33458734
13686;3422;2;0.555812088;2;4.827324237
13687;3422;2;0.555812088;3;7.517890767
13688;3422;2;0.555812088;4;7.520383464
13689;3423;0;0;1;1.857256913
13690;3423;0;0;2;-0.930578741
13691;3423;0;0;3;0.213915311
13692;3423;0;0;4;3.095729338
13693;3424;0;0;1;0.934915667
13694;3424;0;0;2;2.692598475
13695;3424;0;0;3;1.346440291
13696;3424;0;0;4;4.435607808
13697;3425;2;0.541311501;1;0.974497363
13698;3425;2;0.541311501;2;4.094529745
13699;3425;2;0.541311501;3;7.228338359
13700;3425;2;0.541311501;4;5.052650551
13701;3426;4;0.918515189;1;5.232183993
13702;3426;4;0.918515189;2;6.828196306
13703;3426;4;0.918515189;3;5.085187082
13704;3426;4;0.918515189;4;7.431366798
13705;3427;2;0.331714916;1;3.467905858
13706;3427;2;0.331714916;2;3.206808358
13707;3427;2;0.331714916;3;5.847588417
13708;3427;2;0.331714916;4;7.976711053
13709;3428;3;0.001108112;1;3.230738293
13710;3428;3;0.001108112;2;4.129811236
13711;3428;3;0.001108112;3;6.756243724
13712;3428;3;0.001108112;4;7.058696382
13713;3429;3;0.784700617;1;3.701590064
13714;3429;3;0.784700617;2;5.863130731
13715;3429;3;0.784700617;3;4.769631711
13716;3429;3;0.784700617;4;6.322496458
13717;3430;3;0.940309102;1;3.008366156
13718;3430;3;0.940309102;2;3.930815076
13719;3430;3;0.940309102;3;6.06517355
13720;3430;3;0.940309102;4;8.210164868
13721;3431;4;0.017472291;1;6.13882921
13722;3431;4;0.017472291;2;5.708729193
13723;3431;4;0.017472291;3;8.525757949
13724;3431;4;0.017472291;4;8.234112439
13725;3432;4;0.537937277;1;3.9143614
13726;3432;4;0.537937277;2;4.705935655
13727;3432;4;0.537937277;3;4.959581191
13728;3432;4;0.537937277;4;7.528920514
13729;3433;3;0.692595281;1;5.890466193
13730;3433;3;0.692595281;2;6.488293302
13731;3433;3;0.692595281;3;7.747501415
13732;3433;3;0.692595281;4;8.551343457
13733;3434;4;0.501659519;1;5.238297883
13734;3434;4;0.501659519;2;5.92161255
13735;3434;4;0.501659519;3;6.967113098
13736;3434;4;0.501659519;4;8.564505663
13737;3435;4;0.501136138;1;4.968708901
13738;3435;4;0.501136138;2;5.718153577
13739;3435;4;0.501136138;3;6.984009314
13740;3435;4;0.501136138;4;6.800460223
13741;3436;2;0.412964196;1;4.464017036
13742;3436;2;0.412964196;2;2.447933827
13743;3436;2;0.412964196;3;4.316424583
13744;3436;2;0.412964196;4;5.782026621
13745;3437;4;0.605952159;1;3.533637011
13746;3437;4;0.605952159;2;4.622470576
13747;3437;4;0.605952159;3;3.928518274
13748;3437;4;0.605952159;4;7.234136684
13749;3438;2;0.268541083;1;6.235402741
13750;3438;2;0.268541083;2;6.477596092
13751;3438;2;0.268541083;3;8.186755486
13752;3438;2;0.268541083;4;8.236316633
13753;3439;0;0;1;0.297763234
13754;3439;0;0;2;0.793990836
13755;3439;0;0;3;2.762851766
13756;3439;0;0;4;4.582394898
13757;3440;2;0.523772998;1;4.705115869
13758;3440;2;0.523772998;2;5.304262709
13759;3440;2;0.523772998;3;5.80502426
13760;3440;2;0.523772998;4;7.044274837
13761;3441;0;0;1;3.634090866
13762;3441;0;0;2;4.967519896
13763;3441;0;0;3;3.388857576
13764;3441;0;0;4;6.670688396
13765;3442;3;0.097721004;1;3.734332302
13766;3442;3;0.097721004;2;3.346533237
13767;3442;3;0.097721004;3;6.577767831
13768;3442;3;0.097721004;4;7.939134407
13769;3443;2;0.720820471;1;3.495522721
13770;3443;2;0.720820471;2;3.642149247
13771;3443;2;0.720820471;3;3.846385933
13772;3443;2;0.720820471;4;7.816115178
13773;3444;0;0;1;-0.49120423
13774;3444;0;0;2;2.641872245
13775;3444;0;0;3;4.059734375
13776;3444;0;0;4;3.878626483
13777;3445;0;0;1;1.057396329
13778;3445;0;0;2;5.093007121
13779;3445;0;0;3;2.930991025
13780;3445;0;0;4;4.020230487
13781;3446;2;0.463116745;1;4.970554055
13782;3446;2;0.463116745;2;3.937388054
13783;3446;2;0.463116745;3;6.07567919
13784;3446;2;0.463116745;4;6.618319968
13785;3447;3;0.885877233;1;4.8113074
13786;3447;3;0.885877233;2;4.230585514
13787;3447;3;0.885877233;3;3.495160366
13788;3447;3;0.885877233;4;6.068389328
13789;3448;0;0;1;-0.376725475
13790;3448;0;0;2;2.58552528
13791;3448;0;0;3;2.458716151
13792;3448;0;0;4;4.65948403
13793;3449;2;0.675928378;1;1.996273313
13794;3449;2;0.675928378;2;1.950532282
13795;3449;2;0.675928378;3;3.755495825
13796;3449;2;0.675928378;4;4.071544622
13797;3450;2;0.701938726;1;6.086668486
13798;3450;2;0.701938726;2;6.042634853
13799;3450;2;0.701938726;3;5.707024002
13800;3450;2;0.701938726;4;8.349629619
13801;3451;2;0.492673613;1;3.35258781
13802;3451;2;0.492673613;2;3.084391873
13803;3451;2;0.492673613;3;3.277890843
13804;3451;2;0.492673613;4;3.138121706
13805;3452;2;0.179426135;1;1.964979359
13806;3452;2;0.179426135;2;3.148176917
13807;3452;2;0.179426135;3;6.181328451
13808;3452;2;0.179426135;4;3.095680951
13809;3453;2;0.745159767;1;3.898087262
13810;3453;2;0.745159767;2;5.934245937
13811;3453;2;0.745159767;3;4.952393391
13812;3453;2;0.745159767;4;7.071880708
13813;3454;2;0.444870702;1;4.758289373
13814;3454;2;0.444870702;2;5.931995168
13815;3454;2;0.444870702;3;6.715777435
13816;3454;2;0.444870702;4;7.307912137
13817;3455;3;0.158594376;1;5.698948246
13818;3455;3;0.158594376;2;6.160182292
13819;3455;3;0.158594376;3;5.915002663
13820;3455;3;0.158594376;4;8.927650122
13821;3456;3;0.445053165;1;3.909014816
13822;3456;3;0.445053165;2;3.185184176
13823;3456;3;0.445053165;3;4.301298824
13824;3456;3;0.445053165;4;7.361564036
13825;3457;2;0.804332971;1;4.971449194
13826;3457;2;0.804332971;2;6.486480702
13827;3457;2;0.804332971;3;5.253847011
13828;3457;2;0.804332971;4;5.886545672
13829;3458;2;0.20532711;1;2.220304036
13830;3458;2;0.20532711;2;3.50787413
13831;3458;2;0.20532711;3;5.212337303
13832;3458;2;0.20532711;4;6.980734036
13833;3459;3;0.280493564;1;6.217969058
13834;3459;3;0.280493564;2;4.536252666
13835;3459;3;0.280493564;3;6.794529047
13836;3459;3;0.280493564;4;6.244281728
13837;3460;2;0.81657878;1;2.500839776
13838;3460;2;0.81657878;2;3.694299609
13839;3460;2;0.81657878;3;2.583247276
13840;3460;2;0.81657878;4;9.575994
13841;3461;4;0.422933454;1;5.291141066
13842;3461;4;0.422933454;2;4.984138104
13843;3461;4;0.422933454;3;6.266736269
13844;3461;4;0.422933454;4;7.806448658
13845;3462;4;0.168944049;1;6.486196839
13846;3462;4;0.168944049;2;8.456938212
13847;3462;4;0.168944049;3;8.33737832
13848;3462;4;0.168944049;4;8.472684882
13849;3463;2;0.437299125;1;4.194044679
13850;3463;2;0.437299125;2;3.772035967
13851;3463;2;0.437299125;3;7.931543516
13852;3463;2;0.437299125;4;7.633675436
13853;3464;4;0.59175739;1;6.424613841
13854;3464;4;0.59175739;2;7.780715507
13855;3464;4;0.59175739;3;7.057362848
13856;3464;4;0.59175739;4;9.218714269
13857;3465;3;0.409231733;1;4.678800212
13858;3465;3;0.409231733;2;6.201739369
13859;3465;3;0.409231733;3;4.860497765
13860;3465;3;0.409231733;4;5.159577441
13861;3466;2;0.764030225;1;2.14325327
13862;3466;2;0.764030225;2;3.242726244
13863;3466;2;0.764030225;3;3.937658928
13864;3466;2;0.764030225;4;5.092689459
13865;3467;2;0.007345362;1;3.857766883
13866;3467;2;0.007345362;2;5.952305408
13867;3467;2;0.007345362;3;5.431477112
13868;3467;2;0.007345362;4;6.090522099
13869;3468;2;0.095847318;1;4.294057411
13870;3468;2;0.095847318;2;2.424631506
13871;3468;2;0.095847318;3;4.286330499
13872;3468;2;0.095847318;4;3.83518145
13873;3469;3;0.372536224;1;3.797560564
13874;3469;3;0.372536224;2;5.394238708
13875;3469;3;0.372536224;3;7.008489354
13876;3469;3;0.372536224;4;8.026825138
13877;3470;3;0.954437469;1;1.804068332
13878;3470;3;0.954437469;2;3.701969718
13879;3470;3;0.954437469;3;6.052933333
13880;3470;3;0.954437469;4;6.913464418
13881;3471;0;0;1;1.126325327
13882;3471;0;0;2;2.699685315
13883;3471;0;0;3;1.383368223
13884;3471;0;0;4;2.980200685
13885;3472;0;0;1;1.604550836
13886;3472;0;0;2;1.937465335
13887;3472;0;0;3;1.581898109
13888;3472;0;0;4;3.282125447
13889;3473;2;0.44818836;1;3.808501468
13890;3473;2;0.44818836;2;5.696074472
13891;3473;2;0.44818836;3;6.682198918
13892;3473;2;0.44818836;4;7.774644269
13893;3474;4;0.808683387;1;3.531328067
13894;3474;4;0.808683387;2;4.998336627
13895;3474;4;0.808683387;3;6.023385452
13896;3474;4;0.808683387;4;6.77285993
13897;3475;0;0;1;2.82910278
13898;3475;0;0;2;3.421073206
13899;3475;0;0;3;4.088646613
13900;3475;0;0;4;5.804095787
13901;3476;2;0.633545656;1;4.905934642
13902;3476;2;0.633545656;2;7.31608321
13903;3476;2;0.633545656;3;8.39542453
13904;3476;2;0.633545656;4;9.752020799
13905;3477;2;0.402266406;1;0.38017915
13906;3477;2;0.402266406;2;2.655604859
13907;3477;2;0.402266406;3;3.250577445
13908;3477;2;0.402266406;4;3.058052219
13909;3478;0;0;1;1.062365139
13910;3478;0;0;2;5.527017336
13911;3478;0;0;3;5.933936697
13912;3478;0;0;4;5.104997868
13913;3479;0;0;1;2.200227245
13914;3479;0;0;2;2.744194036
13915;3479;0;0;3;4.310426091
13916;3479;0;0;4;3.454289485
13917;3480;2;0.055178345;1;3.180306538
13918;3480;2;0.055178345;2;5.682025583
13919;3480;2;0.055178345;3;6.196103812
13920;3480;2;0.055178345;4;8.927643735
13921;3481;0;0;1;0.840929646
13922;3481;0;0;2;2.130518698
13923;3481;0;0;3;3.092162393
13924;3481;0;0;4;3.13282138
13925;3482;0;0;1;-0.005987946
13926;3482;0;0;2;3.233381958
13927;3482;0;0;3;2.657263261
13928;3482;0;0;4;3.272504755
13929;3483;2;0.015730268;1;0.342451947
13930;3483;2;0.015730268;2;3.798351551
13931;3483;2;0.015730268;3;2.694683558
13932;3483;2;0.015730268;4;6.154204857
13933;3484;3;0.947116413;1;5.096634855
13934;3484;3;0.947116413;2;5.651588327
13935;3484;3;0.947116413;3;4.483018203
13936;3484;3;0.947116413;4;7.698352263
13937;3485;2;0.359948782;1;2.814718409
13938;3485;2;0.359948782;2;3.03448327
13939;3485;2;0.359948782;3;4.363257328
13940;3485;2;0.359948782;4;4.374383617
13941;3486;4;0.740519656;1;5.052591451
13942;3486;4;0.740519656;2;5.779653027
13943;3486;4;0.740519656;3;6.356706363
13944;3486;4;0.740519656;4;6.018284633
13945;3487;0;0;1;-0.444428865
13946;3487;0;0;2;3.025215851
13947;3487;0;0;3;2.693056461
13948;3487;0;0;4;4.978740526
13949;3488;0;0;1;1.323866806
13950;3488;0;0;2;2.186523942
13951;3488;0;0;3;5.414925508
13952;3488;0;0;4;4.822102771
13953;3489;2;0.689996227;1;1.067138404
13954;3489;2;0.689996227;2;1.981373368
13955;3489;2;0.689996227;3;5.565130983
13956;3489;2;0.689996227;4;7.463820231
13957;3490;3;0.007850984;1;5.828873625
13958;3490;3;0.007850984;2;6.182409529
13959;3490;3;0.007850984;3;7.191334816
13960;3490;3;0.007850984;4;7.72860225
13961;3491;2;0.682157859;1;2.34421531
13962;3491;2;0.682157859;2;1.044458077
13963;3491;2;0.682157859;3;3.116017961
13964;3491;2;0.682157859;4;5.817838033
13965;3492;4;0.129432792;1;5.794893509
13966;3492;4;0.129432792;2;7.591149712
13967;3492;4;0.129432792;3;6.764664827
13968;3492;4;0.129432792;4;8.383327698
13969;3493;0;0;1;0.475435934
13970;3493;0;0;2;-0.103691862
13971;3493;0;0;3;0.461163939
13972;3493;0;0;4;-0.201396984
13973;3494;3;0.004431132;1;6.434622539
13974;3494;3;0.004431132;2;4.761207944
13975;3494;3;0.004431132;3;6.901753283
13976;3494;3;0.004431132;4;7.396608362
13977;3495;0;0;1;0.555335824
13978;3495;0;0;2;0.659403394
13979;3495;0;0;3;3.026842823
13980;3495;0;0;4;3.356632136
13981;3496;0;0;1;1.649937971
13982;3496;0;0;2;2.483261518
13983;3496;0;0;3;2.697279429
13984;3496;0;0;4;6.144940516
13985;3497;3;0.076465203;1;1.310769924
13986;3497;3;0.076465203;2;4.249912354
13987;3497;3;0.076465203;3;5.154700591
13988;3497;3;0.076465203;4;6.497073762
13989;3498;4;0.612497838;1;3.242640162
13990;3498;4;0.612497838;2;5.4253417
13991;3498;4;0.612497838;3;6.064670921
13992;3498;4;0.612497838;4;4.999128274
13993;3499;0;0;1;0.780545555
13994;3499;0;0;2;4.30228023
13995;3499;0;0;3;2.334117505
13996;3499;0;0;4;3.270311532
13997;3500;0;0;1;4.171980378
13998;3500;0;0;2;4.593573351
13999;3500;0;0;3;6.418108457
14000;3500;0;0;4;7.699488168
14001;3501;0;0;1;0.300554316
14002;3501;0;0;2;0.232105129
14003;3501;0;0;3;2.677306939
14004;3501;0;0;4;3.641572877
14005;3502;3;0.816312436;1;5.6203724
14006;3502;3;0.816312436;2;5.778610717
14007;3502;3;0.816312436;3;7.39211447
14008;3502;3;0.816312436;4;7.508344104
14009;3503;3;0.660949842;1;5.471959544
14010;3503;3;0.660949842;2;5.081391184
14011;3503;3;0.660949842;3;6.790105532
14012;3503;3;0.660949842;4;8.020928484
14013;3504;0;0;1;-0.191843368
14014;3504;0;0;2;1.187406283
14015;3504;0;0;3;3.249329275
14016;3504;0;0;4;2.091409681
14017;3505;2;0.880503295;1;4.963978406
14018;3505;2;0.880503295;2;4.564024658
14019;3505;2;0.880503295;3;5.538128262
14020;3505;2;0.880503295;4;6.782650757
14021;3506;2;0.314520183;1;5.119039543
14022;3506;2;0.314520183;2;5.74293231
14023;3506;2;0.314520183;3;9.003231351
14024;3506;2;0.314520183;4;7.415248584
14025;3507;3;0.446886306;1;3.278418156
14026;3507;3;0.446886306;2;4.23328503
14027;3507;3;0.446886306;3;6.438278382
14028;3507;3;0.446886306;4;6.949546652
14029;3508;2;0.436051896;1;3.814252952
14030;3508;2;0.436051896;2;3.648049109
14031;3508;2;0.436051896;3;5.119294437
14032;3508;2;0.436051896;4;5.157347804
14033;3509;0;0;1;0.714930411
14034;3509;0;0;2;1.462363669
14035;3509;0;0;3;2.264609706
14036;3509;0;0;4;5.493494058
14037;3510;2;0.399144422;1;3.08762926
14038;3510;2;0.399144422;2;3.434932309
14039;3510;2;0.399144422;3;6.898172377
14040;3510;2;0.399144422;4;5.525625364
14041;3511;4;0.169942572;1;6.259451698
14042;3511;4;0.169942572;2;9.312930926
14043;3511;4;0.169942572;3;7.550020415
14044;3511;4;0.169942572;4;10.12314486
14045;3512;2;0.582831183;1;1.803265943
14046;3512;2;0.582831183;2;2.476872817
14047;3512;2;0.582831183;3;3.869779965
14048;3512;2;0.582831183;4;3.890290461
14049;3513;4;0.723234487;1;5.044284358
14050;3513;4;0.723234487;2;7.272499466
14051;3513;4;0.723234487;3;7.366670777
14052;3513;4;0.723234487;4;8.260426896
14053;3514;0;0;1;0.106779944
14054;3514;0;0;2;1.154563753
14055;3514;0;0;3;2.638157826
14056;3514;0;0;4;3.35026754
14057;3515;3;0.886900573;1;1.753698489
14058;3515;3;0.886900573;2;2.424179458
14059;3515;3;0.886900573;3;4.57678639
14060;3515;3;0.886900573;4;5.424570077
14061;3516;0;0;1;1.71930305
14062;3516;0;0;2;2.190390945
14063;3516;0;0;3;1.012726569
14064;3516;0;0;4;2.011097502
14065;3517;4;0.105853813;1;5.528689208
14066;3517;4;0.105853813;2;6.30720501
14067;3517;4;0.105853813;3;5.687935979
14068;3517;4;0.105853813;4;6.123406156
14069;3518;4;0.879981348;1;5.608725584
14070;3518;4;0.879981348;2;3.593419884
14071;3518;4;0.879981348;3;7.414604927
14072;3518;4;0.879981348;4;5.6618794
14073;3519;3;0.073099903;1;4.921828171
14074;3519;3;0.073099903;2;4.028472072
14075;3519;3;0.073099903;3;8.574874641
14076;3519;3;0.073099903;4;6.398237706
14077;3520;2;0.163403397;1;3.078350343
14078;3520;2;0.163403397;2;5.379485311
14079;3520;2;0.163403397;3;6.741616583
14080;3520;2;0.163403397;4;5.704815873
14081;3521;0;0;1;-0.084850012
14082;3521;0;0;2;1.909526116
14083;3521;0;0;3;2.535948002
14084;3521;0;0;4;4.991458032
14085;3522;3;0.336789899;1;5.453001363
14086;3522;3;0.336789899;2;7.047287572
14087;3522;3;0.336789899;3;6.02277246
14088;3522;3;0.336789899;4;7.524122583
14089;3523;3;0.077597225;1;2.7909825
14090;3523;3;0.077597225;2;4.127385524
14091;3523;3;0.077597225;3;5.659515174
14092;3523;3;0.077597225;4;6.927376798
14093;3524;2;0.202236537;1;3.676655445
14094;3524;2;0.202236537;2;5.290568124
14095;3524;2;0.202236537;3;5.566158057
14096;3524;2;0.202236537;4;5.626312092
14097;3525;0;0;1;1.868386517
14098;3525;0;0;2;2.814402363
14099;3525;0;0;3;4.482558411
14100;3525;0;0;4;6.111355717
14101;3526;4;0.406348509;1;5.011395168
14102;3526;4;0.406348509;2;7.984311412
14103;3526;4;0.406348509;3;8.577980434
14104;3526;4;0.406348509;4;8.856600201
14105;3527;4;0.749562334;1;6.591514523
14106;3527;4;0.749562334;2;6.170364653
14107;3527;4;0.749562334;3;7.716550156
14108;3527;4;0.749562334;4;8.244819034
14109;3528;4;0.934433434;1;4.689594897
14110;3528;4;0.934433434;2;4.786696722
14111;3528;4;0.934433434;3;8.108511661
14112;3528;4;0.934433434;4;6.524090803
14113;3529;0;0;1;-0.337093282
14114;3529;0;0;2;-1.008665846
14115;3529;0;0;3;1.242768701
14116;3529;0;0;4;1.830214056
14117;3530;0;0;1;3.123363395
14118;3530;0;0;2;4.339619955
14119;3530;0;0;3;4.994562988
14120;3530;0;0;4;5.30107237
14121;3531;0;0;1;0.755547283
14122;3531;0;0;2;1.283635083
14123;3531;0;0;3;1.976821685
14124;3531;0;0;4;3.002164237
14125;3532;3;0.075281997;1;3.573245802
14126;3532;3;0.075281997;2;3.937980045
14127;3532;3;0.075281997;3;6.795397602
14128;3532;3;0.075281997;4;7.527374373
14129;3533;3;0.180353232;1;5.58236143
14130;3533;3;0.180353232;2;6.584479913
14131;3533;3;0.180353232;3;7.486096938
14132;3533;3;0.180353232;4;9.553719843
14133;3534;0;0;1;-0.610928314
14134;3534;0;0;2;0.284290284
14135;3534;0;0;3;0.994226785
14136;3534;0;0;4;2.625118657
14137;3535;2;0.166084909;1;2.184874797
14138;3535;2;0.166084909;2;1.562458018
14139;3535;2;0.166084909;3;4.340753825
14140;3535;2;0.166084909;4;6.294791841
14141;3536;4;0.539247187;1;4.938108935
14142;3536;4;0.539247187;2;4.06652055
14143;3536;4;0.539247187;3;5.032243114
14144;3536;4;0.539247187;4;6.418453376
14145;3537;3;0.224854427;1;6.088913106
14146;3537;3;0.224854427;2;6.364069605
14147;3537;3;0.224854427;3;7.512623803
14148;3537;3;0.224854427;4;7.391010783
14149;3538;0;0;1;3.290055704
14150;3538;0;0;2;1.450621098
14151;3538;0;0;3;4.15522139
14152;3538;0;0;4;2.058302455
14153;3539;4;0.25357755;1;5.214409944
14154;3539;4;0.25357755;2;5.297426638
14155;3539;4;0.25357755;3;7.270110695
14156;3539;4;0.25357755;4;8.813120316
14157;3540;0;0;1;4.381188015
14158;3540;0;0;2;4.99344087
14159;3540;0;0;3;5.339711127
14160;3540;0;0;4;5.476885498
14161;3541;0;0;1;3.48110173
14162;3541;0;0;2;4.344502533
14163;3541;0;0;3;4.671992034
14164;3541;0;0;4;4.938868704
14165;3542;0;0;1;2.414424684
14166;3542;0;0;2;3.665892687
14167;3542;0;0;3;3.539436666
14168;3542;0;0;4;5.186908845
14169;3543;4;0.246473797;1;5.205939781
14170;3543;4;0.246473797;2;9.521197024
14171;3543;4;0.246473797;3;7.741306352
14172;3543;4;0.246473797;4;11.60684403
14173;3544;2;0.967509262;1;2.895629756
14174;3544;2;0.967509262;2;2.000565362
14175;3544;2;0.967509262;3;3.523202392
14176;3544;2;0.967509262;4;5.365583239
14177;3545;0;0;1;2.644052808
14178;3545;0;0;2;1.691241502
14179;3545;0;0;3;5.156947659
14180;3545;0;0;4;4.592041076
14181;3546;3;0.677273329;1;6.291836483
14182;3546;3;0.677273329;2;6.243960838
14183;3546;3;0.677273329;3;5.998893165
14184;3546;3;0.677273329;4;7.905194853
14185;3547;0;0;1;1.276712055
14186;3547;0;0;2;0.33979887
14187;3547;0;0;3;2.777048052
14188;3547;0;0;4;4.998132543
14189;3548;4;0.535454119;1;4.731431722
14190;3548;4;0.535454119;2;6.59896624
14191;3548;4;0.535454119;3;7.390252471
14192;3548;4;0.535454119;4;8.102022026
14193;3549;0;0;1;-3.014398654
14194;3549;0;0;2;0.181275264
14195;3549;0;0;3;1.1585453
14196;3549;0;0;4;0.73647808
14197;3550;0;0;1;-0.106200311
14198;3550;0;0;2;1.103509291
14199;3550;0;0;3;2.394012776
14200;3550;0;0;4;2.848043231
14201;3551;0;0;1;2.817969073
14202;3551;0;0;2;2.063038815
14203;3551;0;0;3;4.165865437
14204;3551;0;0;4;5.901674305
14205;3552;3;0.502669122;1;5.348908338
14206;3552;3;0.502669122;2;6.789750542
14207;3552;3;0.502669122;3;6.7547651
14208;3552;3;0.502669122;4;7.28245908
14209;3553;3;0.77471643;1;1.725183071
14210;3553;3;0.77471643;2;4.367853508
14211;3553;3;0.77471643;3;5.096147078
14212;3553;3;0.77471643;4;6.35756073
14213;3554;4;0.233339232;1;3.935037013
14214;3554;4;0.233339232;2;7.1469707
14215;3554;4;0.233339232;3;6.237651971
14216;3554;4;0.233339232;4;8.424627528
14217;3555;0;0;1;0.588113673
14218;3555;0;0;2;-1.244596903
14219;3555;0;0;3;1.379851338
14220;3555;0;0;4;4.893200789
14221;3556;0;0;1;1.870108128
14222;3556;0;0;2;2.720840052
14223;3556;0;0;3;3.919736624
14224;3556;0;0;4;2.827949592
14225;3557;3;0.159716878;1;5.327774376
14226;3557;3;0.159716878;2;5.182401619
14227;3557;3;0.159716878;3;5.169179513
14228;3557;3;0.159716878;4;6.58448055
14229;3558;0;0;1;0.360923498
14230;3558;0;0;2;2.506726769
14231;3558;0;0;3;1.331011001
14232;3558;0;0;4;4.39135553
14233;3559;4;0.656206515;1;3.174480523
14234;3559;4;0.656206515;2;4.304975368
14235;3559;4;0.656206515;3;6.125065969
14236;3559;4;0.656206515;4;5.74295261
14237;3560;3;0.473685443;1;3.640133939
14238;3560;3;0.473685443;2;5.458323199
14239;3560;3;0.473685443;3;7.574101815
14240;3560;3;0.473685443;4;8.025116949
14241;3561;3;0.378919347;1;1.718549341
14242;3561;3;0.378919347;2;4.293385332
14243;3561;3;0.378919347;3;4.626869583
14244;3561;3;0.378919347;4;7.450485803
14245;3562;0;0;1;2.039524231
14246;3562;0;0;2;3.408920783
14247;3562;0;0;3;3.554334808
14248;3562;0;0;4;4.047787195
14249;3563;4;0.887891286;1;5.643517089
14250;3563;4;0.887891286;2;7.874626303
14251;3563;4;0.887891286;3;7.190096609
14252;3563;4;0.887891286;4;9.59880941
14253;3564;3;0.799107843;1;3.125545424
14254;3564;3;0.799107843;2;4.007286452
14255;3564;3;0.799107843;3;6.205655303
14256;3564;3;0.799107843;4;5.875285305
14257;3565;4;0.101385046;1;7.036041593
14258;3565;4;0.101385046;2;6.95390208
14259;3565;4;0.101385046;3;6.892999786
14260;3565;4;0.101385046;4;9.078706117
14261;3566;3;0.055763723;1;3.704016242
14262;3566;3;0.055763723;2;7.392467628
14263;3566;3;0.055763723;3;6.169951232
14264;3566;3;0.055763723;4;8.674097459
14265;3567;3;0.565217267;1;5.507409717
14266;3567;3;0.565217267;2;5.916416618
14267;3567;3;0.565217267;3;6.015739286
14268;3567;3;0.565217267;4;5.44608946
14269;3568;3;0.660714946;1;6.828677277
14270;3568;3;0.660714946;2;7.501535324
14271;3568;3;0.660714946;3;6.508315981
14272;3568;3;0.660714946;4;8.584861416
14273;3569;4;0.25779859;1;6.776193178
14274;3569;4;0.25779859;2;9.403949881
14275;3569;4;0.25779859;3;8.864523434
14276;3569;4;0.25779859;4;8.600000497
14277;3570;2;0.938498332;1;4.35792203
14278;3570;2;0.938498332;2;3.044049542
14279;3570;2;0.938498332;3;3.148316878
14280;3570;2;0.938498332;4;5.966203517
14281;3571;4;0.966542484;1;3.797209987
14282;3571;4;0.966542484;2;7.46165143
14283;3571;4;0.966542484;3;6.418073919
14284;3571;4;0.966542484;4;7.371018203
14285;3572;0;0;1;2.137520582
14286;3572;0;0;2;4.279237713
14287;3572;0;0;3;4.563733409
14288;3572;0;0;4;4.252751217
14289;3573;2;0.098247289;1;3.279829077
14290;3573;2;0.098247289;2;6.50899103
14291;3573;2;0.098247289;3;6.11277113
14292;3573;2;0.098247289;4;7.10228186
14293;3574;4;0.551246683;1;6.9174148
14294;3574;4;0.551246683;2;7.090593084
14295;3574;4;0.551246683;3;9.038160394
14296;3574;4;0.551246683;4;9.379101193
14297;3575;0;0;1;1.618719685
14298;3575;0;0;2;3.223369212
14299;3575;0;0;3;3.425126121
14300;3575;0;0;4;5.020297778
14301;3576;2;0.374778531;1;1.14448505
14302;3576;2;0.374778531;2;2.8113111
14303;3576;2;0.374778531;3;4.851724167
14304;3576;2;0.374778531;4;4.692130377
14305;3577;4;0.84516;1;5.532938879
14306;3577;4;0.84516;2;5.955588723
14307;3577;4;0.84516;3;6.83577551
14308;3577;4;0.84516;4;9.165482311
14309;3578;4;0.696884333;1;3.952239686
14310;3578;4;0.696884333;2;5.334691601
14311;3578;4;0.696884333;3;5.765258635
14312;3578;4;0.696884333;4;10.14035638
14313;3579;4;0.171042903;1;6.326595091
14314;3579;4;0.171042903;2;7.917425098
14315;3579;4;0.171042903;3;8.766122134
14316;3579;4;0.171042903;4;7.559659064
14317;3580;0;0;1;-1.468820127
14318;3580;0;0;2;-1.966011425
14319;3580;0;0;3;2.620629877
14320;3580;0;0;4;1.341908246
14321;3581;3;0.168340198;1;5.552436232
14322;3581;3;0.168340198;2;6.440536009
14323;3581;3;0.168340198;3;6.044464538
14324;3581;3;0.168340198;4;10.584428
14325;3582;3;0.842564394;1;5.241463927
14326;3582;3;0.842564394;2;6.455862687
14327;3582;3;0.842564394;3;7.429146753
14328;3582;3;0.842564394;4;8.292027258
14329;3583;2;0.723576641;1;3.534711821
14330;3583;2;0.723576641;2;3.650535752
14331;3583;2;0.723576641;3;4.758554203
14332;3583;2;0.723576641;4;5.520380629
14333;3584;3;0.549349475;1;4.220373486
14334;3584;3;0.549349475;2;5.519489745
14335;3584;3;0.549349475;3;6.451899119
14336;3584;3;0.549349475;4;9.459581068
14337;3585;0;0;1;2.079961578
14338;3585;0;0;2;2.425855545
14339;3585;0;0;3;4.393352949
14340;3585;0;0;4;5.19375094
14341;3586;3;0.903884041;1;1.324896402
14342;3586;3;0.903884041;2;2.470700998
14343;3586;3;0.903884041;3;6.660947178
14344;3586;3;0.903884041;4;6.017243124
14345;3587;3;0.267176639;1;5.531069128
14346;3587;3;0.267176639;2;6.751398187
14347;3587;3;0.267176639;3;7.348738933
14348;3587;3;0.267176639;4;7.69711684
14349;3588;2;0.516017163;1;3.360272915
14350;3588;2;0.516017163;2;4.6462981
14351;3588;2;0.516017163;3;5.314174493
14352;3588;2;0.516017163;4;4.011464288
14353;3589;4;0.781321443;1;3.530390579
14354;3589;4;0.781321443;2;5.189080014
14355;3589;4;0.781321443;3;4.954364074
14356;3589;4;0.781321443;4;6.200236746
14357;3590;3;0.492145003;1;5.065397113
14358;3590;3;0.492145003;2;4.868556421
14359;3590;3;0.492145003;3;7.290967072
14360;3590;3;0.492145003;4;6.114847276
14361;3591;0;0;1;-0.022446428
14362;3591;0;0;2;0.752792576
14363;3591;0;0;3;2.375782806
14364;3591;0;0;4;2.41434113
14365;3592;0;0;1;4.191576813
14366;3592;0;0;2;3.414989606
14367;3592;0;0;3;4.85744757
14368;3592;0;0;4;6.489827431
14369;3593;2;0.530858792;1;2.807231191
14370;3593;2;0.530858792;2;4.783589675
14371;3593;2;0.530858792;3;5.495461363
14372;3593;2;0.530858792;4;6.457122331
14373;3594;3;0.835064848;1;5.389673943
14374;3594;3;0.835064848;2;5.386416375
14375;3594;3;0.835064848;3;9.52405547
14376;3594;3;0.835064848;4;8.139918652
14377;3595;0;0;1;2.627934345
14378;3595;0;0;2;2.301766684
14379;3595;0;0;3;3.28266813
14380;3595;0;0;4;2.092608605
14381;3596;3;0.107213578;1;5.405662664
14382;3596;3;0.107213578;2;8.092068633
14383;3596;3;0.107213578;3;7.0367726
14384;3596;3;0.107213578;4;9.863062698
14385;3597;3;0.35573858;1;5.72186873
14386;3597;3;0.35573858;2;5.956908251
14387;3597;3;0.35573858;3;7.753273017
14388;3597;3;0.35573858;4;9.185242634
14389;3598;0;0;1;-0.245454854
14390;3598;0;0;2;0.467433811
14391;3598;0;0;3;0.643229162
14392;3598;0;0;4;3.825239949
14393;3599;3;0.789263314;1;5.605477219
14394;3599;3;0.789263314;2;5.435723884
14395;3599;3;0.789263314;3;8.24039952
14396;3599;3;0.789263314;4;7.25165492
14397;3600;3;0.459471484;1;3.303964215
14398;3600;3;0.459471484;2;3.664376151
14399;3600;3;0.459471484;3;4.944206489
14400;3600;3;0.459471484;4;7.114525154
14401;3601;3;0.942807502;1;5.342103684
14402;3601;3;0.942807502;2;5.115996811
14403;3601;3;0.942807502;3;8.56277909
14404;3601;3;0.942807502;4;8.073995229
14405;3602;4;0.319669151;1;2.948273971
14406;3602;4;0.319669151;2;5.155593782
14407;3602;4;0.319669151;3;5.591339543
14408;3602;4;0.319669151;4;7.507214633
14409;3603;3;0.805534828;1;5.579958846
14410;3603;3;0.805534828;2;4.558693767
14411;3603;3;0.805534828;3;7.541219835
14412;3603;3;0.805534828;4;6.745279976
14413;3604;4;0.372427292;1;6.724917938
14414;3604;4;0.372427292;2;6.636609572
14415;3604;4;0.372427292;3;8.849191997
14416;3604;4;0.372427292;4;9.185254296
14417;3605;2;0.31337993;1;1.535945968
14418;3605;2;0.31337993;2;3.617112164
14419;3605;2;0.31337993;3;1.520782132
14420;3605;2;0.31337993;4;4.033200073
14421;3606;3;0.170534724;1;2.117693126
14422;3606;3;0.170534724;2;4.238582339
14423;3606;3;0.170534724;3;5.05538513
14424;3606;3;0.170534724;4;6.555298069
14425;3607;4;0.904316171;1;5.51303658
14426;3607;4;0.904316171;2;6.670746652
14427;3607;4;0.904316171;3;9.689140367
14428;3607;4;0.904316171;4;8.762147051
14429;3608;4;0.085543217;1;5.888000511
14430;3608;4;0.085543217;2;5.819061298
14431;3608;4;0.085543217;3;8.222768048
14432;3608;4;0.085543217;4;8.654986872
14433;3609;4;0.517942229;1;1.9699434
14434;3609;4;0.517942229;2;5.922134344
14435;3609;4;0.517942229;3;7.168825602
14436;3609;4;0.517942229;4;7.353657183
14437;3610;0;0;1;0.576471517
14438;3610;0;0;2;2.342856755
14439;3610;0;0;3;3.756263299
14440;3610;0;0;4;2.950589247
14441;3611;3;0.58900763;1;2.456450356
14442;3611;3;0.58900763;2;3.759874815
14443;3611;3;0.58900763;3;5.668076996
14444;3611;3;0.58900763;4;6.562747321
14445;3612;3;0.629657249;1;4.099588362
14446;3612;3;0.629657249;2;4.051013414
14447;3612;3;0.629657249;3;5.061540081
14448;3612;3;0.629657249;4;5.273502087
14449;3613;2;0.151956182;1;3.631229027
14450;3613;2;0.151956182;2;4.206804912
14451;3613;2;0.151956182;3;1.984226741
14452;3613;2;0.151956182;4;5.007165495
14453;3614;0;0;1;-0.231302847
14454;3614;0;0;2;1.543942211
14455;3614;0;0;3;1.930899174
14456;3614;0;0;4;3.51554888
14457;3615;3;0.715938697;1;2.301776026
14458;3615;3;0.715938697;2;2.357345269
14459;3615;3;0.715938697;3;5.730106916
14460;3615;3;0.715938697;4;6.106629241
14461;3616;2;0.354417922;1;3.726898145
14462;3616;2;0.354417922;2;1.224465756
14463;3616;2;0.354417922;3;5.153630609
14464;3616;2;0.354417922;4;4.412021403
14465;3617;4;0.460772461;1;5.102109135
14466;3617;4;0.460772461;2;3.294291092
14467;3617;4;0.460772461;3;5.88856641
14468;3617;4;0.460772461;4;8.686257058
14469;3618;2;0.159929985;1;3.91245922
14470;3618;2;0.159929985;2;4.908079196
14471;3618;2;0.159929985;3;5.128050925
14472;3618;2;0.159929985;4;5.452872247
14473;3619;2;0.006725729;1;3.636976582
14474;3619;2;0.006725729;2;6.042512208
14475;3619;2;0.006725729;3;5.183512875
14476;3619;2;0.006725729;4;7.337053656
14477;3620;3;0.532809298;1;2.170655778
14478;3620;3;0.532809298;2;4.072486206
14479;3620;3;0.532809298;3;7.732672569
14480;3620;3;0.532809298;4;6.435331589
14481;3621;3;0.715116499;1;2.395170539
14482;3621;3;0.715116499;2;3.204219104
14483;3621;3;0.715116499;3;6.743683343
14484;3621;3;0.715116499;4;6.801365368
14485;3622;2;0.419887295;1;3.639204943
14486;3622;2;0.419887295;2;4.524029866
14487;3622;2;0.419887295;3;5.332812002
14488;3622;2;0.419887295;4;5.091633889
14489;3623;2;0.896015684;1;3.570202724
14490;3623;2;0.896015684;2;4.240874379
14491;3623;2;0.896015684;3;5.202761441
14492;3623;2;0.896015684;4;6.643074882
14493;3624;2;0.863320176;1;0.955321251
14494;3624;2;0.863320176;2;3.764546798
14495;3624;2;0.863320176;3;5.973007572
14496;3624;2;0.863320176;4;5.39996726
14497;3625;4;0.450047005;1;3.726972823
14498;3625;4;0.450047005;2;3.360622707
14499;3625;4;0.450047005;3;6.132964873
14500;3625;4;0.450047005;4;7.873341837
14501;3626;0;0;1;1.147683224
14502;3626;0;0;2;0.302104556
14503;3626;0;0;3;1.490446606
14504;3626;0;0;4;3.398021464
14505;3627;3;0.762231601;1;1.754498008
14506;3627;3;0.762231601;2;4.403290467
14507;3627;3;0.762231601;3;6.170367322
14508;3627;3;0.762231601;4;6.002335472
14509;3628;4;0.59518511;1;2.528051649
14510;3628;4;0.59518511;2;4.749237748
14511;3628;4;0.59518511;3;4.292238619
14512;3628;4;0.59518511;4;7.061123128
14513;3629;0;0;1;1.022360304
14514;3629;0;0;2;2.467635497
14515;3629;0;0;3;5.086602326
14516;3629;0;0;4;6.249668444
14517;3630;3;0.922933673;1;5.052831975
14518;3630;3;0.922933673;2;6.102016413
14519;3630;3;0.922933673;3;8.239096876
14520;3630;3;0.922933673;4;7.571129032
14521;3631;0;0;1;0.939340498
14522;3631;0;0;2;-0.363716089
14523;3631;0;0;3;0.933916442
14524;3631;0;0;4;3.475646904
14525;3632;3;0.298342838;1;2.556250232
14526;3632;3;0.298342838;2;4.484070423
14527;3632;3;0.298342838;3;4.658357097
14528;3632;3;0.298342838;4;6.538124632
14529;3633;3;0.172679822;1;3.59812926
14530;3633;3;0.172679822;2;5.710919049
14531;3633;3;0.172679822;3;6.531588291
14532;3633;3;0.172679822;4;8.338056623
14533;3634;3;0.944322519;1;6.676622039
14534;3634;3;0.944322519;2;6.07905946
14535;3634;3;0.944322519;3;7.697070963
14536;3634;3;0.944322519;4;7.716534644
14537;3635;4;0.570434821;1;5.632605395
14538;3635;4;0.570434821;2;5.40957714
14539;3635;4;0.570434821;3;5.343781733
14540;3635;4;0.570434821;4;5.500601806
14541;3636;2;0.27048121;1;2.543418236
14542;3636;2;0.27048121;2;4.178445822
14543;3636;2;0.27048121;3;4.493163
14544;3636;2;0.27048121;4;3.057153596
14545;3637;2;0.128622112;1;3.840725507
14546;3637;2;0.128622112;2;3.324842494
14547;3637;2;0.128622112;3;4.877077566
14548;3637;2;0.128622112;4;4.649158718
14549;3638;4;0.273358501;1;6.920512464
14550;3638;4;0.273358501;2;6.908531012
14551;3638;4;0.273358501;3;7.855298027
14552;3638;4;0.273358501;4;9.339914677
14553;3639;4;0.689830611;1;5.45211208
14554;3639;4;0.689830611;2;6.752597904
14555;3639;4;0.689830611;3;6.456727324
14556;3639;4;0.689830611;4;9.490857974
14557;3640;0;0;1;-0.722852052
14558;3640;0;0;2;1.798840548
14559;3640;0;0;3;2.567321023
14560;3640;0;0;4;3.785253189
14561;3641;4;0.624605439;1;6.917008484
14562;3641;4;0.624605439;2;5.508793342
14563;3641;4;0.624605439;3;7.944643197
14564;3641;4;0.624605439;4;9.9585283
14565;3642;4;0.507945626;1;3.458895773
14566;3642;4;0.507945626;2;3.852500109
14567;3642;4;0.507945626;3;5.46232023
14568;3642;4;0.507945626;4;5.868751206
14569;3643;2;0.832963325;1;3.088499651
14570;3643;2;0.832963325;2;3.878691155
14571;3643;2;0.832963325;3;4.383503202
14572;3643;2;0.832963325;4;4.461723119
14573;3644;0;0;1;0.049924892
14574;3644;0;0;2;3.039402085
14575;3644;0;0;3;-0.022025641
14576;3644;0;0;4;4.589323003
14577;3645;2;0.106642843;1;3.767341913
14578;3645;2;0.106642843;2;4.261026542
14579;3645;2;0.106642843;3;4.713828046
14580;3645;2;0.106642843;4;5.63121149
14581;3646;2;0.616247944;1;3.779806721
14582;3646;2;0.616247944;2;3.599086946
14583;3646;2;0.616247944;3;6.604684085
14584;3646;2;0.616247944;4;6.568247547
14585;3647;4;0.878138537;1;2.078475512
14586;3647;4;0.878138537;2;5.204109133
14587;3647;4;0.878138537;3;7.262888217
14588;3647;4;0.878138537;4;8.949530018
14589;3648;3;0.19679223;1;3.343424155
14590;3648;3;0.19679223;2;5.475896596
14591;3648;3;0.19679223;3;5.775764033
14592;3648;3;0.19679223;4;7.03699663
14593;3649;2;0.328325942;1;3.73009859
14594;3649;2;0.328325942;2;4.15292781
14595;3649;2;0.328325942;3;4.687256245
14596;3649;2;0.328325942;4;6.591760936
14597;3650;3;0.802587211;1;2.122995362
14598;3650;3;0.802587211;2;3.060775043
14599;3650;3;0.802587211;3;5.431731377
14600;3650;3;0.802587211;4;2.665192139
14601;3651;3;0.02868989;1;2.837129508
14602;3651;3;0.02868989;2;7.726738953
14603;3651;3;0.02868989;3;5.830633892
14604;3651;3;0.02868989;4;7.987091522
14605;3652;0;0;1;4.454530885
14606;3652;0;0;2;1.805294323
14607;3652;0;0;3;3.876053225
14608;3652;0;0;4;5.040870429
14609;3653;0;0;1;0.212858091
14610;3653;0;0;2;0.042839728
14611;3653;0;0;3;2.778868655
14612;3653;0;0;4;2.690127559
14613;3654;4;0.894828021;1;6.149520182
14614;3654;4;0.894828021;2;7.584714674
14615;3654;4;0.894828021;3;6.060348991
14616;3654;4;0.894828021;4;10.197607
14617;3655;2;0.71656584;1;2.94029151
14618;3655;2;0.71656584;2;3.860374489
14619;3655;2;0.71656584;3;5.195683297
14620;3655;2;0.71656584;4;6.407869882
14621;3656;4;0.016849955;1;3.292141576
14622;3656;4;0.016849955;2;4.839883287
14623;3656;4;0.016849955;3;4.030766233
14624;3656;4;0.016849955;4;7.006819574
14625;3657;4;0.905659286;1;4.925407995
14626;3657;4;0.905659286;2;4.581967359
14627;3657;4;0.905659286;3;4.341749129
14628;3657;4;0.905659286;4;4.159890466
14629;3658;0;0;1;-1.270038943
14630;3658;0;0;2;0.642743631
14631;3658;0;0;3;2.307151652
14632;3658;0;0;4;2.885039009
14633;3659;0;0;1;-2.438559586
14634;3659;0;0;2;-2.543288922
14635;3659;0;0;3;-2.715056023
14636;3659;0;0;4;0.738959434
14637;3660;2;0.200211414;1;3.412645224
14638;3660;2;0.200211414;2;3.892496032
14639;3660;2;0.200211414;3;4.651635104
14640;3660;2;0.200211414;4;6.386624078
14641;3661;4;0.733257749;1;4.360938127
14642;3661;4;0.733257749;2;4.212271616
14643;3661;4;0.733257749;3;6.265736611
14644;3661;4;0.733257749;4;6.460255664
14645;3662;2;0.982795274;1;2.548799262
14646;3662;2;0.982795274;2;3.640353179
14647;3662;2;0.982795274;3;5.686229265
14648;3662;2;0.982795274;4;4.992454983
14649;3663;0;0;1;2.631227264
14650;3663;0;0;2;6.516332972
14651;3663;0;0;3;5.506485636
14652;3663;0;0;4;6.055439507
14653;3664;4;0.7157813;1;4.384540745
14654;3664;4;0.7157813;2;5.851684569
14655;3664;4;0.7157813;3;6.342160979
14656;3664;4;0.7157813;4;8.091946924
14657;3665;2;0.495089649;1;1.660339093
14658;3665;2;0.495089649;2;3.47729969
14659;3665;2;0.495089649;3;2.9445199
14660;3665;2;0.495089649;4;4.603190143
14661;3666;3;0.394442039;1;6.840427162
14662;3666;3;0.394442039;2;7.831434436
14663;3666;3;0.394442039;3;9.65909091
14664;3666;3;0.394442039;4;11.75033021
14665;3667;4;0.986594816;1;4.567215459
14666;3667;4;0.986594816;2;5.110079218
14667;3667;4;0.986594816;3;9.05577475
14668;3667;4;0.986594816;4;8.488861437
14669;3668;4;0.165784366;1;6.880493916
14670;3668;4;0.165784366;2;7.483503676
14671;3668;4;0.165784366;3;5.566455858
14672;3668;4;0.165784366;4;7.831320692
14673;3669;4;0.466900692;1;3.994970952
14674;3669;4;0.466900692;2;2.03332958
14675;3669;4;0.466900692;3;3.708824163
14676;3669;4;0.466900692;4;6.631424705
14677;3670;3;0.955508978;1;3.800659778
14678;3670;3;0.955508978;2;5.902621399
14679;3670;3;0.955508978;3;7.425880794
14680;3670;3;0.955508978;4;7.510519975
14681;3671;0;0;1;1.559025609
14682;3671;0;0;2;1.099378076
14683;3671;0;0;3;4.636438555
14684;3671;0;0;4;4.231559288
14685;3672;0;0;1;1.199985589
14686;3672;0;0;2;1.527087415
14687;3672;0;0;3;2.814298063
14688;3672;0;0;4;4.771296897
14689;3673;0;0;1;0.920636231
14690;3673;0;0;2;3.539102296
14691;3673;0;0;3;2.358170085
14692;3673;0;0;4;4.588587398
14693;3674;3;0.161997774;1;4.226968751
14694;3674;3;0.161997774;2;5.615096313
14695;3674;3;0.161997774;3;4.75498502
14696;3674;3;0.161997774;4;6.137385326
14697;3675;4;0.507078157;1;3.618395909
14698;3675;4;0.507078157;2;6.610322466
14699;3675;4;0.507078157;3;8.15170988
14700;3675;4;0.507078157;4;7.905239812
14701;3676;3;0.490453279;1;4.696156043
14702;3676;3;0.490453279;2;5.540149372
14703;3676;3;0.490453279;3;5.510148952
14704;3676;3;0.490453279;4;8.986255687
14705;3677;0;0;1;-0.257572595
14706;3677;0;0;2;1.648698561
14707;3677;0;0;3;1.975373991
14708;3677;0;0;4;3.528798409
14709;3678;4;0.38704287;1;2.365215195
14710;3678;4;0.38704287;2;3.43880287
14711;3678;4;0.38704287;3;4.612065051
14712;3678;4;0.38704287;4;4.540884595
14713;3679;3;0.174842421;1;3.416758697
14714;3679;3;0.174842421;2;3.642358149
14715;3679;3;0.174842421;3;6.688311996
14716;3679;3;0.174842421;4;5.184494093
14717;3680;2;0.388667269;1;4.125103788
14718;3680;2;0.388667269;2;3.360182038
14719;3680;2;0.388667269;3;5.248327674
14720;3680;2;0.388667269;4;4.788878826
14721;3681;3;0.210155792;1;4.41452002
14722;3681;3;0.210155792;2;4.677199247
14723;3681;3;0.210155792;3;3.220173991
14724;3681;3;0.210155792;4;5.838842334
14725;3682;2;0.346295295;1;0.962523521
14726;3682;2;0.346295295;2;3.935954659
14727;3682;2;0.346295295;3;2.581061473
14728;3682;2;0.346295295;4;4.453048507
14729;3683;3;0.863188564;1;0.795912913
14730;3683;3;0.863188564;2;3.010282321
14731;3683;3;0.863188564;3;2.420827251
14732;3683;3;0.863188564;4;3.84851646
14733;3684;3;0.067348673;1;5.49317132
14734;3684;3;0.067348673;2;7.632259438
14735;3684;3;0.067348673;3;8.450708608
14736;3684;3;0.067348673;4;8.300160522
14737;3685;2;0.689216282;1;4.617177384
14738;3685;2;0.689216282;2;5.169682181
14739;3685;2;0.689216282;3;6.159685198
14740;3685;2;0.689216282;4;5.103566733
14741;3686;0;0;1;-0.397044805
14742;3686;0;0;2;1.290025347
14743;3686;0;0;3;-0.205171277
14744;3686;0;0;4;3.895218279
14745;3687;4;0.243357909;1;4.213014026
14746;3687;4;0.243357909;2;6.377160544
14747;3687;4;0.243357909;3;7.526118074
14748;3687;4;0.243357909;4;5.191750043
14749;3688;3;0.047066548;1;1.213691042
14750;3688;3;0.047066548;2;3.474544939
14751;3688;3;0.047066548;3;4.819985732
14752;3688;3;0.047066548;4;6.592730036
14753;3689;3;0.555957467;1;4.905939794
14754;3689;3;0.555957467;2;6.410588963
14755;3689;3;0.555957467;3;5.55691638
14756;3689;3;0.555957467;4;7.362767338
14757;3690;2;0.355974752;1;3.664825003
14758;3690;2;0.355974752;2;3.157980897
14759;3690;2;0.355974752;3;6.159990984
14760;3690;2;0.355974752;4;7.165758638
14761;3691;0;0;1;2.964002388
14762;3691;0;0;2;0.175833152
14763;3691;0;0;3;3.197340892
14764;3691;0;0;4;2.284436512
14765;3692;2;0.906684997;1;4.11015288
14766;3692;2;0.906684997;2;2.20197477
14767;3692;2;0.906684997;3;4.942422656
14768;3692;2;0.906684997;4;4.379478616
14769;3693;3;0.365735915;1;3.159588819
14770;3693;3;0.365735915;2;5.370748289
14771;3693;3;0.365735915;3;7.11452743
14772;3693;3;0.365735915;4;8.635803467
14773;3694;3;0.04115825;1;5.0636838
14774;3694;3;0.04115825;2;4.957793984
14775;3694;3;0.04115825;3;5.530524322
14776;3694;3;0.04115825;4;6.782058985
14777;3695;2;0.401060413;1;4.437027168
14778;3695;2;0.401060413;2;6.892731046
14779;3695;2;0.401060413;3;6.326620234
14780;3695;2;0.401060413;4;8.150618084
14781;3696;2;0.130486724;1;2.11620097
14782;3696;2;0.130486724;2;2.005794335
14783;3696;2;0.130486724;3;3.843101778
14784;3696;2;0.130486724;4;4.802007613
14785;3697;3;0.338729969;1;3.836911474
14786;3697;3;0.338729969;2;1.601759266
14787;3697;3;0.338729969;3;5.633916866
14788;3697;3;0.338729969;4;5.902309921
14789;3698;0;0;1;0.650267799
14790;3698;0;0;2;1.031384417
14791;3698;0;0;3;1.547761381
14792;3698;0;0;4;5.228362442
14793;3699;0;0;1;1.692765684
14794;3699;0;0;2;2.036434086
14795;3699;0;0;3;2.109114345
14796;3699;0;0;4;5.445927661
14797;3700;4;0.613808038;1;6.044670995
14798;3700;4;0.613808038;2;8.251978132
14799;3700;4;0.613808038;3;8.572545211
14800;3700;4;0.613808038;4;10.07734427
14801;3701;4;0.083237838;1;6.711068671
14802;3701;4;0.083237838;2;6.654454379
14803;3701;4;0.083237838;3;10.00966702
14804;3701;4;0.083237838;4;9.350302472
14805;3702;4;0.617727855;1;5.46530519
14806;3702;4;0.617727855;2;5.069343001
14807;3702;4;0.617727855;3;6.077893383
14808;3702;4;0.617727855;4;5.911612329
14809;3703;4;0.593597255;1;2.317963892
14810;3703;4;0.593597255;2;8.457480495
14811;3703;4;0.593597255;3;8.488687158
14812;3703;4;0.593597255;4;8.606670216
14813;3704;2;0.157651762;1;2.324014137
14814;3704;2;0.157651762;2;3.191440397
14815;3704;2;0.157651762;3;6.888546844
14816;3704;2;0.157651762;4;6.368970708
14817;3705;0;0;1;0.762847164
14818;3705;0;0;2;5.148882088
14819;3705;0;0;3;3.169159604
14820;3705;0;0;4;3.136559973
14821;3706;3;0.483020777;1;4.182872316
14822;3706;3;0.483020777;2;5.099023127
14823;3706;3;0.483020777;3;5.961910446
14824;3706;3;0.483020777;4;6.613042107
14825;3707;0;0;1;2.478627448
14826;3707;0;0;2;0.828717031
14827;3707;0;0;3;3.580152358
14828;3707;0;0;4;3.905755086
14829;3708;2;0.231787467;1;0.990629381
14830;3708;2;0.231787467;2;3.465251314
14831;3708;2;0.231787467;3;5.088159641
14832;3708;2;0.231787467;4;5.961972961
14833;3709;0;0;1;-0.106495518
14834;3709;0;0;2;1.511069213
14835;3709;0;0;3;1.517871075
14836;3709;0;0;4;4.33086746
14837;3710;3;0.859193518;1;4.047063632
14838;3710;3;0.859193518;2;5.20299918
14839;3710;3;0.859193518;3;3.796556372
14840;3710;3;0.859193518;4;6.186593648
14841;3711;3;0.125518303;1;4.659222643
14842;3711;3;0.125518303;2;4.990812204
14843;3711;3;0.125518303;3;5.564999566
14844;3711;3;0.125518303;4;6.966936109
14845;3712;0;0;1;-0.31610045
14846;3712;0;0;2;1.867964514
14847;3712;0;0;3;3.741728756
14848;3712;0;0;4;2.200507531
14849;3713;3;0.899480214;1;5.027665701
14850;3713;3;0.899480214;2;4.645295848
14851;3713;3;0.899480214;3;6.854252532
14852;3713;3;0.899480214;4;9.442943858
14853;3714;3;0.812930768;1;5.014849703
14854;3714;3;0.812930768;2;4.937479279
14855;3714;3;0.812930768;3;5.703641406
14856;3714;3;0.812930768;4;6.642726357
14857;3715;3;0.687665439;1;5.60498506
14858;3715;3;0.687665439;2;5.228727491
14859;3715;3;0.687665439;3;5.782949879
14860;3715;3;0.687665439;4;5.719916871
14861;3716;3;0.578222278;1;4.663034158
14862;3716;3;0.578222278;2;5.0768659
14863;3716;3;0.578222278;3;5.919237227
14864;3716;3;0.578222278;4;5.51517704
14865;3717;3;0.188994147;1;6.57580963
14866;3717;3;0.188994147;2;6.15449078
14867;3717;3;0.188994147;3;10.89992222
14868;3717;3;0.188994147;4;8.046343091
14869;3718;2;0.679970308;1;2.117484263
14870;3718;2;0.679970308;2;2.494899603
14871;3718;2;0.679970308;3;2.750968306
14872;3718;2;0.679970308;4;6.015720306
14873;3719;4;0.776684603;1;5.132592253
14874;3719;4;0.776684603;2;6.757781915
14875;3719;4;0.776684603;3;6.869935492
14876;3719;4;0.776684603;4;7.898035559
14877;3720;3;0.030107285;1;4.728341114
14878;3720;3;0.030107285;2;6.052953948
14879;3720;3;0.030107285;3;7.281384758
14880;3720;3;0.030107285;4;8.029923728
14881;3721;3;0.274465973;1;3.15504197
14882;3721;3;0.274465973;2;5.633979836
14883;3721;3;0.274465973;3;4.631807964
14884;3721;3;0.274465973;4;6.140304242
14885;3722;4;0.450865763;1;6.695470788
14886;3722;4;0.450865763;2;9.215492163
14887;3722;4;0.450865763;3;7.209817411
14888;3722;4;0.450865763;4;9.564803446
14889;3723;2;0.898450097;1;1.476688914
14890;3723;2;0.898450097;2;2.861164832
14891;3723;2;0.898450097;3;6.019023767
14892;3723;2;0.898450097;4;4.407852337
14893;3724;3;0.376773463;1;6.827005122
14894;3724;3;0.376773463;2;4.444761377
14895;3724;3;0.376773463;3;8.592504113
14896;3724;3;0.376773463;4;10.76984787
14897;3725;3;0.920363693;1;4.76235089
14898;3725;3;0.920363693;2;8.634629554
14899;3725;3;0.920363693;3;7.524303823
14900;3725;3;0.920363693;4;8.263832609
14901;3726;0;0;1;-0.946973859
14902;3726;0;0;2;1.832738469
14903;3726;0;0;3;0.904531551
14904;3726;0;0;4;2.953427906
14905;3727;0;0;1;1.036050151
14906;3727;0;0;2;3.258661819
14907;3727;0;0;3;2.048250903
14908;3727;0;0;4;5.995465761
14909;3728;2;0.760868694;1;-0.245752825
14910;3728;2;0.760868694;2;2.007303829
14911;3728;2;0.760868694;3;2.077413959
14912;3728;2;0.760868694;4;5.506873613
14913;3729;0;0;1;3.864463178
14914;3729;0;0;2;5.201292156
14915;3729;0;0;3;3.538800893
14916;3729;0;0;4;4.304804492
14917;3730;2;0.062513134;1;2.149408863
14918;3730;2;0.062513134;2;3.544873601
14919;3730;2;0.062513134;3;4.199147512
14920;3730;2;0.062513134;4;6.262890046
14921;3731;3;0.859105897;1;2.912294783
14922;3731;3;0.859105897;2;5.609005413
14923;3731;3;0.859105897;3;5.199251521
14924;3731;3;0.859105897;4;5.701973653
14925;3732;3;0.553091815;1;4.464504824
14926;3732;3;0.553091815;2;6.69683951
14927;3732;3;0.553091815;3;7.240968641
14928;3732;3;0.553091815;4;6.282596235
14929;3733;0;0;1;1.469662601
14930;3733;0;0;2;3.132906478
14931;3733;0;0;3;4.106313597
14932;3733;0;0;4;3.609278318
14933;3734;3;0.232323751;1;3.246226193
14934;3734;3;0.232323751;2;5.443298856
14935;3734;3;0.232323751;3;6.033954419
14936;3734;3;0.232323751;4;6.714885349
14937;3735;3;0.034458474;1;6.488092857
14938;3735;3;0.034458474;2;6.138997435
14939;3735;3;0.034458474;3;6.776780893
14940;3735;3;0.034458474;4;7.593750127
14941;3736;0;0;1;-0.103921634
14942;3736;0;0;2;1.359253023
14943;3736;0;0;3;0.331211313
14944;3736;0;0;4;2.965760706
14945;3737;3;0.231455137;1;4.340504833
14946;3737;3;0.231455137;2;6.701339732
14947;3737;3;0.231455137;3;7.299614529
14948;3737;3;0.231455137;4;9.535659522
14949;3738;2;0.092521915;1;2.310193259
14950;3738;2;0.092521915;2;4.847887502
14951;3738;2;0.092521915;3;5.45831951
14952;3738;2;0.092521915;4;4.785923088
14953;3739;3;0.853370037;1;4.355080745
14954;3739;3;0.853370037;2;5.954389876
14955;3739;3;0.853370037;3;7.718543231
14956;3739;3;0.853370037;4;9.267841895
14957;3740;2;0.150577752;1;3.371541935
14958;3740;2;0.150577752;2;7.889632412
14959;3740;2;0.150577752;3;4.57945036
14960;3740;2;0.150577752;4;10.29300709
14961;3741;2;0.201302728;1;3.512438971
14962;3741;2;0.201302728;2;4.387941578
14963;3741;2;0.201302728;3;5.207739645
14964;3741;2;0.201302728;4;5.645588984
14965;3742;3;0.744554532;1;4.632463783
14966;3742;3;0.744554532;2;3.6230816
14967;3742;3;0.744554532;3;3.13788318
14968;3742;3;0.744554532;4;8.232838491
14969;3743;0;0;1;0.238203329
14970;3743;0;0;2;1.85017455
14971;3743;0;0;3;-0.409075864
14972;3743;0;0;4;4.20595777
14973;3744;4;0.122443204;1;4.666615551
14974;3744;4;0.122443204;2;4.082749502
14975;3744;4;0.122443204;3;7.015587512
14976;3744;4;0.122443204;4;4.992193799
14977;3745;0;0;1;2.183380308
14978;3745;0;0;2;2.551456131
14979;3745;0;0;3;4.383472192
14980;3745;0;0;4;3.447701246
14981;3746;2;0.005703137;1;2.473841247
14982;3746;2;0.005703137;2;6.097836528
14983;3746;2;0.005703137;3;5.436804668
14984;3746;2;0.005703137;4;5.910676858
14985;3747;2;0.228992188;1;3.524796434
14986;3747;2;0.228992188;2;3.274987173
14987;3747;2;0.228992188;3;4.046310463
14988;3747;2;0.228992188;4;5.282352407
14989;3748;2;0.194651977;1;3.32231486
14990;3748;2;0.194651977;2;4.832071493
14991;3748;2;0.194651977;3;6.200850573
14992;3748;2;0.194651977;4;6.704867288
14993;3749;3;0.759062241;1;4.422216202
14994;3749;3;0.759062241;2;5.415859742
14995;3749;3;0.759062241;3;6.828558667
14996;3749;3;0.759062241;4;7.419569057
14997;3750;4;0.575336818;1;6.015843677
14998;3750;4;0.575336818;2;5.492718702
14999;3750;4;0.575336818;3;10.23895337
15000;3750;4;0.575336818;4;7.031005531
15001;3751;0;0;1;1.244505755
15002;3751;0;0;2;3.753984827
15003;3751;0;0;3;3.539918445
15004;3751;0;0;4;5.002721011
15005;3752;3;0.100409904;1;1.649376029
15006;3752;3;0.100409904;2;5.19872072
15007;3752;3;0.100409904;3;5.031470497
15008;3752;3;0.100409904;4;7.18713941
15009;3753;4;0.649089533;1;4.813208545
15010;3753;4;0.649089533;2;4.154906468
15011;3753;4;0.649089533;3;7.421611259
15012;3753;4;0.649089533;4;7.101152269
15013;3754;4;0.357538595;1;3.505071481
15014;3754;4;0.357538595;2;5.695137188
15015;3754;4;0.357538595;3;4.280161151
15016;3754;4;0.357538595;4;5.830750508
15017;3755;4;0.840068388;1;5.389893762
15018;3755;4;0.840068388;2;4.222161841
15019;3755;4;0.840068388;3;7.888107147
15020;3755;4;0.840068388;4;9.205835766
15021;3756;0;0;1;3.28346621
15022;3756;0;0;2;0.734624284
15023;3756;0;0;3;3.58386118
15024;3756;0;0;4;5.950441978
15025;3757;0;0;1;2.825483654
15026;3757;0;0;2;2.087707556
15027;3757;0;0;3;3.509171884
15028;3757;0;0;4;3.871534304
15029;3758;2;0.202307703;1;2.82887094
15030;3758;2;0.202307703;2;4.338256177
15031;3758;2;0.202307703;3;4.0274602
15032;3758;2;0.202307703;4;5.909271644
15033;3759;0;0;1;3.564895411
15034;3759;0;0;2;2.210138252
15035;3759;0;0;3;2.528707289
15036;3759;0;0;4;4.400961521
15037;3760;4;0.084355018;1;7.673240348
15038;3760;4;0.084355018;2;7.217201914
15039;3760;4;0.084355018;3;8.541588853
15040;3760;4;0.084355018;4;7.896498814
15041;3761;4;0.995239781;1;5.848548686
15042;3761;4;0.995239781;2;6.621117256
15043;3761;4;0.995239781;3;8.339053432
15044;3761;4;0.995239781;4;8.776606
15045;3762;3;0.039201289;1;4.127541832
15046;3762;3;0.039201289;2;5.851206205
15047;3762;3;0.039201289;3;6.624988132
15048;3762;3;0.039201289;4;5.681592144
15049;3763;4;0.073941322;1;6.335457858
15050;3763;4;0.073941322;2;6.785421122
15051;3763;4;0.073941322;3;8.711201553
15052;3763;4;0.073941322;4;7.916712588
15053;3764;0;0;1;0.738337818
15054;3764;0;0;2;2.713609078
15055;3764;0;0;3;3.705975967
15056;3764;0;0;4;5.49794423
15057;3765;0;0;1;0.723924632
15058;3765;0;0;2;3.532365809
15059;3765;0;0;3;4.167171473
15060;3765;0;0;4;5.055071406
15061;3766;2;0.568505176;1;1.124802619
15062;3766;2;0.568505176;2;5.096672394
15063;3766;2;0.568505176;3;6.450977784
15064;3766;2;0.568505176;4;5.591572029
15065;3767;0;0;1;1.594266352
15066;3767;0;0;2;1.634744833
15067;3767;0;0;3;4.125726945
15068;3767;0;0;4;2.46450084
15069;3768;2;0.955764669;1;2.174924205
15070;3768;2;0.955764669;2;5.223751514
15071;3768;2;0.955764669;3;6.446625292
15072;3768;2;0.955764669;4;5.384825241
15073;3769;4;0.935824761;1;5.651571085
15074;3769;4;0.935824761;2;5.125194371
15075;3769;4;0.935824761;3;5.962418094
15076;3769;4;0.935824761;4;8.51761316
15077;3770;2;0.8857365;1;0.193941608
15078;3770;2;0.8857365;2;2.312428766
15079;3770;2;0.8857365;3;3.697093675
15080;3770;2;0.8857365;4;2.639886735
15081;3771;3;0.483847504;1;3.637679588
15082;3771;3;0.483847504;2;2.325930973
15083;3771;3;0.483847504;3;3.679438347
15084;3771;3;0.483847504;4;4.472324099
15085;3772;4;0.195194263;1;4.805399252
15086;3772;4;0.195194263;2;5.326709246
15087;3772;4;0.195194263;3;7.952465956
15088;3772;4;0.195194263;4;8.794958584
15089;3773;4;0.361964803;1;3.973052885
15090;3773;4;0.361964803;2;7.099872299
15091;3773;4;0.361964803;3;8.145875941
15092;3773;4;0.361964803;4;8.056506818
15093;3774;2;0.679632674;1;2.544163446
15094;3774;2;0.679632674;2;2.412039194
15095;3774;2;0.679632674;3;6.04626435
15096;3774;2;0.679632674;4;5.513052311
15097;3775;4;0.764137522;1;2.771135347
15098;3775;4;0.764137522;2;5.421815409
15099;3775;4;0.764137522;3;5.983330614
15100;3775;4;0.764137522;4;7.888809901
15101;3776;4;0.74513204;1;5.439959167
15102;3776;4;0.74513204;2;7.981447659
15103;3776;4;0.74513204;3;7.958399321
15104;3776;4;0.74513204;4;8.185664852
15105;3777;2;0.980233401;1;5.230471559
15106;3777;2;0.980233401;2;4.098162202
15107;3777;2;0.980233401;3;3.595343249
15108;3777;2;0.980233401;4;6.402329678
15109;3778;2;0.327666578;1;2.199405611
15110;3778;2;0.327666578;2;2.734085739
15111;3778;2;0.327666578;3;5.054174355
15112;3778;2;0.327666578;4;4.747571385
15113;3779;4;0.035527358;1;4.126637107
15114;3779;4;0.035527358;2;3.103654037
15115;3779;4;0.035527358;3;4.943845217
15116;3779;4;0.035527358;4;5.775327188
15117;3780;0;0;1;1.606814151
15118;3780;0;0;2;1.561048868
15119;3780;0;0;3;3.170351529
15120;3780;0;0;4;4.031574755
15121;3781;2;0.002219121;1;2.976488774
15122;3781;2;0.002219121;2;4.088934569
15123;3781;2;0.002219121;3;4.843884782
15124;3781;2;0.002219121;4;4.098532418
15125;3782;4;0.202259894;1;3.502727566
15126;3782;4;0.202259894;2;3.59979672
15127;3782;4;0.202259894;3;6.340063503
15128;3782;4;0.202259894;4;7.132122598
15129;3783;0;0;1;0.797259408
15130;3783;0;0;2;0.572364572
15131;3783;0;0;3;2.193232097
15132;3783;0;0;4;1.516411284
15133;3784;2;0.35948454;1;3.476366552
15134;3784;2;0.35948454;2;4.455611357
15135;3784;2;0.35948454;3;6.483611357
15136;3784;2;0.35948454;4;6.221094001
15137;3785;2;0.009755685;1;3.326389497
15138;3785;2;0.009755685;2;2.42522482
15139;3785;2;0.009755685;3;3.432102501
15140;3785;2;0.009755685;4;2.960605544
15141;3786;0;0;1;3.338686416
15142;3786;0;0;2;4.452637729
15143;3786;0;0;3;4.779047127
15144;3786;0;0;4;4.785769966
15145;3787;4;0.792213902;1;6.02231871
15146;3787;4;0.792213902;2;7.168459307
15147;3787;4;0.792213902;3;7.047549187
15148;3787;4;0.792213902;4;7.442195971
15149;3788;0;0;1;2.036041182
15150;3788;0;0;2;0.855986391
15151;3788;0;0;3;0.658963309
15152;3788;0;0;4;2.668362003
15153;3789;3;0.437389935;1;3.304304183
15154;3789;3;0.437389935;2;6.160866555
15155;3789;3;0.437389935;3;7.373106294
15156;3789;3;0.437389935;4;5.954705998
15157;3790;0;0;1;1.724866672
15158;3790;0;0;2;2.021127176
15159;3790;0;0;3;5.109982422
15160;3790;0;0;4;5.542472338
15161;3791;4;0.10034326;1;4.683597243
15162;3791;4;0.10034326;2;3.637644013
15163;3791;4;0.10034326;3;7.270843529
15164;3791;4;0.10034326;4;8.556975013
15165;3792;4;0.733641251;1;3.817664236
15166;3792;4;0.733641251;2;6.516191163
15167;3792;4;0.733641251;3;6.842221074
15168;3792;4;0.733641251;4;6.554498989
15169;3793;3;0.356346541;1;3.221501034
15170;3793;3;0.356346541;2;3.218262336
15171;3793;3;0.356346541;3;7.562988437
15172;3793;3;0.356346541;4;6.508842532
15173;3794;2;0.632740336;1;-1.558559892
15174;3794;2;0.632740336;2;1.193843875
15175;3794;2;0.632740336;3;0.329131962
15176;3794;2;0.632740336;4;4.425201529
15177;3795;0;0;1;-1.253344512
15178;3795;0;0;2;1.337417977
15179;3795;0;0;3;1.863598041
15180;3795;0;0;4;5.327393856
15181;3796;0;0;1;1.88596073
15182;3796;0;0;2;0.327209577
15183;3796;0;0;3;1.255580732
15184;3796;0;0;4;5.358649766
15185;3797;3;0.316303774;1;4.928190015
15186;3797;3;0.316303774;2;3.666413863
15187;3797;3;0.316303774;3;5.445382845
15188;3797;3;0.316303774;4;7.203008551
15189;3798;4;0.276867138;1;6.385745422
15190;3798;4;0.276867138;2;6.404935244
15191;3798;4;0.276867138;3;8.54674692
15192;3798;4;0.276867138;4;7.849943681
15193;3799;4;0.65138888;1;7.060020135
15194;3799;4;0.65138888;2;7.360048205
15195;3799;4;0.65138888;3;9.409124013
15196;3799;4;0.65138888;4;8.294710371
15197;3800;2;0.812393046;1;2.592119351
15198;3800;2;0.812393046;2;5.906253217
15199;3800;2;0.812393046;3;5.938878446
15200;3800;2;0.812393046;4;5.771993419
15201;3801;0;0;1;0.225581164
15202;3801;0;0;2;4.069598702
15203;3801;0;0;3;2.218348762
15204;3801;0;0;4;2.560473725
15205;3802;4;0.877822625;1;7.844288354
15206;3802;4;0.877822625;2;8.028414687
15207;3802;4;0.877822625;3;9.370388351
15208;3802;4;0.877822625;4;11.76082896
15209;3803;0;0;1;0.125346466
15210;3803;0;0;2;2.907541769
15211;3803;0;0;3;0.779303197
15212;3803;0;0;4;2.033346264
15213;3804;4;0.180662781;1;3.690513146
15214;3804;4;0.180662781;2;3.324474192
15215;3804;4;0.180662781;3;5.130866795
15216;3804;4;0.180662781;4;5.663760231
15217;3805;4;0.987111317;1;7.142449311
15218;3805;4;0.987111317;2;6.812280448
15219;3805;4;0.987111317;3;7.296037152
15220;3805;4;0.987111317;4;9.734113615
15221;3806;2;0.312052388;1;0.664050712
15222;3806;2;0.312052388;2;2.003517263
15223;3806;2;0.312052388;3;1.781686517
15224;3806;2;0.312052388;4;2.301118973
15225;3807;3;0.641239063;1;5.73526718
15226;3807;3;0.641239063;2;4.495031715
15227;3807;3;0.641239063;3;4.854273366
15228;3807;3;0.641239063;4;5.776170867
15229;3808;4;0.729637476;1;5.050781585
15230;3808;4;0.729637476;2;5.563187485
15231;3808;4;0.729637476;3;6.700820339
15232;3808;4;0.729637476;4;10.08758552
15233;3809;3;0.263990808;1;3.33154324
15234;3809;3;0.263990808;2;7.512507723
15235;3809;3;0.263990808;3;8.242367739
15236;3809;3;0.263990808;4;8.425653232
15237;3810;2;0.914080184;1;1.060008733
15238;3810;2;0.914080184;2;1.789559316
15239;3810;2;0.914080184;3;5.348295132
15240;3810;2;0.914080184;4;5.482290953
15241;3811;2;0.950198178;1;1.013193587
15242;3811;2;0.950198178;2;2.337178036
15243;3811;2;0.950198178;3;4.372939337
15244;3811;2;0.950198178;4;7.539043303
15245;3812;0;0;1;-0.306379755
15246;3812;0;0;2;0.004050387
15247;3812;0;0;3;0.12204916
15248;3812;0;0;4;3.223920234
15249;3813;4;0.645718413;1;4.211464288
15250;3813;4;0.645718413;2;6.077042943
15251;3813;4;0.645718413;3;7.766073766
15252;3813;4;0.645718413;4;7.163725461
15253;3814;4;0.524373536;1;7.399217721
15254;3814;4;0.524373536;2;7.858304588
15255;3814;4;0.524373536;3;6.776540538
15256;3814;4;0.524373536;4;8.795139442
15257;3815;4;0.061307501;1;7.609073698
15258;3815;4;0.061307501;2;5.997302963
15259;3815;4;0.061307501;3;7.478221972
15260;3815;4;0.061307501;4;7.546973445
15261;3816;0;0;1;1.527374184
15262;3816;0;0;2;3.215131306
15263;3816;0;0;3;1.249072046
15264;3816;0;0;4;5.211071946
15265;3817;2;0.304709027;1;3.34977336
15266;3817;2;0.304709027;2;2.383932669
15267;3817;2;0.304709027;3;4.941751921
15268;3817;2;0.304709027;4;5.336859567
15269;3818;2;0.973929404;1;3.747840283
15270;3818;2;0.973929404;2;4.735689764
15271;3818;2;0.973929404;3;5.309159875
15272;3818;2;0.973929404;4;4.850807471
15273;3819;3;0.874660337;1;4.022312476
15274;3819;3;0.874660337;2;4.201600051
15275;3819;3;0.874660337;3;4.188537686
15276;3819;3;0.874660337;4;7.11818608
15277;3820;0;0;1;1.536441234
15278;3820;0;0;2;1.379507366
15279;3820;0;0;3;2.855255057
15280;3820;0;0;4;2.067911678
15281;3821;0;0;1;-1.017921276
15282;3821;0;0;2;-0.100663475
15283;3821;0;0;3;1.666648107
15284;3821;0;0;4;2.11748689
15285;3822;0;0;1;3.013585253
15286;3822;0;0;2;2.137081184
15287;3822;0;0;3;4.742126261
15288;3822;0;0;4;4.388384084
15289;3823;0;0;1;-0.005358679
15290;3823;0;0;2;1.775213679
15291;3823;0;0;3;3.977828953
15292;3823;0;0;4;4.074968535
15293;3824;4;0.72526217;1;4.514600789
15294;3824;4;0.72526217;2;5.726786192
15295;3824;4;0.72526217;3;6.243536685
15296;3824;4;0.72526217;4;7.718116971
15297;3825;2;0.605448554;1;3.487181649
15298;3825;2;0.605448554;2;1.845019008
15299;3825;2;0.605448554;3;3.825579567
15300;3825;2;0.605448554;4;3.266592381
15301;3826;0;0;1;0.882938871
15302;3826;0;0;2;3.620799929
15303;3826;0;0;3;2.649537632
15304;3826;0;0;4;4.075282028
15305;3827;0;0;1;4.123397695
15306;3827;0;0;2;4.315521253
15307;3827;0;0;3;4.332629171
15308;3827;0;0;4;5.030316274
15309;3828;3;0.494994296;1;4.669251808
15310;3828;3;0.494994296;2;6.217375084
15311;3828;3;0.494994296;3;6.2780324
15312;3828;3;0.494994296;4;8.442025266
15313;3829;4;0.652334134;1;6.123683221
15314;3829;4;0.652334134;2;4.770662923
15315;3829;4;0.652334134;3;7.603140015
15316;3829;4;0.652334134;4;8.234042559
15317;3830;4;0.745384124;1;4.604090399
15318;3830;4;0.745384124;2;7.037111451
15319;3830;4;0.745384124;3;8.412330371
15320;3830;4;0.745384124;4;7.323020698
15321;3831;4;0.908114912;1;3.802659937
15322;3831;4;0.908114912;2;5.92671015
15323;3831;4;0.908114912;3;9.00661207
15324;3831;4;0.908114912;4;7.139993806
15325;3832;4;0.037425983;1;3.211299919
15326;3832;4;0.037425983;2;5.036587243
15327;3832;4;0.037425983;3;6.122146629
15328;3832;4;0.037425983;4;7.1064573
15329;3833;2;0.211391337;1;1.569409467
15330;3833;2;0.211391337;2;3.350413201
15331;3833;2;0.211391337;3;4.338448016
15332;3833;2;0.211391337;4;4.431521026
15333;3834;4;0.834383983;1;5.817004638
15334;3834;4;0.834383983;2;6.466602357
15335;3834;4;0.834383983;3;7.713249454
15336;3834;4;0.834383983;4;7.769685322
15337;3835;3;0.747714374;1;5.493525169
15338;3835;3;0.747714374;2;5.516509692
15339;3835;3;0.747714374;3;6.92627185
15340;3835;3;0.747714374;4;7.3876951
15341;3836;0;0;1;4.504640473
15342;3836;0;0;2;3.577964807
15343;3836;0;0;3;3.483410861
15344;3836;0;0;4;4.746218107
15345;3837;2;0.722970498;1;2.980400772
15346;3837;2;0.722970498;2;4.617918699
15347;3837;2;0.722970498;3;5.820771748
15348;3837;2;0.722970498;4;6.048888822
15349;3838;3;0.597054596;1;4.375500742
15350;3838;3;0.597054596;2;5.609813437
15351;3838;3;0.597054596;3;6.805091167
15352;3838;3;0.597054596;4;7.569805314
15353;3839;2;0.549178847;1;1.020193718
15354;3839;2;0.549178847;2;2.676007535
15355;3839;2;0.549178847;3;4.110022218
15356;3839;2;0.549178847;4;4.775745092
15357;3840;2;0.543473903;1;2.695636712
15358;3840;2;0.543473903;2;4.004365197
15359;3840;2;0.543473903;3;5.848970041
15360;3840;2;0.543473903;4;6.447542182
15361;3841;3;0.321955486;1;3.061607795
15362;3841;3;0.321955486;2;4.783767007
15363;3841;3;0.321955486;3;6.144138107
15364;3841;3;0.321955486;4;6.781239933
15365;3842;0;0;1;3.298369036
15366;3842;0;0;2;3.538146994
15367;3842;0;0;3;4.047489357
15368;3842;0;0;4;3.831381926
15369;3843;0;0;1;1.023002891
15370;3843;0;0;2;2.627815132
15371;3843;0;0;3;3.533964286
15372;3843;0;0;4;5.399702023
15373;3844;3;0.847495012;1;5.19012331
15374;3844;3;0.847495012;2;5.567536248
15375;3844;3;0.847495012;3;10.26243917
15376;3844;3;0.847495012;4;8.978304938
15377;3845;2;0.478658289;1;1.13028742
15378;3845;2;0.478658289;2;5.023460145
15379;3845;2;0.478658289;3;6.346663703
15380;3845;2;0.478658289;4;6.580165904
15381;3846;0;0;1;1.854976862
15382;3846;0;0;2;2.417326921
15383;3846;0;0;3;3.644327856
15384;3846;0;0;4;3.889648792
15385;3847;4;0.283421713;1;3.361637028
15386;3847;4;0.283421713;2;3.800178531
15387;3847;4;0.283421713;3;3.954265837
15388;3847;4;0.283421713;4;5.96068231
15389;3848;2;0.922765761;1;2.965311291
15390;3848;2;0.922765761;2;4.401746811
15391;3848;2;0.922765761;3;4.859156153
15392;3848;2;0.922765761;4;7.460509871
15393;3849;4;0.584631465;1;6.987067333
15394;3849;4;0.584631465;2;7.817704039
15395;3849;4;0.584631465;3;7.044731015
15396;3849;4;0.584631465;4;8.325753692
15397;3850;4;0.521961892;1;5.953800104
15398;3850;4;0.521961892;2;6.695393779
15399;3850;4;0.521961892;3;6.141301045
15400;3850;4;0.521961892;4;6.548025839
15401;3851;2;0.640502841;1;2.045165727
15402;3851;2;0.640502841;2;1.32561358
15403;3851;2;0.640502841;3;5.074572383
15404;3851;2;0.640502841;4;5.449650164
15405;3852;2;0.061861994;1;4.798837977
15406;3852;2;0.061861994;2;4.816668915
15407;3852;2;0.061861994;3;5.947798115
15408;3852;2;0.061861994;4;8.126629793
15409;3853;4;0.988605616;1;4.789428001
15410;3853;4;0.988605616;2;4.167344997
15411;3853;4;0.988605616;3;3.235021832
15412;3853;4;0.988605616;4;7.150486574
15413;3854;2;0.24331501;1;1.516025111
15414;3854;2;0.24331501;2;3.208801727
15415;3854;2;0.24331501;3;5.491712057
15416;3854;2;0.24331501;4;6.619933428
15417;3855;0;0;1;0.774599477
15418;3855;0;0;2;4.324287208
15419;3855;0;0;3;4.796836132
15420;3855;0;0;4;5.319493743
15421;3856;3;0.446719023;1;2.835945098
15422;3856;3;0.446719023;2;4.895983848
15423;3856;3;0.446719023;3;4.996522716
15424;3856;3;0.446719023;4;7.314811302
15425;3857;0;0;1;1.236565979
15426;3857;0;0;2;1.53188507
15427;3857;0;0;3;1.901530717
15428;3857;0;0;4;3.542400551
15429;3858;3;0.596427062;1;3.951199546
15430;3858;3;0.596427062;2;6.285456988
15431;3858;3;0.596427062;3;6.070432355
15432;3858;3;0.596427062;4;6.545521019
15433;3859;0;0;1;0.888251366
15434;3859;0;0;2;1.510256502
15435;3859;0;0;3;3.699175752
15436;3859;0;0;4;3.994006485
15437;3860;2;0.463819639;1;1.544150238
15438;3860;2;0.463819639;2;3.850982786
15439;3860;2;0.463819639;3;5.704220267
15440;3860;2;0.463819639;4;5.598332074
15441;3861;3;0.447535931;1;5.333969498
15442;3861;3;0.447535931;2;6.41007871
15443;3861;3;0.447535931;3;6.50154448
15444;3861;3;0.447535931;4;7.315320143
15445;3862;3;0.202776644;1;2.060342889
15446;3862;3;0.202776644;2;4.345322405
15447;3862;3;0.202776644;3;4.25428985
15448;3862;3;0.202776644;4;7.441957911
15449;3863;0;0;1;0.975253956
15450;3863;0;0;2;2.223235841
15451;3863;0;0;3;1.953030608
15452;3863;0;0;4;3.872177625
15453;3864;3;0.513732613;1;4.715737208
15454;3864;3;0.513732613;2;6.882692
15455;3864;3;0.513732613;3;7.053365771
15456;3864;3;0.513732613;4;9.814425059
15457;3865;2;0.987768202;1;2.130338291
15458;3865;2;0.987768202;2;2.239101163
15459;3865;2;0.987768202;3;2.753340007
15460;3865;2;0.987768202;4;3.678454911
15461;3866;4;0.580456741;1;4.665435264
15462;3866;4;0.580456741;2;5.356612721
15463;3866;4;0.580456741;3;5.171330984
15464;3866;4;0.580456741;4;8.9409597
15465;3867;2;0.572137424;1;3.126824764
15466;3867;2;0.572137424;2;5.209139299
15467;3867;2;0.572137424;3;5.317198159
15468;3867;2;0.572137424;4;5.408245556
15469;3868;2;0.299319057;1;4.391945825
15470;3868;2;0.299319057;2;5.015634958
15471;3868;2;0.299319057;3;6.581224398
15472;3868;2;0.299319057;4;8.038086916
15473;3869;3;0.393248037;1;3.715092811
15474;3869;3;0.393248037;2;5.029526892
15475;3869;3;0.393248037;3;4.407683152
15476;3869;3;0.393248037;4;4.499550332
15477;3870;0;0;1;-1.157821149
15478;3870;0;0;2;0.864546671
15479;3870;0;0;3;1.848897911
15480;3870;0;0;4;2.333890438
15481;3871;4;0.48521331;1;5.418110919
15482;3871;4;0.48521331;2;5.202447714
15483;3871;4;0.48521331;3;8.295499144
15484;3871;4;0.48521331;4;9.660853791
15485;3872;4;0.454433423;1;2.625868846
15486;3872;4;0.454433423;2;3.87910776
15487;3872;4;0.454433423;3;5.336888014
15488;3872;4;0.454433423;4;6.015979099
15489;3873;4;0.920193689;1;4.870935199
15490;3873;4;0.920193689;2;5.965701742
15491;3873;4;0.920193689;3;7.6631342
15492;3873;4;0.920193689;4;7.392017048
15493;3874;2;0.849687923;1;5.193783744
15494;3874;2;0.849687923;2;5.078662137
15495;3874;2;0.849687923;3;4.764851127
15496;3874;2;0.849687923;4;5.458564553
15497;3875;0;0;1;0.218350059
15498;3875;0;0;2;1.714049625
15499;3875;0;0;3;2.378337047
15500;3875;0;0;4;3.150622184
15501;3876;0;0;1;-0.90348568
15502;3876;0;0;2;1.10557292
15503;3876;0;0;3;1.099635309
15504;3876;0;0;4;2.974640457
15505;3877;3;0.097454067;1;6.263351465
15506;3877;3;0.097454067;2;6.850333297
15507;3877;3;0.097454067;3;7.474120124
15508;3877;3;0.097454067;4;8.944778675
15509;3878;0;0;1;1.164597205
15510;3878;0;0;2;1.585567851
15511;3878;0;0;3;3.256188351
15512;3878;0;0;4;4.630618876
15513;3879;3;0.401678274;1;5.380864727
15514;3879;3;0.401678274;2;6.952629374
15515;3879;3;0.401678274;3;5.648947948
15516;3879;3;0.401678274;4;8.787405268
15517;3880;2;0.76019168;1;4.160876455
15518;3880;2;0.76019168;2;4.485432651
15519;3880;2;0.76019168;3;6.225521329
15520;3880;2;0.76019168;4;5.826203909
15521;3881;3;0.117270892;1;4.004343418
15522;3881;3;0.117270892;2;6.540014659
15523;3881;3;0.117270892;3;6.699366504
15524;3881;3;0.117270892;4;8.359200368
15525;3882;2;0.935282481;1;3.691274731
15526;3882;2;0.935282481;2;3.666564312
15527;3882;2;0.935282481;3;3.814227371
15528;3882;2;0.935282481;4;5.150212107
15529;3883;3;0.37856167;1;4.181853337
15530;3883;3;0.37856167;2;5.016268733
15531;3883;3;0.37856167;3;4.189862227
15532;3883;3;0.37856167;4;6.8096901
15533;3884;2;0.413255109;1;1.938869019
15534;3884;2;0.413255109;2;2.84573137
15535;3884;2;0.413255109;3;3.206630693
15536;3884;2;0.413255109;4;4.128698777
15537;3885;3;0.722136284;1;5.900031557
15538;3885;3;0.722136284;2;7.373636916
15539;3885;3;0.722136284;3;7.368882206
15540;3885;3;0.722136284;4;6.237584369
15541;3886;0;0;1;1.318183106
15542;3886;0;0;2;1.287378364
15543;3886;0;0;3;2.561523284
15544;3886;0;0;4;3.055755892
15545;3887;0;0;1;-1.929179109
15546;3887;0;0;2;0.811554362
15547;3887;0;0;3;1.558675189
15548;3887;0;0;4;2.375790175
15549;3888;0;0;1;1.813828764
15550;3888;0;0;2;2.089625414
15551;3888;0;0;3;3.438826232
15552;3888;0;0;4;2.495632922
15553;3889;4;0.29782935;1;3.555555627
15554;3889;4;0.29782935;2;4.821270816
15555;3889;4;0.29782935;3;7.349736413
15556;3889;4;0.29782935;4;8.081616348
15557;3890;3;0.266415851;1;3.700796435
15558;3890;3;0.266415851;2;4.241020385
15559;3890;3;0.266415851;3;6.182595978
15560;3890;3;0.266415851;4;6.499220103
15561;3891;3;0.493344316;1;4.240316344
15562;3891;3;0.493344316;2;3.810443022
15563;3891;3;0.493344316;3;5.040286473
15564;3891;3;0.493344316;4;8.22118
15565;3892;4;0.622756946;1;2.567790811
15566;3892;4;0.622756946;2;6.864305762
15567;3892;4;0.622756946;3;7.584116094
15568;3892;4;0.622756946;4;9.066538111
15569;3893;2;0.575242331;1;0.876359816
15570;3893;2;0.575242331;2;2.807499825
15571;3893;2;0.575242331;3;3.716141407
15572;3893;2;0.575242331;4;5.236166785
15573;3894;0;0;1;1.65083713
15574;3894;0;0;2;2.847564883
15575;3894;0;0;3;5.214430254
15576;3894;0;0;4;4.191848458
15577;3895;3;0.911102751;1;4.431754675
15578;3895;3;0.911102751;2;5.281133426
15579;3895;3;0.911102751;3;5.919757793
15580;3895;3;0.911102751;4;7.489212259
15581;3896;4;0.191252302;1;6.408208398
15582;3896;4;0.191252302;2;7.457406588
15583;3896;4;0.191252302;3;8.512931374
15584;3896;4;0.191252302;4;6.776504849
15585;3897;3;0.884019034;1;4.116014179
15586;3897;3;0.884019034;2;5.290059179
15587;3897;3;0.884019034;3;5.880403111
15588;3897;3;0.884019034;4;5.26345525
15589;3898;0;0;1;1.733479154
15590;3898;0;0;2;3.26360825
15591;3898;0;0;3;3.269631261
15592;3898;0;0;4;5.446472665
15593;3899;0;0;1;0.443392862
15594;3899;0;0;2;-1.024933438
15595;3899;0;0;3;3.10385256
15596;3899;0;0;4;2.412468478
15597;3900;4;0.444406813;1;5.197260139
15598;3900;4;0.444406813;2;5.281740531
15599;3900;4;0.444406813;3;5.780268655
15600;3900;4;0.444406813;4;9.16628847
15601;3901;2;0.430465562;1;3.336824317
15602;3901;2;0.430465562;2;3.495377904
15603;3901;2;0.430465562;3;5.895640477
15604;3901;2;0.430465562;4;5.550390826
15605;3902;3;0.892709406;1;3.080526782
15606;3902;3;0.892709406;2;3.556583793
15607;3902;3;0.892709406;3;5.179199733
15608;3902;3;0.892709406;4;6.06033766
15609;3903;2;0.049763829;1;2.47963626
15610;3903;2;0.049763829;2;4.458041707
15611;3903;2;0.049763829;3;4.695692819
15612;3903;2;0.049763829;4;6.063167576
15613;3904;0;0;1;1.434305387
15614;3904;0;0;2;1.943132816
15615;3904;0;0;3;3.96331031
15616;3904;0;0;4;5.64040562
15617;3905;4;0.091418115;1;7.057778845
15618;3905;4;0.091418115;2;8.002222198
15619;3905;4;0.091418115;3;6.473181704
15620;3905;4;0.091418115;4;8.673803472
15621;3906;0;0;1;2.363805341
15622;3906;0;0;2;3.47645312
15623;3906;0;0;3;5.621729158
15624;3906;0;0;4;4.551380145
15625;3907;4;0.156324183;1;6.356894272
15626;3907;4;0.156324183;2;7.061104084
15627;3907;4;0.156324183;3;7.090378945
15628;3907;4;0.156324183;4;9.459150511
15629;3908;4;0.355927437;1;5.667335597
15630;3908;4;0.355927437;2;4.088631251
15631;3908;4;0.355927437;3;8.028671721
15632;3908;4;0.355927437;4;6.791781178
15633;3909;3;0.589987503;1;4.334005834
15634;3909;3;0.589987503;2;5.726490799
15635;3909;3;0.589987503;3;6.552826752
15636;3909;3;0.589987503;4;5.54169446
15637;3910;2;0.751446296;1;2.864361166
15638;3910;2;0.751446296;2;3.031399827
15639;3910;2;0.751446296;3;5.660246667
15640;3910;2;0.751446296;4;4.392708189
15641;3911;3;0.21479555;1;3.066928452
15642;3911;3;0.21479555;2;5.652814243
15643;3911;3;0.21479555;3;5.124671911
15644;3911;3;0.21479555;4;7.516588348
15645;3912;3;0.377949373;1;7.449857144
15646;3912;3;0.377949373;2;6.687556188
15647;3912;3;0.377949373;3;9.053414532
15648;3912;3;0.377949373;4;8.873151659
15649;3913;0;0;1;0.538881973
15650;3913;0;0;2;2.949794941
15651;3913;0;0;3;4.941300403
15652;3913;0;0;4;2.22302148
15653;3914;3;0.967258545;1;2.347444945
15654;3914;3;0.967258545;2;3.743141039
15655;3914;3;0.967258545;3;6.864731443
15656;3914;3;0.967258545;4;7.732607427
15657;3915;2;0.635426707;1;1.686498421
15658;3915;2;0.635426707;2;3.376385151
15659;3915;2;0.635426707;3;3.663049184
15660;3915;2;0.635426707;4;5.164580542
15661;3916;2;0.224971096;1;3.125927586
15662;3916;2;0.224971096;2;4.460049211
15663;3916;2;0.224971096;3;4.942483305
15664;3916;2;0.224971096;4;3.98851718
15665;3917;0;0;1;0.928765231
15666;3917;0;0;2;0.433594139
15667;3917;0;0;3;1.958405834
15668;3917;0;0;4;6.178082625
15669;3918;4;0.890209101;1;5.815829342
15670;3918;4;0.890209101;2;6.611234241
15671;3918;4;0.890209101;3;7.310529594
15672;3918;4;0.890209101;4;9.26140563
15673;3919;4;0.86538217;1;5.393591719
15674;3919;4;0.86538217;2;8.747893246
15675;3919;4;0.86538217;3;7.691842937
15676;3919;4;0.86538217;4;9.286799143
15677;3920;3;0.720550176;1;5.131615495
15678;3920;3;0.720550176;2;4.509623711
15679;3920;3;0.720550176;3;8.116534425
15680;3920;3;0.720550176;4;6.247591233
15681;3921;0;0;1;1.138227978
15682;3921;0;0;2;0.541799362
15683;3921;0;0;3;1.599701821
15684;3921;0;0;4;3.561601066
15685;3922;2;0.252009004;1;2.350421483
15686;3922;2;0.252009004;2;3.827913343
15687;3922;2;0.252009004;3;4.630933931
15688;3922;2;0.252009004;4;5.175813923
15689;3923;3;0.38148398;1;3.955843995
15690;3923;3;0.38148398;2;3.666365068
15691;3923;3;0.38148398;3;6.060608318
15692;3923;3;0.38148398;4;6.767666873
15693;3924;0;0;1;2.716460498
15694;3924;0;0;2;3.113192446
15695;3924;0;0;3;3.597743016
15696;3924;0;0;4;6.152481819
15697;3925;2;0.065440172;1;1.672523216
15698;3925;2;0.065440172;2;2.754852271
15699;3925;2;0.065440172;3;3.605955289
15700;3925;2;0.065440172;4;4.569037794
15701;3926;0;0;1;-0.006370614
15702;3926;0;0;2;1.74538944
15703;3926;0;0;3;2.002606472
15704;3926;0;0;4;3.73141879
15705;3927;4;0.701599728;1;1.870050498
15706;3927;4;0.701599728;2;4.859270487
15707;3927;4;0.701599728;3;5.024927567
15708;3927;4;0.701599728;4;6.025600671
15709;3928;4;0.632939494;1;2.632324168
15710;3928;4;0.632939494;2;7.873422082
15711;3928;4;0.632939494;3;6.670073483
15712;3928;4;0.632939494;4;8.218701135
15713;3929;4;0.448383731;1;5.013139797
15714;3929;4;0.448383731;2;6.874503103
15715;3929;4;0.448383731;3;5.48308349
15716;3929;4;0.448383731;4;5.436291878
15717;3930;3;0.59576097;1;5.873565568
15718;3930;3;0.59576097;2;3.81228883
15719;3930;3;0.59576097;3;7.376904581
15720;3930;3;0.59576097;4;7.30661216
15721;3931;3;0.627767159;1;3.30989728
15722;3931;3;0.627767159;2;4.94279307
15723;3931;3;0.627767159;3;7.424004129
15724;3931;3;0.627767159;4;6.480063122
15725;3932;4;0.736931685;1;2.819823442
15726;3932;4;0.736931685;2;4.868659154
15727;3932;4;0.736931685;3;6.465297257
15728;3932;4;0.736931685;4;7.881053037
15729;3933;2;0.414579334;1;4.293405448
15730;3933;2;0.414579334;2;3.541213889
15731;3933;2;0.414579334;3;2.836433549
15732;3933;2;0.414579334;4;7.456633413
15733;3934;0;0;1;0.320215738
15734;3934;0;0;2;2.107389102
15735;3934;0;0;3;0.639314857
15736;3934;0;0;4;4.014266207
15737;3935;0;0;1;2.59861869
15738;3935;0;0;2;2.004434884
15739;3935;0;0;3;1.970794427
15740;3935;0;0;4;3.221497779
15741;3936;0;0;1;1.101884223
15742;3936;0;0;2;0.932308605
15743;3936;0;0;3;4.00686628
15744;3936;0;0;4;5.866277689
15745;3937;2;0.755297721;1;4.790109316
15746;3937;2;0.755297721;2;4.972839413
15747;3937;2;0.755297721;3;4.889526359
15748;3937;2;0.755297721;4;5.834734185
15749;3938;2;0.372713817;1;2.903103538
15750;3938;2;0.372713817;2;4.575548922
15751;3938;2;0.372713817;3;5.905170008
15752;3938;2;0.372713817;4;5.907957269
15753;3939;0;0;1;1.675643561
15754;3939;0;0;2;3.483367388
15755;3939;0;0;3;2.547055848
15756;3939;0;0;4;2.79036809
15757;3940;0;0;1;-1.459883558
15758;3940;0;0;2;0.863457235
15759;3940;0;0;3;3.62532484
15760;3940;0;0;4;2.592515936
15761;3941;3;0.19621287;1;4.749630049
15762;3941;3;0.19621287;2;5.389011745
15763;3941;3;0.19621287;3;7.555527661
15764;3941;3;0.19621287;4;5.953379007
15765;3942;0;0;1;0.538120792
15766;3942;0;0;2;2.590354925
15767;3942;0;0;3;4.097688006
15768;3942;0;0;4;2.057380594
15769;3943;2;0.390099284;1;2.052323432
15770;3943;2;0.390099284;2;3.106893948
15771;3943;2;0.390099284;3;5.777208757
15772;3943;2;0.390099284;4;5.417137984
15773;3944;3;0.56623545;1;1.491424553
15774;3944;3;0.56623545;2;3.629761423
15775;3944;3;0.56623545;3;4.073909281
15776;3944;3;0.56623545;4;4.586343003
15777;3945;0;0;1;1.480065712
15778;3945;0;0;2;2.482830243
15779;3945;0;0;3;5.05576683
15780;3945;0;0;4;5.160428208
15781;3946;4;0.050160678;1;5.142763685
15782;3946;4;0.050160678;2;4.713295134
15783;3946;4;0.050160678;3;5.781708439
15784;3946;4;0.050160678;4;6.001366063
15785;3947;4;0.781565971;1;5.207099464
15786;3947;4;0.781565971;2;4.739851776
15787;3947;4;0.781565971;3;6.337615448
15788;3947;4;0.781565971;4;8.353211553
15789;3948;3;0.866557756;1;2.911171214
15790;3948;3;0.866557756;2;4.263458579
15791;3948;3;0.866557756;3;8.357991513
15792;3948;3;0.866557756;4;6.258154086
15793;3949;2;0.386198726;1;4.58657973
15794;3949;2;0.386198726;2;5.091635259
15795;3949;2;0.386198726;3;5.137535155
15796;3949;2;0.386198726;4;5.322202148
15797;3950;4;0.695717011;1;3.883468195
15798;3950;4;0.695717011;2;8.15053977
15799;3950;4;0.695717011;3;5.867346698
15800;3950;4;0.695717011;4;9.406535978
15801;3951;3;0.747373053;1;5.788854823
15802;3951;3;0.747373053;2;6.106021272
15803;3951;3;0.747373053;3;5.04345123
15804;3951;3;0.747373053;4;8.24101014
15805;3952;2;0.996211166;1;1.476458017
15806;3952;2;0.996211166;2;2.036935115
15807;3952;2;0.996211166;3;4.155718604
15808;3952;2;0.996211166;4;4.783522824
15809;3953;2;0.027023279;1;2.436896541
15810;3953;2;0.027023279;2;3.251981585
15811;3953;2;0.027023279;3;3.841143435
15812;3953;2;0.027023279;4;5.484230782
15813;3954;4;0.927351444;1;5.645656643
15814;3954;4;0.927351444;2;8.5741951
15815;3954;4;0.927351444;3;8.080791433
15816;3954;4;0.927351444;4;9.036432773
15817;3955;4;0.570147233;1;6.35051012
15818;3955;4;0.570147233;2;5.524561706
15819;3955;4;0.570147233;3;6.712509717
15820;3955;4;0.570147233;4;7.527756485
15821;3956;2;0.218557755;1;0.733055435
15822;3956;2;0.218557755;2;3.716049721
15823;3956;2;0.218557755;3;2.703718088
15824;3956;2;0.218557755;4;6.699771845
15825;3957;4;0.136827389;1;7.15890789
15826;3957;4;0.136827389;2;6.921810212
15827;3957;4;0.136827389;3;7.902108284
15828;3957;4;0.136827389;4;8.528090463
15829;3958;4;0.849663385;1;5.836970949
15830;3958;4;0.849663385;2;5.959373394
15831;3958;4;0.849663385;3;8.429038444
15832;3958;4;0.849663385;4;9.794396213
15833;3959;2;0.555432054;1;4.648629479
15834;3959;2;0.555432054;2;6.957838669
15835;3959;2;0.555432054;3;5.742251488
15836;3959;2;0.555432054;4;5.467586166
15837;3960;2;0.02651244;1;0.550500759
15838;3960;2;0.02651244;2;1.074789699
15839;3960;2;0.02651244;3;4.465203397
15840;3960;2;0.02651244;4;5.314955496
15841;3961;4;0.760485655;1;5.761781877
15842;3961;4;0.760485655;2;5.594447623
15843;3961;4;0.760485655;3;6.603874985
15844;3961;4;0.760485655;4;8.639704339
15845;3962;2;0.252305559;1;1.353170269
15846;3962;2;0.252305559;2;5.081141371
15847;3962;2;0.252305559;3;3.182284401
15848;3962;2;0.252305559;4;4.022387889
15849;3963;3;0.287485338;1;6.340941154
15850;3963;3;0.287485338;2;5.62287357
15851;3963;3;0.287485338;3;6.891318414
15852;3963;3;0.287485338;4;7.120182653
15853;3964;4;0.584079235;1;3.124907922
15854;3964;4;0.584079235;2;4.525917824
15855;3964;4;0.584079235;3;6.420669618
15856;3964;4;0.584079235;4;6.90434529
15857;3965;4;0.497930671;1;4.938126494
15858;3965;4;0.497930671;2;4.394270273
15859;3965;4;0.497930671;3;6.123694476
15860;3965;4;0.497930671;4;8.872434983
15861;3966;3;0.489699031;1;0.556457593
15862;3966;3;0.489699031;2;4.650421201
15863;3966;3;0.489699031;3;5.978475156
15864;3966;3;0.489699031;4;6.529406761
15865;3967;4;0.103882819;1;8.491675254
15866;3967;4;0.103882819;2;7.333780817
15867;3967;4;0.103882819;3;8.684950588
15868;3967;4;0.103882819;4;8.556586873
15869;3968;4;0.6837096;1;3.730401415
15870;3968;4;0.6837096;2;6.586897232
15871;3968;4;0.6837096;3;7.602482145
15872;3968;4;0.6837096;4;7.025998228
15873;3969;3;0.242138392;1;2.957097884
15874;3969;3;0.242138392;2;6.649791959
15875;3969;3;0.242138392;3;4.551253119
15876;3969;3;0.242138392;4;5.717551664
15877;3970;4;0.473008997;1;5.111226914
15878;3970;4;0.473008997;2;5.945314588
15879;3970;4;0.473008997;3;6.93198983
15880;3970;4;0.473008997;4;10.17625412
15881;3971;2;0.030309984;1;4.230575014
15882;3971;2;0.030309984;2;6.111778084
15883;3971;2;0.030309984;3;5.528889258
15884;3971;2;0.030309984;4;7.544899962
15885;3972;3;0.166979999;1;3.774839926
15886;3972;3;0.166979999;2;7.466268555
15887;3972;3;0.166979999;3;8.095830269
15888;3972;3;0.166979999;4;5.888512112
15889;3973;3;0.439211414;1;4.195657599
15890;3973;3;0.439211414;2;5.338849862
15891;3973;3;0.439211414;3;7.616428545
15892;3973;3;0.439211414;4;7.645642973
15893;3974;2;0.936550041;1;3.685174955
15894;3974;2;0.936550041;2;4.291351973
15895;3974;2;0.936550041;3;5.50904287
15896;3974;2;0.936550041;4;7.36671381
15897;3975;2;0.368879585;1;4.123632046
15898;3975;2;0.368879585;2;4.578054078
15899;3975;2;0.368879585;3;4.520932523
15900;3975;2;0.368879585;4;5.078008957
15901;3976;2;0.527762807;1;3.798579384
15902;3976;2;0.527762807;2;4.668453239
15903;3976;2;0.527762807;3;4.546552218
15904;3976;2;0.527762807;4;6.665898516
15905;3977;0;0;1;2.899893854
15906;3977;0;0;2;5.155792384
15907;3977;0;0;3;3.370530184
15908;3977;0;0;4;5.967767751
15909;3978;4;0.886078146;1;4.935420328
15910;3978;4;0.886078146;2;4.37122492
15911;3978;4;0.886078146;3;7.775119072
15912;3978;4;0.886078146;4;8.44228681
15913;3979;0;0;1;1.83347189
15914;3979;0;0;2;3.281253393
15915;3979;0;0;3;5.551575818
15916;3979;0;0;4;5.906663859
15917;3980;0;0;1;-0.482825109
15918;3980;0;0;2;1.255461632
15919;3980;0;0;3;3.171583994
15920;3980;0;0;4;4.991692487
15921;3981;4;0.492326598;1;5.560724082
15922;3981;4;0.492326598;2;5.976657843
15923;3981;4;0.492326598;3;7.000495539
15924;3981;4;0.492326598;4;8.751810602
15925;3982;4;0.85143996;1;5.673822002
15926;3982;4;0.85143996;2;4.968199675
15927;3982;4;0.85143996;3;7.440011885
15928;3982;4;0.85143996;4;6.874340159
15929;3983;4;0.701729559;1;4.545989168
15930;3983;4;0.701729559;2;6.503867069
15931;3983;4;0.701729559;3;6.038597587
15932;3983;4;0.701729559;4;9.070802126
15933;3984;3;0.85432689;1;5.395806204
15934;3984;3;0.85432689;2;4.939152635
15935;3984;3;0.85432689;3;5.640700836
15936;3984;3;0.85432689;4;6.692467683
15937;3985;3;0.217627702;1;4.69501977
15938;3985;3;0.217627702;2;4.489968511
15939;3985;3;0.217627702;3;6.786432778
15940;3985;3;0.217627702;4;8.452155383
15941;3986;3;0.414369543;1;-0.925453628
15942;3986;3;0.414369543;2;3.842188446
15943;3986;3;0.414369543;3;4.182108278
15944;3986;3;0.414369543;4;5.659277162
15945;3987;4;0.568201582;1;3.457112421
15946;3987;4;0.568201582;2;5.665342501
15947;3987;4;0.568201582;3;4.794828869
15948;3987;4;0.568201582;4;6.536228794
15949;3988;0;0;1;2.677067834
15950;3988;0;0;2;4.954131701
15951;3988;0;0;3;1.980337162
15952;3988;0;0;4;3.895782927
15953;3989;0;0;1;0.86772077
15954;3989;0;0;2;2.990483963
15955;3989;0;0;3;3.728137885
15956;3989;0;0;4;4.349978639
15957;3990;0;0;1;-0.966486315
15958;3990;0;0;2;2.736948377
15959;3990;0;0;3;3.869449854
15960;3990;0;0;4;4.42720139
15961;3991;4;0.046952299;1;2.774935754
15962;3991;4;0.046952299;2;4.101189837
15963;3991;4;0.046952299;3;3.814159688
15964;3991;4;0.046952299;4;4.928573555
15965;3992;3;0.418656569;1;4.831954956
15966;3992;3;0.418656569;2;5.924061757
15967;3992;3;0.418656569;3;7.487402639
15968;3992;3;0.418656569;4;7.241467685
15969;3993;0;0;1;1.936460363
15970;3993;0;0;2;1.044256592
15971;3993;0;0;3;3.800962555
15972;3993;0;0;4;4.863205388
15973;3994;2;0.94139652;1;1.412007999
15974;3994;2;0.94139652;2;3.798752966
15975;3994;2;0.94139652;3;3.370446094
15976;3994;2;0.94139652;4;3.364486119
15977;3995;4;0.531712187;1;3.830288813
15978;3995;4;0.531712187;2;4.87813178
15979;3995;4;0.531712187;3;5.705445186
15980;3995;4;0.531712187;4;7.185542863
15981;3996;2;0.166610793;1;3.337020188
15982;3996;2;0.166610793;2;4.939428186
15983;3996;2;0.166610793;3;6.069654874
15984;3996;2;0.166610793;4;6.551598909
15985;3997;2;0.920936952;1;5.004676362
15986;3997;2;0.920936952;2;4.627079093
15987;3997;2;0.920936952;3;7.099991607
15988;3997;2;0.920936952;4;6.741083531
15989;3998;4;0.477081109;1;4.164721286
15990;3998;4;0.477081109;2;5.191172912
15991;3998;4;0.477081109;3;7.043666083
15992;3998;4;0.477081109;4;7.807896418
15993;3999;2;0.432363159;1;4.456461813
15994;3999;2;0.432363159;2;5.625418244
15995;3999;2;0.432363159;3;5.073811159
15996;3999;2;0.432363159;4;6.400881834
15997;4000;3;0.351728502;1;5.05372966
15998;4000;3;0.351728502;2;5.01943632
15999;4000;3;0.351728502;3;5.341282446
16000;4000;3;0.351728502;4;7.741284819
16001;4001;2;0.084285448;1;5.038887808
16002;4001;2;0.084285448;2;4.503478992
16003;4001;2;0.084285448;3;5.704157295
16004;4001;2;0.084285448;4;4.495861833
16005;4002;4;0.035955238;1;5.885353022
16006;4002;4;0.035955238;2;6.190488446
16007;4002;4;0.035955238;3;6.767425817
16008;4002;4;0.035955238;4;7.780954939
16009;4003;3;0.1842144;1;2.534813182
16010;4003;3;0.1842144;2;6.279783628
16011;4003;3;0.1842144;3;7.085535498
16012;4003;3;0.1842144;4;7.666284485
16013;4004;4;0.086447596;1;3.933272733
16014;4004;4;0.086447596;2;3.938198606
16015;4004;4;0.086447596;3;5.056342265
16016;4004;4;0.086447596;4;6.151901723
16017;4005;3;0.938655353;1;2.455256885
16018;4005;3;0.938655353;2;2.133520452
16019;4005;3;0.938655353;3;5.01978661
16020;4005;3;0.938655353;4;5.884022734
16021;4006;0;0;1;0.460481667
16022;4006;0;0;2;1.95836645
16023;4006;0;0;3;0.929984399
16024;4006;0;0;4;3.742713028
16025;4007;0;0;1;1.994047567
16026;4007;0;0;2;0.961806608
16027;4007;0;0;3;2.508473653
16028;4007;0;0;4;5.914431635
16029;4008;0;0;1;3.309075453
16030;4008;0;0;2;2.923564996
16031;4008;0;0;3;2.377651017
16032;4008;0;0;4;3.274700171
16033;4009;2;0.201943617;1;1.668172803
16034;4009;2;0.201943617;2;3.836932941
16035;4009;2;0.201943617;3;7.218369034
16036;4009;2;0.201943617;4;5.441203408
16037;4010;4;0.158053432;1;4.306250448
16038;4010;4;0.158053432;2;4.939427058
16039;4010;4;0.158053432;3;7.234982239
16040;4010;4;0.158053432;4;7.215256753
16041;4011;2;0.900107756;1;3.823352741
16042;4011;2;0.900107756;2;4.962543222
16043;4011;2;0.900107756;3;5.440432693
16044;4011;2;0.900107756;4;4.25372018
16045;4012;3;0.863780965;1;6.02721173
16046;4012;3;0.863780965;2;5.308008277
16047;4012;3;0.863780965;3;6.633137892
16048;4012;3;0.863780965;4;7.846265617
16049;4013;2;0.438286155;1;1.443717493
16050;4013;2;0.438286155;2;2.812326166
16051;4013;2;0.438286155;3;3.995418497
16052;4013;2;0.438286155;4;4.497968193
16053;4014;3;0.517432126;1;3.877456906
16054;4014;3;0.517432126;2;4.277004982
16055;4014;3;0.517432126;3;5.594665432
16056;4014;3;0.517432126;4;7.21557131
16057;4015;4;0.036857398;1;4.380146616
16058;4015;4;0.036857398;2;6.732775165
16059;4015;4;0.036857398;3;7.884356089
16060;4015;4;0.036857398;4;9.30478327
16061;4016;4;0.959172542;1;4.392722179
16062;4016;4;0.959172542;2;7.821649306
16063;4016;4;0.959172542;3;5.2079961
16064;4016;4;0.959172542;4;6.657508892
16065;4017;3;0.382432931;1;5.479734136
16066;4017;3;0.382432931;2;5.27807309
16067;4017;3;0.382432931;3;7.047429314
16068;4017;3;0.382432931;4;6.559762276
16069;4018;3;0.651946968;1;4.023685587
16070;4018;3;0.651946968;2;4.195536253
16071;4018;3;0.651946968;3;6.012207118
16072;4018;3;0.651946968;4;6.719653679
16073;4019;2;0.672548576;1;2.891551485
16074;4019;2;0.672548576;2;4.399352546
16075;4019;2;0.672548576;3;5.313090561
16076;4019;2;0.672548576;4;7.266466331
16077;4020;0;0;1;1.037024842
16078;4020;0;0;2;2.310082363
16079;4020;0;0;3;4.208857824
16080;4020;0;0;4;4.854433429
16081;4021;2;0.857083708;1;1.27548818
16082;4021;2;0.857083708;2;1.969993588
16083;4021;2;0.857083708;3;4.294522605
16084;4021;2;0.857083708;4;3.522669562
16085;4022;0;0;1;-1.200265127
16086;4022;0;0;2;-0.637484346
16087;4022;0;0;3;0.879424601
16088;4022;0;0;4;1.633549779
16089;4023;2;0.161831088;1;4.460684231
16090;4023;2;0.161831088;2;3.440787134
16091;4023;2;0.161831088;3;4.859960131
16092;4023;2;0.161831088;4;7.387978886
16093;4024;4;0.745566625;1;7.070609847
16094;4024;4;0.745566625;2;7.335027988
16095;4024;4;0.745566625;3;8.995178919
16096;4024;4;0.745566625;4;10.3707676
16097;4025;4;0.968349944;1;4.562157806
16098;4025;4;0.968349944;2;7.00138558
16099;4025;4;0.968349944;3;7.338332414
16100;4025;4;0.968349944;4;7.604388169
16101;4026;0;0;1;1.858972458
16102;4026;0;0;2;1.623301901
16103;4026;0;0;3;3.483417892
16104;4026;0;0;4;2.693918783
16105;4027;4;0.494461801;1;5.776379534
16106;4027;4;0.494461801;2;7.965852452
16107;4027;4;0.494461801;3;5.47975436
16108;4027;4;0.494461801;4;8.544586626
16109;4028;0;0;1;2.803810566
16110;4028;0;0;2;1.840217165
16111;4028;0;0;3;5.284706898
16112;4028;0;0;4;6.200088143
16113;4029;2;0.71415331;1;5.029951351
16114;4029;2;0.71415331;2;5.303933807
16115;4029;2;0.71415331;3;2.519173355
16116;4029;2;0.71415331;4;7.173717985
16117;4030;3;0.82952095;1;2.377153849
16118;4030;3;0.82952095;2;3.237388442
16119;4030;3;0.82952095;3;6.358136674
16120;4030;3;0.82952095;4;7.244225646
16121;4031;0;0;1;1.123742936
16122;4031;0;0;2;3.935887021
16123;4031;0;0;3;3.201042866
16124;4031;0;0;4;4.318942754
16125;4032;3;0.629523908;1;4.691431846
16126;4032;3;0.629523908;2;6.418009184
16127;4032;3;0.629523908;3;8.295776451
16128;4032;3;0.629523908;4;6.587818438
16129;4033;4;0.900625466;1;4.521412459
16130;4033;4;0.900625466;2;7.086865601
16131;4033;4;0.900625466;3;5.84721879
16132;4033;4;0.900625466;4;8.465793486
16133;4034;2;0.610168515;1;3.617813769
16134;4034;2;0.610168515;2;4.570378265
16135;4034;2;0.610168515;3;5.696024301
16136;4034;2;0.610168515;4;5.577947849
16137;4035;4;0.909228121;1;3.954156844
16138;4035;4;0.909228121;2;3.847861176
16139;4035;4;0.909228121;3;5.97654221
16140;4035;4;0.909228121;4;6.888121586
16141;4036;3;0.109484734;1;2.086046752
16142;4036;3;0.109484734;2;2.692219736
16143;4036;3;0.109484734;3;4.346327021
16144;4036;3;0.109484734;4;4.640188754
16145;4037;4;0.288972375;1;2.388167805
16146;4037;4;0.288972375;2;5.817902406
16147;4037;4;0.288972375;3;9.063978049
16148;4037;4;0.288972375;4;7.592151107
16149;4038;0;0;1;1.632796112
16150;4038;0;0;2;0.771790303
16151;4038;0;0;3;3.587393081
16152;4038;0;0;4;1.849163505
16153;4039;4;0.236794678;1;5.110174557
16154;4039;4;0.236794678;2;5.151531825
16155;4039;4;0.236794678;3;6.244815706
16156;4039;4;0.236794678;4;9.84042653
16157;4040;4;0.834767548;1;4.049177684
16158;4040;4;0.834767548;2;6.727733999
16159;4040;4;0.834767548;3;6.224894907
16160;4040;4;0.834767548;4;8.325041682
16161;4041;0;0;1;-0.701116893
16162;4041;0;0;2;1.120407093
16163;4041;0;0;3;1.8495333
16164;4041;0;0;4;2.597869133
16165;4042;2;0.79843154;1;1.29763351
16166;4042;2;0.79843154;2;2.872564976
16167;4042;2;0.79843154;3;1.821946145
16168;4042;2;0.79843154;4;4.714253316
16169;4043;3;0.941619025;1;2.794002945
16170;4043;3;0.941619025;2;3.283307281
16171;4043;3;0.941619025;3;5.284150796
16172;4043;3;0.941619025;4;4.970848866
16173;4044;2;0.231888163;1;2.91286914
16174;4044;2;0.231888163;2;2.307103739
16175;4044;2;0.231888163;3;4.835763615
16176;4044;2;0.231888163;4;5.518603929
16177;4045;4;0.703835327;1;4.650214441
16178;4045;4;0.703835327;2;4.692546819
16179;4045;4;0.703835327;3;6.775143747
16180;4045;4;0.703835327;4;6.837578283
16181;4046;0;0;1;3.116997664
16182;4046;0;0;2;3.728988979
16183;4046;0;0;3;4.973881052
16184;4046;0;0;4;6.018832878
16185;4047;0;0;1;2.446275807
16186;4047;0;0;2;3.36443551
16187;4047;0;0;3;1.460199745
16188;4047;0;0;4;5.366432791
16189;4048;3;0.236003776;1;3.870510109
16190;4048;3;0.236003776;2;6.301869879
16191;4048;3;0.236003776;3;7.325413748
16192;4048;3;0.236003776;4;8.079297615
16193;4049;2;0.839516634;1;4.959086291
16194;4049;2;0.839516634;2;4.149417387
16195;4049;2;0.839516634;3;3.524282691
16196;4049;2;0.839516634;4;5.143012795
16197;4050;3;0.65578977;1;4.747118474
16198;4050;3;0.65578977;2;5.616507289
16199;4050;3;0.65578977;3;8.886284152
16200;4050;3;0.65578977;4;9.108292572
16201;4051;4;0.295547432;1;5.800510271
16202;4051;4;0.295547432;2;4.854777792
16203;4051;4;0.295547432;3;7.736321843
16204;4051;4;0.295547432;4;9.467000866
16205;4052;0;0;1;-0.544401626
16206;4052;0;0;2;2.627032639
16207;4052;0;0;3;3.750761605
16208;4052;0;0;4;5.110744322
16209;4053;2;0.394283151;1;4.484513965
16210;4053;2;0.394283151;2;4.469683144
16211;4053;2;0.394283151;3;3.954048501
16212;4053;2;0.394283151;4;7.13381276
16213;4054;2;0.291315617;1;2.917532256
16214;4054;2;0.291315617;2;5.543340593
16215;4054;2;0.291315617;3;5.719594427
16216;4054;2;0.291315617;4;6.352153529
16217;4055;4;0.823557415;1;4.817180063
16218;4055;4;0.823557415;2;5.124133263
16219;4055;4;0.823557415;3;7.661764418
16220;4055;4;0.823557415;4;7.43468285
16221;4056;0;0;1;1.750506055
16222;4056;0;0;2;4.343929393
16223;4056;0;0;3;3.450292118
16224;4056;0;0;4;5.368746358
16225;4057;0;0;1;0.298053472
16226;4057;0;0;2;2.414131079
16227;4057;0;0;3;-0.214637889
16228;4057;0;0;4;3.991574504
16229;4058;0;0;1;2.362241785
16230;4058;0;0;2;3.033305349
16231;4058;0;0;3;5.054806458
16232;4058;0;0;4;3.022448392
16233;4059;2;0.742127489;1;4.45215971
16234;4059;2;0.742127489;2;4.232828427
16235;4059;2;0.742127489;3;5.222927234
16236;4059;2;0.742127489;4;6.884432422
16237;4060;3;0.661155465;1;4.080094879
16238;4060;3;0.661155465;2;6.034507747
16239;4060;3;0.661155465;3;7.439085023
16240;4060;3;0.661155465;4;7.327442597
16241;4061;3;0.065327221;1;3.94412683
16242;4061;3;0.065327221;2;5.104818783
16243;4061;3;0.065327221;3;7.069399287
16244;4061;3;0.065327221;4;7.08317571
16245;4062;2;0.845107029;1;1.976324612
16246;4062;2;0.845107029;2;3.007034529
16247;4062;2;0.845107029;3;4.168310916
16248;4062;2;0.845107029;4;7.936036214
16249;4063;0;0;1;0.963606467
16250;4063;0;0;2;1.150733561
16251;4063;0;0;3;2.483228762
16252;4063;0;0;4;3.321242597
16253;4064;3;0.218033443;1;4.597259822
16254;4064;3;0.218033443;2;5.503205377
16255;4064;3;0.218033443;3;7.581903067
16256;4064;3;0.218033443;4;7.715927683
16257;4065;2;0.635961485;1;0.947873084
16258;4065;2;0.635961485;2;3.58493787
16259;4065;2;0.635961485;3;4.276780149
16260;4065;2;0.635961485;4;5.010386058
16261;4066;2;0.270662553;1;0.727035233
16262;4066;2;0.270662553;2;5.040277537
16263;4066;2;0.270662553;3;4.4226242
16264;4066;2;0.270662553;4;6.471496133
16265;4067;2;0.426185123;1;1.220851902
16266;4067;2;0.426185123;2;3.055741269
16267;4067;2;0.426185123;3;4.297959276
16268;4067;2;0.426185123;4;7.160644487
16269;4068;0;0;1;1.735877075
16270;4068;0;0;2;1.335974503
16271;4068;0;0;3;4.233839627
16272;4068;0;0;4;4.383118035
16273;4069;4;0.724193997;1;6.224781565
16274;4069;4;0.724193997;2;5.761968372
16275;4069;4;0.724193997;3;8.900036431
16276;4069;4;0.724193997;4;8.204239256
16277;4070;2;0.385098919;1;3.602385704
16278;4070;2;0.385098919;2;2.643931662
16279;4070;2;0.385098919;3;5.40973042
16280;4070;2;0.385098919;4;6.870819116
16281;4071;2;0.138238144;1;4.322139536
16282;4071;2;0.138238144;2;7.028849802
16283;4071;2;0.138238144;3;7.475938322
16284;4071;2;0.138238144;4;7.228335394
16285;4072;4;0.464721725;1;6.361282693
16286;4072;4;0.464721725;2;5.797653138
16287;4072;4;0.464721725;3;6.63182526
16288;4072;4;0.464721725;4;9.606300171
16289;4073;0;0;1;0.671309112
16290;4073;0;0;2;-0.391441948
16291;4073;0;0;3;2.028717992
16292;4073;0;0;4;2.512736116
16293;4074;4;0.350376369;1;4.309900491
16294;4074;4;0.350376369;2;5.566155092
16295;4074;4;0.350376369;3;5.805265592
16296;4074;4;0.350376369;4;6.058958948
16297;4075;0;0;1;0.482097288
16298;4075;0;0;2;2.255473356
16299;4075;0;0;3;1.404919771
16300;4075;0;0;4;2.89345
16301;4076;2;0.013758877;1;2.155173591
16302;4076;2;0.013758877;2;4.461878667
16303;4076;2;0.013758877;3;4.470822567
16304;4076;2;0.013758877;4;6.867635464
16305;4077;0;0;1;0.158482226
16306;4077;0;0;2;1.002249487
16307;4077;0;0;3;2.707216966
16308;4077;0;0;4;4.013772758
16309;4078;4;0.5283657;1;3.93934648
16310;4078;4;0.5283657;2;5.04273263
16311;4078;4;0.5283657;3;7.771648765
16312;4078;4;0.5283657;4;9.286478983
16313;4079;2;0.211503791;1;3.242419531
16314;4079;2;0.211503791;2;2.981772005
16315;4079;2;0.211503791;3;3.359290819
16316;4079;2;0.211503791;4;6.69218252
16317;4080;0;0;1;1.933223187
16318;4080;0;0;2;4.492627652
16319;4080;0;0;3;4.075352889
16320;4080;0;0;4;4.880532943
16321;4081;4;0.98943724;1;4.154941059
16322;4081;4;0.98943724;2;7.082177782
16323;4081;4;0.98943724;3;6.940774632
16324;4081;4;0.98943724;4;9.480695821
16325;4082;0;0;1;-0.10549421
16326;4082;0;0;2;1.055920182
16327;4082;0;0;3;0.657893512
16328;4082;0;0;4;4.209118622
16329;4083;4;0.155033354;1;6.761190956
16330;4083;4;0.155033354;2;6.136094307
16331;4083;4;0.155033354;3;6.794495345
16332;4083;4;0.155033354;4;9.47534156
16333;4084;4;0.944236068;1;7.5813091
16334;4084;4;0.944236068;2;6.052863157
16335;4084;4;0.944236068;3;7.451644265
16336;4084;4;0.944236068;4;10.02340856
16337;4085;2;0.172963684;1;2.591386021
16338;4085;2;0.172963684;2;3.059061673
16339;4085;2;0.172963684;3;6.445452284
16340;4085;2;0.172963684;4;6.818669395
16341;4086;0;0;1;2.516286923
16342;4086;0;0;2;2.976737075
16343;4086;0;0;3;3.271435407
16344;4086;0;0;4;4.908467773
16345;4087;4;0.457341224;1;5.969464228
16346;4087;4;0.457341224;2;6.114934339
16347;4087;4;0.457341224;3;6.484714313
16348;4087;4;0.457341224;4;7.385656389
16349;4088;3;0.585733824;1;3.723594457
16350;4088;3;0.585733824;2;6.418965955
16351;4088;3;0.585733824;3;5.382284749
16352;4088;3;0.585733824;4;7.429955832
16353;4089;4;0.128955856;1;5.595721302
16354;4089;4;0.128955856;2;4.910637162
16355;4089;4;0.128955856;3;7.624621036
16356;4089;4;0.128955856;4;7.319483265
16357;4090;4;0.024617212;1;5.057437875
16358;4090;4;0.024617212;2;4.52538229
16359;4090;4;0.024617212;3;6.010759859
16360;4090;4;0.024617212;4;7.904129658
16361;4091;2;0.302029027;1;2.922291633
16362;4091;2;0.302029027;2;4.57114242
16363;4091;2;0.302029027;3;6.636270702
16364;4091;2;0.302029027;4;7.68768981
16365;4092;2;0.928015835;1;2.450888068
16366;4092;2;0.928015835;2;4.321991035
16367;4092;2;0.928015835;3;4.820479432
16368;4092;2;0.928015835;4;5.326892163
16369;4093;3;0.625270977;1;4.676608869
16370;4093;3;0.625270977;2;5.116098743
16371;4093;3;0.625270977;3;6.828141334
16372;4093;3;0.625270977;4;4.641044707
16373;4094;3;0.964797055;1;4.668697898
16374;4094;3;0.964797055;2;5.342275651
16375;4094;3;0.964797055;3;6.87370785
16376;4094;3;0.964797055;4;7.484972681
16377;4095;0;0;1;0.711348078
16378;4095;0;0;2;0.77156719
16379;4095;0;0;3;2.992037623
16380;4095;0;0;4;3.576730973
16381;4096;3;0.688141214;1;3.514870296
16382;4096;3;0.688141214;2;3.487615153
16383;4096;3;0.688141214;3;3.019948846
16384;4096;3;0.688141214;4;5.846112877
16385;4097;0;0;1;0.060612279
16386;4097;0;0;2;-0.516563614
16387;4097;0;0;3;0.072453691
16388;4097;0;0;4;2.313114329
16389;4098;4;0.205021835;1;3.902360392
16390;4098;4;0.205021835;2;5.445097821
16391;4098;4;0.205021835;3;5.71313147
16392;4098;4;0.205021835;4;8.305288898
16393;4099;2;0.207606155;1;1.09881472
16394;4099;2;0.207606155;2;4.828967483
16395;4099;2;0.207606155;3;3.197712753
16396;4099;2;0.207606155;4;6.262355799
16397;4100;4;0.18421829;1;0.680438497
16398;4100;4;0.18421829;2;3.254176146
16399;4100;4;0.18421829;3;4.578588909
16400;4100;4;0.18421829;4;5.655863553
16401;4101;4;0.652982431;1;8.497999043
16402;4101;4;0.652982431;2;7.402732978
16403;4101;4;0.652982431;3;8.732361678
16404;4101;4;0.652982431;4;9.149494524
16405;4102;3;0.389335669;1;3.758415564
16406;4102;3;0.389335669;2;3.525597541
16407;4102;3;0.389335669;3;5.510199578
16408;4102;3;0.389335669;4;8.660933698
16409;4103;0;0;1;-0.969742855
16410;4103;0;0;2;2.338741604
16411;4103;0;0;3;2.671555997
16412;4103;0;0;4;4.640576788
16413;4104;0;0;1;-0.865384408
16414;4104;0;0;2;1.190122622
16415;4104;0;0;3;1.823852774
16416;4104;0;0;4;4.11243631
16417;4105;4;0.191989285;1;4.920578224
16418;4105;4;0.191989285;2;5.116736374
16419;4105;4;0.191989285;3;7.487181904
16420;4105;4;0.191989285;4;8.732626197
16421;4106;3;0.627633137;1;4.445895489
16422;4106;3;0.627633137;2;5.235402622
16423;4106;3;0.627633137;3;4.530026094
16424;4106;3;0.627633137;4;6.386268045
16425;4107;3;0.085846128;1;0.654878047
16426;4107;3;0.085846128;2;4.007869752
16427;4107;3;0.085846128;3;4.82985263
16428;4107;3;0.085846128;4;6.99806924
16429;4108;4;0.905014487;1;5.384935992
16430;4108;4;0.905014487;2;6.828897013
16431;4108;4;0.905014487;3;10.58823347
16432;4108;4;0.905014487;4;8.238873643
16433;4109;0;0;1;1.001697022
16434;4109;0;0;2;2.173929897
16435;4109;0;0;3;3.614558693
16436;4109;0;0;4;4.839028319
16437;4110;3;0.517989232;1;3.703934377
16438;4110;3;0.517989232;2;7.837173934
16439;4110;3;0.517989232;3;9.873248653
16440;4110;3;0.517989232;4;7.065589457
16441;4111;3;0.086150181;1;3.760886274
16442;4111;3;0.086150181;2;5.800389889
16443;4111;3;0.086150181;3;6.973946111
16444;4111;3;0.086150181;4;8.363476476
16445;4112;2;0.40461102;1;2.022244661
16446;4112;2;0.40461102;2;3.321297238
16447;4112;2;0.40461102;3;4.851832834
16448;4112;2;0.40461102;4;7.364210882
16449;4113;3;0.99371143;1;1.42202478
16450;4113;3;0.99371143;2;3.503203563
16451;4113;3;0.99371143;3;6.435072308
16452;4113;3;0.99371143;4;6.679536606
16453;4114;3;0.81238953;1;1.918448439
16454;4114;3;0.81238953;2;4.101592182
16455;4114;3;0.81238953;3;6.051227361
16456;4114;3;0.81238953;4;5.579414221
16457;4115;0;0;1;1.745161874
16458;4115;0;0;2;2.708382932
16459;4115;0;0;3;3.979227003
16460;4115;0;0;4;5.460986618
16461;4116;3;0.098201939;1;6.458545978
16462;4116;3;0.098201939;2;8.100068451
16463;4116;3;0.098201939;3;8.251040168
16464;4116;3;0.098201939;4;8.941289133
16465;4117;0;0;1;1.282711585
16466;4117;0;0;2;1.673441311
16467;4117;0;0;3;2.085712577
16468;4117;0;0;4;3.951828775
16469;4118;0;0;1;-0.394692544
16470;4118;0;0;2;0.985081584
16471;4118;0;0;3;1.183062775
16472;4118;0;0;4;2.783880657
16473;4119;2;0.89447683;1;3.7928931
16474;4119;2;0.89447683;2;5.023047089
16475;4119;2;0.89447683;3;6.126477569
16476;4119;2;0.89447683;4;6.876944829
16477;4120;0;0;1;1.664854509
16478;4120;0;0;2;1.919785189
16479;4120;0;0;3;0.551199351
16480;4120;0;0;4;1.21887498
16481;4121;3;0.856731428;1;3.008805867
16482;4121;3;0.856731428;2;4.723749807
16483;4121;3;0.856731428;3;5.229322255
16484;4121;3;0.856731428;4;4.391610517
16485;4122;3;0.897905432;1;4.633329975
16486;4122;3;0.897905432;2;7.10799383
16487;4122;3;0.897905432;3;6.961094223
16488;4122;3;0.897905432;4;6.84516282
16489;4123;3;0.876862046;1;3.23154186
16490;4123;3;0.876862046;2;4.662132176
16491;4123;3;0.876862046;3;5.209069984
16492;4123;3;0.876862046;4;6.820080078
16493;4124;3;0.079658835;1;3.284670289
16494;4124;3;0.079658835;2;4.350676753
16495;4124;3;0.079658835;3;5.052168154
16496;4124;3;0.079658835;4;6.339445504
16497;4125;0;0;1;3.204207151
16498;4125;0;0;2;2.657172948
16499;4125;0;0;3;3.99589329
16500;4125;0;0;4;2.555480671
16501;4126;2;0.403218715;1;4.704977912
16502;4126;2;0.403218715;2;5.726599126
16503;4126;2;0.403218715;3;7.665867798
16504;4126;2;0.403218715;4;7.062569336
16505;4127;0;0;1;2.265797669
16506;4127;0;0;2;1.065864311
16507;4127;0;0;3;2.356848869
16508;4127;0;0;4;2.908759194
16509;4128;2;0.524674592;1;3.484030564
16510;4128;2;0.524674592;2;3.928511312
16511;4128;2;0.524674592;3;3.449101417
16512;4128;2;0.524674592;4;5.070030749
16513;4129;0;0;1;1.924314547
16514;4129;0;0;2;1.729281102
16515;4129;0;0;3;2.268132934
16516;4129;0;0;4;4.041342651
16517;4130;3;0.742765613;1;3.827823889
16518;4130;3;0.742765613;2;4.365571279
16519;4130;3;0.742765613;3;6.76288141
16520;4130;3;0.742765613;4;8.606895216
16521;4131;3;0.711498875;1;2.984490405
16522;4131;3;0.711498875;2;6.057607008
16523;4131;3;0.711498875;3;6.630310125
16524;4131;3;0.711498875;4;6.041873725
16525;4132;3;0.81793482;1;3.745989514
16526;4132;3;0.81793482;2;4.242060354
16527;4132;3;0.81793482;3;6.067819522
16528;4132;3;0.81793482;4;6.064235397
16529;4133;0;0;1;2.29374532
16530;4133;0;0;2;3.424125796
16531;4133;0;0;3;4.290363791
16532;4133;0;0;4;4.540758671
16533;4134;4;0.680648163;1;4.228196602
16534;4134;4;0.680648163;2;4.911065705
16535;4134;4;0.680648163;3;7.626086189
16536;4134;4;0.680648163;4;7.729404627
16537;4135;2;0.25440413;1;2.142299231
16538;4135;2;0.25440413;2;3.991949156
16539;4135;2;0.25440413;3;4.298787685
16540;4135;2;0.25440413;4;6.434307333
16541;4136;0;0;1;2.208514538
16542;4136;0;0;2;-0.362615369
16543;4136;0;0;3;4.14497688
16544;4136;0;0;4;3.054194017
16545;4137;3;0.65503912;1;3.060379318
16546;4137;3;0.65503912;2;3.111324894
16547;4137;3;0.65503912;3;6.037807609
16548;4137;3;0.65503912;4;7.728764645
16549;4138;2;0.760437898;1;1.562740987
16550;4138;2;0.760437898;2;3.359080885
16551;4138;2;0.760437898;3;3.710750751
16552;4138;2;0.760437898;4;5.976517168
16553;4139;2;0.095805696;1;4.380773925
16554;4139;2;0.095805696;2;6.661044673
16555;4139;2;0.095805696;3;8.113049893
16556;4139;2;0.095805696;4;8.044895167
16557;4140;0;0;1;1.158896997
16558;4140;0;0;2;2.80642978
16559;4140;0;0;3;3.983556999
16560;4140;0;0;4;2.547283522
16561;4141;2;0.328810144;1;2.700198937
16562;4141;2;0.328810144;2;4.238991494
16563;4141;2;0.328810144;3;5.669209769
16564;4141;2;0.328810144;4;5.258676907
16565;4142;0;0;1;0.467348806
16566;4142;0;0;2;0.756573908
16567;4142;0;0;3;2.907411428
16568;4142;0;0;4;2.520903744
16569;4143;4;0.111725932;1;6.079837896
16570;4143;4;0.111725932;2;6.066978789
16571;4143;4;0.111725932;3;6.787612616
16572;4143;4;0.111725932;4;6.845084368
16573;4144;2;0.761618707;1;4.615228448
16574;4144;2;0.761618707;2;3.686927299
16575;4144;2;0.761618707;3;5.284773434
16576;4144;2;0.761618707;4;4.833478573
16577;4145;0;0;1;0.108578228
16578;4145;0;0;2;2.77778398
16579;4145;0;0;3;2.408012404
16580;4145;0;0;4;3.638746694
16581;4146;4;0.576655989;1;6.370587972
16582;4146;4;0.576655989;2;6.619494949
16583;4146;4;0.576655989;3;8.724449079
16584;4146;4;0.576655989;4;8.377899459
16585;4147;4;0.249101977;1;4.176434649
16586;4147;4;0.249101977;2;7.673733599
16587;4147;4;0.249101977;3;6.546668218
16588;4147;4;0.249101977;4;8.134547564
16589;4148;4;0.557854167;1;4.5229164
16590;4148;4;0.557854167;2;5.984469543
16591;4148;4;0.557854167;3;6.529807503
16592;4148;4;0.557854167;4;7.286055135
16593;4149;2;0.98595599;1;3.68204723
16594;4149;2;0.98595599;2;5.070502742
16595;4149;2;0.98595599;3;7.18406647
16596;4149;2;0.98595599;4;4.692069197
16597;4150;0;0;1;1.929977968
16598;4150;0;0;2;3.877310505
16599;4150;0;0;3;2.775041368
16600;4150;0;0;4;5.120099809
16601;4151;4;0.124112386;1;5.161864259
16602;4151;4;0.124112386;2;6.867426732
16603;4151;4;0.124112386;3;7.376561213
16604;4151;4;0.124112386;4;6.366649333
16605;4152;2;0.9419382;1;3.87198613
16606;4152;2;0.9419382;2;5.655563105
16607;4152;2;0.9419382;3;6.83836136
16608;4152;2;0.9419382;4;7.656258751
16609;4153;2;0.407725523;1;3.521831267
16610;4153;2;0.407725523;2;4.242995742
16611;4153;2;0.407725523;3;3.87432439
16612;4153;2;0.407725523;4;8.406627221
16613;4154;3;0.157590487;1;1.781721341
16614;4154;3;0.157590487;2;6.355731543
16615;4154;3;0.157590487;3;6.780134748
16616;4154;3;0.157590487;4;7.249702578
16617;4155;2;0.348362766;1;3.065278183
16618;4155;2;0.348362766;2;5.006215448
16619;4155;2;0.348362766;3;5.428806089
16620;4155;2;0.348362766;4;6.88686132
16621;4156;2;0.764791648;1;-1.042484043
16622;4156;2;0.764791648;2;0.591019353
16623;4156;2;0.764791648;3;2.505724469
16624;4156;2;0.764791648;4;1.054562703
16625;4157;3;0.511462206;1;2.619245563
16626;4157;3;0.511462206;2;4.488412366
16627;4157;3;0.511462206;3;5.280313298
16628;4157;3;0.511462206;4;5.399328338
16629;4158;0;0;1;3.204462707
16630;4158;0;0;2;3.155136488
16631;4158;0;0;3;5.774414835
16632;4158;0;0;4;6.485913681
16633;4159;3;0.043783881;1;2.663946616
16634;4159;3;0.043783881;2;2.699438498
16635;4159;3;0.043783881;3;2.710285498
16636;4159;3;0.043783881;4;5.951200506
16637;4160;0;0;1;-0.44068686
16638;4160;0;0;2;3.014411365
16639;4160;0;0;3;3.980611236
16640;4160;0;0;4;4.325748481
16641;4161;2;0.287260698;1;1.988576616
16642;4161;2;0.287260698;2;3.879193864
16643;4161;2;0.287260698;3;4.820590622
16644;4161;2;0.287260698;4;5.756045227
16645;4162;4;0.57837394;1;4.563422713
16646;4162;4;0.57837394;2;5.08263461
16647;4162;4;0.57837394;3;6.996844948
16648;4162;4;0.57837394;4;7.377924501
16649;4163;2;0.12728007;1;5.398034846
16650;4163;2;0.12728007;2;5.730238304
16651;4163;2;0.12728007;3;5.749112834
16652;4163;2;0.12728007;4;8.153879647
16653;4164;4;0.530220456;1;3.265628725
16654;4164;4;0.530220456;2;4.746168741
16655;4164;4;0.530220456;3;5.645030346
16656;4164;4;0.530220456;4;7.828274755
16657;4165;3;0.863254171;1;4.778850319
16658;4165;3;0.863254171;2;5.211301076
16659;4165;3;0.863254171;3;6.875112484
16660;4165;3;0.863254171;4;6.242405861
16661;4166;3;0.269858027;1;1.72221792
16662;4166;3;0.269858027;2;4.614992795
16663;4166;3;0.269858027;3;3.77303838
16664;4166;3;0.269858027;4;6.156158961
16665;4167;4;0.56623115;1;8.09957564
16666;4167;4;0.56623115;2;10.4753975
16667;4167;4;0.56623115;3;9.856446142
16668;4167;4;0.56623115;4;10.71786561
16669;4168;3;0.838837747;1;5.901784779
16670;4168;3;0.838837747;2;6.206854983
16671;4168;3;0.838837747;3;5.848711433
16672;4168;3;0.838837747;4;6.294130922
16673;4169;0;0;1;3.127396457
16674;4169;0;0;2;4.001243466
16675;4169;0;0;3;3.290680186
16676;4169;0;0;4;4.852656291
16677;4170;4;0.174067605;1;3.154175554
16678;4170;4;0.174067605;2;4.528074971
16679;4170;4;0.174067605;3;5.617346834
16680;4170;4;0.174067605;4;5.525377209
16681;4171;0;0;1;3.328661353
16682;4171;0;0;2;4.360095616
16683;4171;0;0;3;3.306686273
16684;4171;0;0;4;4.057554835
16685;4172;2;0.497587337;1;2.487161641
16686;4172;2;0.497587337;2;4.458892875
16687;4172;2;0.497587337;3;4.15107024
16688;4172;2;0.497587337;4;3.740459496
16689;4173;4;0.935173829;1;6.806020335
16690;4173;4;0.935173829;2;6.548787761
16691;4173;4;0.935173829;3;5.991735919
16692;4173;4;0.935173829;4;10.02954601
16693;4174;4;0.213820154;1;4.792889975
16694;4174;4;0.213820154;2;6.923959931
16695;4174;4;0.213820154;3;6.935822285
16696;4174;4;0.213820154;4;7.510088363
16697;4175;0;0;1;1.592039195
16698;4175;0;0;2;1.815809636
16699;4175;0;0;3;5.423432471
16700;4175;0;0;4;4.575542585
16701;4176;3;0.608881757;1;2.005141583
16702;4176;3;0.608881757;2;4.272751497
16703;4176;3;0.608881757;3;3.262340702
16704;4176;3;0.608881757;4;4.640365019
16705;4177;4;0.122287862;1;4.309244846
16706;4177;4;0.122287862;2;6.920361
16707;4177;4;0.122287862;3;8.428865318
16708;4177;4;0.122287862;4;8.14656045
16709;4178;3;0.183282936;1;4.647911267
16710;4178;3;0.183282936;2;5.719276152
16711;4178;3;0.183282936;3;7.100945193
16712;4178;3;0.183282936;4;8.072713761
16713;4179;3;0.334629651;1;4.551799814
16714;4179;3;0.334629651;2;5.236927366
16715;4179;3;0.334629651;3;5.234703115
16716;4179;3;0.334629651;4;6.818548975
16717;4180;2;0.406181377;1;3.090493593
16718;4180;2;0.406181377;2;5.968693833
16719;4180;2;0.406181377;3;6.075801848
16720;4180;2;0.406181377;4;5.563018085
16721;4181;2;0.577730657;1;5.460824024
16722;4181;2;0.577730657;2;5.833036806
16723;4181;2;0.577730657;3;8.804392276
16724;4181;2;0.577730657;4;9.046155053
16725;4182;4;0.608995127;1;5.628887235
16726;4182;4;0.608995127;2;8.581417746
16727;4182;4;0.608995127;3;8.828853603
16728;4182;4;0.608995127;4;9.793260351
16729;4183;0;0;1;1.650852657
16730;4183;0;0;2;4.797130726
16731;4183;0;0;3;4.847013769
16732;4183;0;0;4;3.781610334
16733;4184;2;0.994416564;1;1.557408049
16734;4184;2;0.994416564;2;2.73601089
16735;4184;2;0.994416564;3;4.322373736
16736;4184;2;0.994416564;4;5.547007124
16737;4185;0;0;1;0.572777016
16738;4185;0;0;2;2.497693415
16739;4185;0;0;3;4.671914221
16740;4185;0;0;4;3.749864183
16741;4186;0;0;1;3.321233181
16742;4186;0;0;2;4.482762702
16743;4186;0;0;3;5.656951212
16744;4186;0;0;4;5.109872705
16745;4187;4;0.250869211;1;3.391783606
16746;4187;4;0.250869211;2;7.154005468
16747;4187;4;0.250869211;3;7.868841248
16748;4187;4;0.250869211;4;9.20933157
16749;4188;0;0;1;1.858104562
16750;4188;0;0;2;1.187989757
16751;4188;0;0;3;2.701155219
16752;4188;0;0;4;4.683515977
16753;4189;0;0;1;2.606084767
16754;4189;0;0;2;4.699316047
16755;4189;0;0;3;4.517604305
16756;4189;0;0;4;6.240166737
16757;4190;2;0.558617278;1;3.38238461
16758;4190;2;0.558617278;2;4.934241524
16759;4190;2;0.558617278;3;7.403101117
16760;4190;2;0.558617278;4;6.020022057
16761;4191;0;0;1;-0.727723487
16762;4191;0;0;2;1.181606489
16763;4191;0;0;3;2.499785657
16764;4191;0;0;4;5.055672118
16765;4192;4;0.429643939;1;3.949217677
16766;4192;4;0.429643939;2;4.486219127
16767;4192;4;0.429643939;3;10.44633422
16768;4192;4;0.429643939;4;7.288753915
16769;4193;0;0;1;1.304914639
16770;4193;0;0;2;3.308343217
16771;4193;0;0;3;3.540456642
16772;4193;0;0;4;5.82015973
16773;4194;3;0.564709861;1;3.043546958
16774;4194;3;0.564709861;2;3.248533455
16775;4194;3;0.564709861;3;5.501212916
16776;4194;3;0.564709861;4;6.67702038
16777;4195;0;0;1;-0.215448033
16778;4195;0;0;2;1.872666221
16779;4195;0;0;3;3.522804439
16780;4195;0;0;4;4.33375604
16781;4196;4;0.812267736;1;4.443431064
16782;4196;4;0.812267736;2;5.469918467
16783;4196;4;0.812267736;3;7.584615946
16784;4196;4;0.812267736;4;10.59368572
16785;4197;0;0;1;1.089307439
16786;4197;0;0;2;0.315974298
16787;4197;0;0;3;2.728747646
16788;4197;0;0;4;3.858498579
16789;4198;2;0.30403077;1;3.049684541
16790;4198;2;0.30403077;2;2.347036702
16791;4198;2;0.30403077;3;3.507957647
16792;4198;2;0.30403077;4;4.510364445
16793;4199;2;0.268465049;1;3.91243053
16794;4199;2;0.268465049;2;3.290923623
16795;4199;2;0.268465049;3;5.625961782
16796;4199;2;0.268465049;4;8.229346009
16797;4200;2;0.855372402;1;3.275462477
16798;4200;2;0.855372402;2;7.7176299
16799;4200;2;0.855372402;3;6.109394813
16800;4200;2;0.855372402;4;7.584031068
16801;4201;3;0.604367834;1;6.225792375
16802;4201;3;0.604367834;2;7.405338562
16803;4201;3;0.604367834;3;5.014690243
16804;4201;3;0.604367834;4;9.096080315
16805;4202;4;0.833371973;1;5.017625675
16806;4202;4;0.833371973;2;6.765985855
16807;4202;4;0.833371973;3;6.943860361
16808;4202;4;0.833371973;4;7.582035565
16809;4203;4;0.791727645;1;4.360493402
16810;4203;4;0.791727645;2;6.317152557
16811;4203;4;0.791727645;3;7.297573014
16812;4203;4;0.791727645;4;7.624701564
16813;4204;2;0.310560079;1;4.264744084
16814;4204;2;0.310560079;2;3.83881893
16815;4204;2;0.310560079;3;7.029247659
16816;4204;2;0.310560079;4;7.531815298
16817;4205;2;0.716816066;1;4.721698154
16818;4205;2;0.716816066;2;3.829137932
16819;4205;2;0.716816066;3;6.150656971
16820;4205;2;0.716816066;4;5.842573544
16821;4206;3;0.843644495;1;3.869646366
16822;4206;3;0.843644495;2;2.488582473
16823;4206;3;0.843644495;3;3.980516462
16824;4206;3;0.843644495;4;5.126789183
16825;4207;0;0;1;2.449910549
16826;4207;0;0;2;2.536576069
16827;4207;0;0;3;4.213633271
16828;4207;0;0;4;5.799787812
16829;4208;0;0;1;0.754067607
16830;4208;0;0;2;3.157983493
16831;4208;0;0;3;3.473222822
16832;4208;0;0;4;4.927647301
16833;4209;2;0.823187787;1;5.078764754
16834;4209;2;0.823187787;2;4.665526048
16835;4209;2;0.823187787;3;6.952723154
16836;4209;2;0.823187787;4;7.146845143
16837;4210;4;0.920503778;1;5.456784962
16838;4210;4;0.920503778;2;5.696889343
16839;4210;4;0.920503778;3;8.435051896
16840;4210;4;0.920503778;4;7.772601501
16841;4211;4;0.677109867;1;7.534018971
16842;4211;4;0.677109867;2;6.929779513
16843;4211;4;0.677109867;3;8.481746202
16844;4211;4;0.677109867;4;7.958151681
16845;4212;2;0.011277463;1;3.054674031
16846;4212;2;0.011277463;2;3.127616646
16847;4212;2;0.011277463;3;5.756155685
16848;4212;2;0.011277463;4;5.041567842
16849;4213;2;0.530970399;1;1.502091892
16850;4213;2;0.530970399;2;4.498383288
16851;4213;2;0.530970399;3;4.708180829
16852;4213;2;0.530970399;4;6.548426288
16853;4214;4;0.687916136;1;4.706148791
16854;4214;4;0.687916136;2;6.707246801
16855;4214;4;0.687916136;3;4.853133218
16856;4214;4;0.687916136;4;10.4426388
16857;4215;4;0.213594022;1;6.191230229
16858;4215;4;0.213594022;2;8.711694584
16859;4215;4;0.213594022;3;8.027291898
16860;4215;4;0.213594022;4;11.26579806
16861;4216;0;0;1;0.19171355
16862;4216;0;0;2;1.344137938
16863;4216;0;0;3;2.312800479
16864;4216;0;0;4;3.846111875
16865;4217;4;0.775069779;1;5.142214494
16866;4217;4;0.775069779;2;4.547636306
16867;4217;4;0.775069779;3;8.411705689
16868;4217;4;0.775069779;4;8.195492225
16869;4218;2;0.194528721;1;1.844003341
16870;4218;2;0.194528721;2;3.944394411
16871;4218;2;0.194528721;3;3.899455657
16872;4218;2;0.194528721;4;4.29824635
16873;4219;3;0.06810589;1;4.734771196
16874;4219;3;0.06810589;2;5.431946416
16875;4219;3;0.06810589;3;6.517103996
16876;4219;3;0.06810589;4;7.097351032
16877;4220;0;0;1;-0.18805484
16878;4220;0;0;2;0.222611781
16879;4220;0;0;3;1.170603765
16880;4220;0;0;4;1.397939391
16881;4221;2;0.025463046;1;5.541328104
16882;4221;2;0.025463046;2;4.303991627
16883;4221;2;0.025463046;3;5.645477185
16884;4221;2;0.025463046;4;7.04689259
16885;4222;3;0.877583317;1;3.940834473
16886;4222;3;0.877583317;2;6.909708925
16887;4222;3;0.877583317;3;4.723740428
16888;4222;3;0.877583317;4;6.612005493
16889;4223;2;0.325490873;1;2.357989957
16890;4223;2;0.325490873;2;4.667706149
16891;4223;2;0.325490873;3;4.030196946
16892;4223;2;0.325490873;4;6.971595975
16893;4224;4;0.543377828;1;6.75344444
16894;4224;4;0.543377828;2;5.525525162
16895;4224;4;0.543377828;3;6.06512203
16896;4224;4;0.543377828;4;8.392526118
16897;4225;0;0;1;1.45697531
16898;4225;0;0;2;0.154589118
16899;4225;0;0;3;4.519963706
16900;4225;0;0;4;3.256339265
16901;4226;3;0.790477365;1;4.614115463
16902;4226;3;0.790477365;2;6.1009232
16903;4226;3;0.790477365;3;6.764170299
16904;4226;3;0.790477365;4;5.138842728
16905;4227;2;0.616312747;1;3.474679874
16906;4227;2;0.616312747;2;3.334562745
16907;4227;2;0.616312747;3;5.71373904
16908;4227;2;0.616312747;4;7.528839375
16909;4228;2;0.40961138;1;3.598261866
16910;4228;2;0.40961138;2;5.258853236
16911;4228;2;0.40961138;3;5.475225133
16912;4228;2;0.40961138;4;7.885816324
16913;4229;4;0.947756956;1;2.968215165
16914;4229;4;0.947756956;2;2.976305673
16915;4229;4;0.947756956;3;5.0616664
16916;4229;4;0.947756956;4;5.154788897
16917;4230;3;0.712539193;1;1.13088603
16918;4230;3;0.712539193;2;1.935017341
16919;4230;3;0.712539193;3;3.996167691
16920;4230;3;0.712539193;4;3.075215514
16921;4231;0;0;1;2.491761352
16922;4231;0;0;2;4.142791617
16923;4231;0;0;3;5.373701562
16924;4231;0;0;4;5.765906507
16925;4232;0;0;1;-1.452714924
16926;4232;0;0;2;0.562923311
16927;4232;0;0;3;1.714937776
16928;4232;0;0;4;2.694304425
16929;4233;3;0.398516729;1;3.824030345
16930;4233;3;0.398516729;2;4.728086669
16931;4233;3;0.398516729;3;4.990274782
16932;4233;3;0.398516729;4;3.751948471
16933;4234;2;0.1348345;1;-0.985954984
16934;4234;2;0.1348345;2;0.289099816
16935;4234;2;0.1348345;3;4.346702735
16936;4234;2;0.1348345;4;3.441672019
16937;4235;2;0.773660283;1;5.221476267
16938;4235;2;0.773660283;2;6.456485986
16939;4235;2;0.773660283;3;7.544453439
16940;4235;2;0.773660283;4;7.694971637
16941;4236;4;0.21279875;1;4.68607721
16942;4236;4;0.21279875;2;5.821690771
16943;4236;4;0.21279875;3;5.824158658
16944;4236;4;0.21279875;4;6.813472712
16945;4237;3;0.050930581;1;5.712662169
16946;4237;3;0.050930581;2;5.626121166
16947;4237;3;0.050930581;3;5.603046085
16948;4237;3;0.050930581;4;7.573605114
16949;4238;3;0.948717943;1;4.66630294
16950;4238;3;0.948717943;2;1.949883291
16951;4238;3;0.948717943;3;3.691997545
16952;4238;3;0.948717943;4;6.45004129
16953;4239;0;0;1;0.824270325
16954;4239;0;0;2;0.245956427
16955;4239;0;0;3;2.643317673
16956;4239;0;0;4;6.440448912
16957;4240;4;0.145016063;1;4.54918181
16958;4240;4;0.145016063;2;5.054265773
16959;4240;4;0.145016063;3;6.113403442
16960;4240;4;0.145016063;4;7.530886601
16961;4241;0;0;1;-0.413441323
16962;4241;0;0;2;1.714675296
16963;4241;0;0;3;1.780845593
16964;4241;0;0;4;5.739660018
16965;4242;3;0.456090561;1;3.848392516
16966;4242;3;0.456090561;2;3.544798241
16967;4242;3;0.456090561;3;5.790717348
16968;4242;3;0.456090561;4;5.954985344
16969;4243;0;0;1;1.38426113
16970;4243;0;0;2;1.889956981
16971;4243;0;0;3;4.31273348
16972;4243;0;0;4;5.005391229
16973;4244;3;0.640927972;1;5.207803591
16974;4244;3;0.640927972;2;6.046229266
16975;4244;3;0.640927972;3;8.003387113
16976;4244;3;0.640927972;4;7.046652798
16977;4245;0;0;1;-1.026631573
16978;4245;0;0;2;0.854214995
16979;4245;0;0;3;0.941300949
16980;4245;0;0;4;-0.619615566
16981;4246;3;0.408963227;1;4.201324913
16982;4246;3;0.408963227;2;2.854787354
16983;4246;3;0.408963227;3;7.922369138
16984;4246;3;0.408963227;4;6.134331854
16985;4247;2;0.904285062;1;2.924032003
16986;4247;2;0.904285062;2;5.223083625
16987;4247;2;0.904285062;3;6.633562377
16988;4247;2;0.904285062;4;8.102062429
16989;4248;2;0.679480917;1;3.400987587
16990;4248;2;0.679480917;2;2.524387996
16991;4248;2;0.679480917;3;7.568349168
16992;4248;2;0.679480917;4;7.130448877
16993;4249;2;0.780211326;1;3.891050946
16994;4249;2;0.780211326;2;2.843247109
16995;4249;2;0.780211326;3;3.9823003
16996;4249;2;0.780211326;4;7.571967063
16997;4250;4;0.861848216;1;2.646729257
16998;4250;4;0.861848216;2;4.409336831
16999;4250;4;0.861848216;3;4.241473295
17000;4250;4;0.861848216;4;7.660212638
17001;4251;4;0.032043513;1;5.487158318
17002;4251;4;0.032043513;2;8.070965194
17003;4251;4;0.032043513;3;6.002728416
17004;4251;4;0.032043513;4;8.082782964
17005;4252;2;0.894719241;1;4.940566813
17006;4252;2;0.894719241;2;5.87244293
17007;4252;2;0.894719241;3;6.951561777
17008;4252;2;0.894719241;4;4.903118737
17009;4253;3;0.878742428;1;3.671217385
17010;4253;3;0.878742428;2;6.1441688
17011;4253;3;0.878742428;3;7.376291832
17012;4253;3;0.878742428;4;8.383621343
17013;4254;0;0;1;1.13827697
17014;4254;0;0;2;3.690036128
17015;4254;0;0;3;4.088756842
17016;4254;0;0;4;5.541962795
17017;4255;2;0.31856222;1;5.837049521
17018;4255;2;0.31856222;2;7.387800339
17019;4255;2;0.31856222;3;6.151936479
17020;4255;2;0.31856222;4;9.981160937
17021;4256;3;0.887805142;1;6.924065638
17022;4256;3;0.887805142;2;6.543012952
17023;4256;3;0.887805142;3;7.923511706
17024;4256;3;0.887805142;4;6.788177332
17025;4257;2;0.215345021;1;2.879465698
17026;4257;2;0.215345021;2;3.634401222
17027;4257;2;0.215345021;3;3.78765891
17028;4257;2;0.215345021;4;6.309547011
17029;4258;0;0;1;0.085895492
17030;4258;0;0;2;-1.036586919
17031;4258;0;0;3;0.771542211
17032;4258;0;0;4;0.687428676
17033;4259;0;0;1;0.363146345
17034;4259;0;0;2;1.959663768
17035;4259;0;0;3;2.425930832
17036;4259;0;0;4;2.284742685
17037;4260;0;0;1;-1.143902434
17038;4260;0;0;2;1.523078396
17039;4260;0;0;3;1.4449762
17040;4260;0;0;4;2.033991485
17041;4261;0;0;1;1.982701007
17042;4261;0;0;2;3.149233737
17043;4261;0;0;3;5.34417711
17044;4261;0;0;4;5.406988864
17045;4262;2;0.085542372;1;3.024557044
17046;4262;2;0.085542372;2;4.438742351
17047;4262;2;0.085542372;3;6.217326687
17048;4262;2;0.085542372;4;6.70017129
17049;4263;4;0.534809674;1;5.703359433
17050;4263;4;0.534809674;2;7.731887216
17051;4263;4;0.534809674;3;8.661570464
17052;4263;4;0.534809674;4;8.700028249
17053;4264;0;0;1;1.066874983
17054;4264;0;0;2;3.561102751
17055;4264;0;0;3;1.583378073
17056;4264;0;0;4;3.548755796
17057;4265;4;0.800918667;1;4.545648136
17058;4265;4;0.800918667;2;7.011639368
17059;4265;4;0.800918667;3;6.481396583
17060;4265;4;0.800918667;4;9.206739404
17061;4266;4;0.975278084;1;6.107638452
17062;4266;4;0.975278084;2;5.963733354
17063;4266;4;0.975278084;3;6.030320156
17064;4266;4;0.975278084;4;7.556411148
17065;4267;3;0.043369749;1;3.130498858
17066;4267;3;0.043369749;2;5.213607396
17067;4267;3;0.043369749;3;5.677917439
17068;4267;3;0.043369749;4;5.411261369
17069;4268;3;0.889430518;1;3.299701256
17070;4268;3;0.889430518;2;4.981925574
17071;4268;3;0.889430518;3;6.342710455
17072;4268;3;0.889430518;4;6.835223518
17073;4269;3;0.057551101;1;2.961294986
17074;4269;3;0.057551101;2;1.891766652
17075;4269;3;0.057551101;3;5.931666776
17076;4269;3;0.057551101;4;6.006933671
17077;4270;3;0.584848556;1;4.131916063
17078;4270;3;0.584848556;2;4.383891355
17079;4270;3;0.584848556;3;5.894027095
17080;4270;3;0.584848556;4;6.64143052
17081;4271;2;0.804751145;1;3.432343576
17082;4271;2;0.804751145;2;6.536626808
17083;4271;2;0.804751145;3;5.457588017
17084;4271;2;0.804751145;4;6.432892205
17085;4272;3;0.894497129;1;2.339731594
17086;4272;3;0.894497129;2;2.609867489
17087;4272;3;0.894497129;3;5.292200885
17088;4272;3;0.894497129;4;6.824405781
17089;4273;3;0.628354937;1;4.672983567
17090;4273;3;0.628354937;2;3.158440619
17091;4273;3;0.628354937;3;3.629214012
17092;4273;3;0.628354937;4;5.159746755
17093;4274;4;0.47261378;1;5.899831676
17094;4274;4;0.47261378;2;6.907903039
17095;4274;4;0.47261378;3;7.737265513
17096;4274;4;0.47261378;4;8.832041057
17097;4275;2;0.685309854;1;2.08764364
17098;4275;2;0.685309854;2;1.140221919
17099;4275;2;0.685309854;3;6.343391989
17100;4275;2;0.685309854;4;6.514607729
17101;4276;3;0.497218173;1;4.48424262
17102;4276;3;0.497218173;2;5.811953686
17103;4276;3;0.497218173;3;6.551666587
17104;4276;3;0.497218173;4;7.885020805
17105;4277;4;0.194553075;1;5.262979647
17106;4277;4;0.194553075;2;4.943307571
17107;4277;4;0.194553075;3;6.857733306
17108;4277;4;0.194553075;4;7.4761512
17109;4278;2;0.398229083;1;3.172329807
17110;4278;2;0.398229083;2;5.480560549
17111;4278;2;0.398229083;3;5.191422059
17112;4278;2;0.398229083;4;8.250270357
17113;4279;0;0;1;-0.306238791
17114;4279;0;0;2;0.135512489
17115;4279;0;0;3;2.168545089
17116;4279;0;0;4;4.487587726
17117;4280;2;0.290560719;1;5.370487524
17118;4280;2;0.290560719;2;4.070014283
17119;4280;2;0.290560719;3;7.532243478
17120;4280;2;0.290560719;4;6.950763827
17121;4281;3;0.082506161;1;7.841403544
17122;4281;3;0.082506161;2;8.186395381
17123;4281;3;0.082506161;3;7.380487213
17124;4281;3;0.082506161;4;10.77513417
17125;4282;4;0.579427972;1;5.681029026
17126;4282;4;0.579427972;2;7.313929438
17127;4282;4;0.579427972;3;6.587602248
17128;4282;4;0.579427972;4;8.24028722
17129;4283;0;0;1;0.386715959
17130;4283;0;0;2;0.374109047
17131;4283;0;0;3;1.094408755
17132;4283;0;0;4;2.419171141
17133;4284;2;0.153228321;1;5.097701322
17134;4284;2;0.153228321;2;4.675382161
17135;4284;2;0.153228321;3;6.836416452
17136;4284;2;0.153228321;4;6.880828742
17137;4285;0;0;1;1.399382161
17138;4285;0;0;2;2.059443835
17139;4285;0;0;3;2.791523219
17140;4285;0;0;4;3.133393169
17141;4286;3;0.49114407;1;3.517574836
17142;4286;3;0.49114407;2;4.564976302
17143;4286;3;0.49114407;3;5.727084376
17144;4286;3;0.49114407;4;8.7970757
17145;4287;0;0;1;0.454481439
17146;4287;0;0;2;3.687118987
17147;4287;0;0;3;4.583741481
17148;4287;0;0;4;5.118521725
17149;4288;4;0.169698983;1;6.149717192
17150;4288;4;0.169698983;2;5.486478248
17151;4288;4;0.169698983;3;5.197577571
17152;4288;4;0.169698983;4;9.018715257
17153;4289;2;0.755571295;1;1.852259635
17154;4289;2;0.755571295;2;6.055138968
17155;4289;2;0.755571295;3;6.550630311
17156;4289;2;0.755571295;4;6.576405211
17157;4290;0;0;1;0.870867673
17158;4290;0;0;2;2.311542499
17159;4290;0;0;3;3.434965397
17160;4290;0;0;4;5.330448932
17161;4291;2;0.289652443;1;4.737468301
17162;4291;2;0.289652443;2;4.261409361
17163;4291;2;0.289652443;3;6.931726477
17164;4291;2;0.289652443;4;5.634389885
17165;4292;3;0.78401409;1;5.263497931
17166;4292;3;0.78401409;2;6.312788303
17167;4292;3;0.78401409;3;6.174515592
17168;4292;3;0.78401409;4;6.846548391
17169;4293;4;0.789631744;1;4.495346822
17170;4293;4;0.789631744;2;7.150651302
17171;4293;4;0.789631744;3;6.045541557
17172;4293;4;0.789631744;4;7.938672456
17173;4294;3;0.030908749;1;5.585333818
17174;4294;3;0.030908749;2;5.918336039
17175;4294;3;0.030908749;3;6.635620665
17176;4294;3;0.030908749;4;8.724848994
17177;4295;4;0.36548078;1;5.531286467
17178;4295;4;0.36548078;2;5.64367926
17179;4295;4;0.36548078;3;7.17346716
17180;4295;4;0.36548078;4;7.359609744
17181;4296;0;0;1;-0.471067345
17182;4296;0;0;2;1.548155429
17183;4296;0;0;3;3.264391632
17184;4296;0;0;4;3.668485131
17185;4297;4;0.567226757;1;8.175353545
17186;4297;4;0.567226757;2;6.258025112
17187;4297;4;0.567226757;3;9.139562101
17188;4297;4;0.567226757;4;10.26053654
17189;4298;2;0.606736132;1;3.602836887
17190;4298;2;0.606736132;2;3.600401942
17191;4298;2;0.606736132;3;5.897676702
17192;4298;2;0.606736132;4;7.627577483
17193;4299;2;0.610423109;1;2.550808404
17194;4299;2;0.610423109;2;5.190604613
17195;4299;2;0.610423109;3;3.678051159
17196;4299;2;0.610423109;4;6.387755812
17197;4300;3;0.482524943;1;2.256153927
17198;4300;3;0.482524943;2;3.94254107
17199;4300;3;0.482524943;3;5.570842573
17200;4300;3;0.482524943;4;7.287321764
17201;4301;3;0.763514861;1;3.321671783
17202;4301;3;0.763514861;2;5.268562949
17203;4301;3;0.763514861;3;6.034326523
17204;4301;3;0.763514861;4;8.490201525
17205;4302;4;0.171082624;1;6.499194218
17206;4302;4;0.171082624;2;7.673010097
17207;4302;4;0.171082624;3;8.664415043
17208;4302;4;0.171082624;4;7.394060284
17209;4303;4;0.345071608;1;4.648754059
17210;4303;4;0.345071608;2;8.255008926
17211;4303;4;0.345071608;3;7.379905836
17212;4303;4;0.345071608;4;9.050801182
17213;4304;3;0.304869139;1;3.13763386
17214;4304;3;0.304869139;2;6.648252348
17215;4304;3;0.304869139;3;5.884343668
17216;4304;3;0.304869139;4;7.42233449
17217;4305;2;0.848026488;1;3.525203495
17218;4305;2;0.848026488;2;4.39475141
17219;4305;2;0.848026488;3;3.578460856
17220;4305;2;0.848026488;4;6.000818803
17221;4306;0;0;1;1.737883081
17222;4306;0;0;2;2.217259852
17223;4306;0;0;3;4.489571237
17224;4306;0;0;4;3.375508083
17225;4307;4;0.703166353;1;3.688534534
17226;4307;4;0.703166353;2;4.31918724
17227;4307;4;0.703166353;3;7.779108189
17228;4307;4;0.703166353;4;7.54720632
17229;4308;3;0.339676848;1;3.070598611
17230;4308;3;0.339676848;2;4.454488597
17231;4308;3;0.339676848;3;5.846822506
17232;4308;3;0.339676848;4;6.770180028
17233;4309;0;0;1;-0.149661471
17234;4309;0;0;2;-0.334197191
17235;4309;0;0;3;0.718985318
17236;4309;0;0;4;3.405834496
17237;4310;0;0;1;1.543195897
17238;4310;0;0;2;2.105930471
17239;4310;0;0;3;2.416797674
17240;4310;0;0;4;2.94704074
17241;4311;2;0.114926612;1;4.010700357
17242;4311;2;0.114926612;2;1.51816054
17243;4311;2;0.114926612;3;3.544204461
17244;4311;2;0.114926612;4;7.594120917
17245;4312;0;0;1;1.39006351
17246;4312;0;0;2;2.401285277
17247;4312;0;0;3;3.923382652
17248;4312;0;0;4;4.592495995
17249;4313;0;0;1;-2.716064677
17250;4313;0;0;2;-1.230394617
17251;4313;0;0;3;0.977219086
17252;4313;0;0;4;2.418978731
17253;4314;4;0.010343755;1;4.889392698
17254;4314;4;0.010343755;2;6.56542985
17255;4314;4;0.010343755;3;5.769456528
17256;4314;4;0.010343755;4;10.36945615
17257;4315;0;0;1;1.277336615
17258;4315;0;0;2;4.972214799
17259;4315;0;0;3;4.670396646
17260;4315;0;0;4;4.420797713
17261;4316;3;0.513467615;1;4.586268065
17262;4316;3;0.513467615;2;7.127615268
17263;4316;3;0.513467615;3;5.694279309
17264;4316;3;0.513467615;4;7.320190242
17265;4317;0;0;1;-0.125720215
17266;4317;0;0;2;2.578038937
17267;4317;0;0;3;1.15174965
17268;4317;0;0;4;1.920631548
17269;4318;4;0.801770029;1;5.916934669
17270;4318;4;0.801770029;2;5.581265303
17271;4318;4;0.801770029;3;7.27957156
17272;4318;4;0.801770029;4;9.126633784
17273;4319;0;0;1;2.407622876
17274;4319;0;0;2;2.48415056
17275;4319;0;0;3;3.547658906
17276;4319;0;0;4;3.851675586
17277;4320;3;0.993190205;1;2.755537237
17278;4320;3;0.993190205;2;2.906020812
17279;4320;3;0.993190205;3;4.010043584
17280;4320;3;0.993190205;4;6.948730659
17281;4321;4;0.332132422;1;4.483556434
17282;4321;4;0.332132422;2;4.888776155
17283;4321;4;0.332132422;3;6.990063522
17284;4321;4;0.332132422;4;7.731361365
17285;4322;0;0;1;-0.784812408
17286;4322;0;0;2;2.632516004
17287;4322;0;0;3;3.560928782
17288;4322;0;0;4;5.848869259
17289;4323;4;0.368457703;1;6.228157805
17290;4323;4;0.368457703;2;7.298564738
17291;4323;4;0.368457703;3;7.688908757
17292;4323;4;0.368457703;4;9.81248767
17293;4324;2;0.655780519;1;4.847418818
17294;4324;2;0.655780519;2;5.414139291
17295;4324;2;0.655780519;3;8.283487274
17296;4324;2;0.655780519;4;7.303020303
17297;4325;2;0.413678567;1;3.915567747
17298;4325;2;0.413678567;2;3.104033203
17299;4325;2;0.413678567;3;5.669195718
17300;4325;2;0.413678567;4;5.933521049
17301;4326;0;0;1;2.834816704
17302;4326;0;0;2;2.453512468
17303;4326;0;0;3;3.894426604
17304;4326;0;0;4;4.211108257
17305;4327;4;0.45433876;1;5.41499445
17306;4327;4;0.45433876;2;5.444102236
17307;4327;4;0.45433876;3;8.026099245
17308;4327;4;0.45433876;4;8.656006439
17309;4328;2;0.028343981;1;1.024062538
17310;4328;2;0.028343981;2;3.009088449
17311;4328;2;0.028343981;3;3.283519981
17312;4328;2;0.028343981;4;4.563292281
17313;4329;0;0;1;0.962260565
17314;4329;0;0;2;4.855413796
17315;4329;0;0;3;3.382618814
17316;4329;0;0;4;4.674381224
17317;4330;0;0;1;-0.664326645
17318;4330;0;0;2;0.602823687
17319;4330;0;0;3;1.599389024
17320;4330;0;0;4;3.098494066
17321;4331;4;0.098478143;1;8.165018903
17322;4331;4;0.098478143;2;6.891522062
17323;4331;4;0.098478143;3;9.82720789
17324;4331;4;0.098478143;4;10.63276051
17325;4332;3;0.350175416;1;2.752935021
17326;4332;3;0.350175416;2;4.339264636
17327;4332;3;0.350175416;3;6.758680271
17328;4332;3;0.350175416;4;6.089201088
17329;4333;0;0;1;1.479722384
17330;4333;0;0;2;0.714746854
17331;4333;0;0;3;0.456587203
17332;4333;0;0;4;4.301102715
17333;4334;3;0.921458204;1;3.792104422
17334;4334;3;0.921458204;2;6.138669427
17335;4334;3;0.921458204;3;10.18059664
17336;4334;3;0.921458204;4;7.737335817
17337;4335;0;0;1;0.345917084
17338;4335;0;0;2;3.274492936
17339;4335;0;0;3;3.296887671
17340;4335;0;0;4;6.158187132
17341;4336;3;0.080787361;1;2.377753046
17342;4336;3;0.080787361;2;5.117648173
17343;4336;3;0.080787361;3;5.415662145
17344;4336;3;0.080787361;4;8.3195567
17345;4337;2;0.945396087;1;4.47725723
17346;4337;2;0.945396087;2;5.067494275
17347;4337;2;0.945396087;3;5.263587505
17348;4337;2;0.945396087;4;5.766262926
17349;4338;3;0.368302249;1;4.078872067
17350;4338;3;0.368302249;2;4.248800315
17351;4338;3;0.368302249;3;6.635803565
17352;4338;3;0.368302249;4;7.998130193
17353;4339;4;0.614361512;1;3.242206341
17354;4339;4;0.614361512;2;3.399396495
17355;4339;4;0.614361512;3;2.365603131
17356;4339;4;0.614361512;4;5.069042548
17357;4340;4;0.371450919;1;4.681411934
17358;4340;4;0.371450919;2;6.753370025
17359;4340;4;0.371450919;3;6.383639196
17360;4340;4;0.371450919;4;6.864783634
17361;4341;3;0.061799646;1;5.689634648
17362;4341;3;0.061799646;2;9.356239354
17363;4341;3;0.061799646;3;9.061670477
17364;4341;3;0.061799646;4;7.857920619
17365;4342;0;0;1;1.889108403
17366;4342;0;0;2;0.97291039
17367;4342;0;0;3;3.723655197
17368;4342;0;0;4;4.058012289
17369;4343;3;0.923859659;1;3.139500207
17370;4343;3;0.923859659;2;4.743123112
17371;4343;3;0.923859659;3;5.11016523
17372;4343;3;0.923859659;4;6.611823753
17373;4344;2;0.165418538;1;3.198167588
17374;4344;2;0.165418538;2;3.652202487
17375;4344;2;0.165418538;3;6.80214584
17376;4344;2;0.165418538;4;5.232068678
17377;4345;3;0.87443087;1;5.002289683
17378;4345;3;0.87443087;2;3.933172082
17379;4345;3;0.87443087;3;7.40138938
17380;4345;3;0.87443087;4;7.932263992
17381;4346;0;0;1;1.607379153
17382;4346;0;0;2;3.539345105
17383;4346;0;0;3;2.906186988
17384;4346;0;0;4;3.485043378
17385;4347;2;0.485269608;1;2.538600139
17386;4347;2;0.485269608;2;3.423010225
17387;4347;2;0.485269608;3;2.513269594
17388;4347;2;0.485269608;4;4.602576213
17389;4348;2;0.436945906;1;3.808503779
17390;4348;2;0.436945906;2;3.639902566
17391;4348;2;0.436945906;3;4.604146973
17392;4348;2;0.436945906;4;6.795144224
17393;4349;0;0;1;2.36574722
17394;4349;0;0;2;4.441541564
17395;4349;0;0;3;6.145256956
17396;4349;0;0;4;5.638284921
17397;4350;4;0.426933903;1;4.323965334
17398;4350;4;0.426933903;2;6.41208254
17399;4350;4;0.426933903;3;8.134563573
17400;4350;4;0.426933903;4;7.587977197
17401;4351;2;0.866949722;1;3.346229243
17402;4351;2;0.866949722;2;3.593304904
17403;4351;2;0.866949722;3;6.184470643
17404;4351;2;0.866949722;4;5.70140222
17405;4352;0;0;1;2.787210216
17406;4352;0;0;2;2.202286667
17407;4352;0;0;3;3.10897596
17408;4352;0;0;4;5.726690544
17409;4353;4;0.802990956;1;6.041646934
17410;4353;4;0.802990956;2;5.336358915
17411;4353;4;0.802990956;3;6.956641061
17412;4353;4;0.802990956;4;7.793624845
17413;4354;0;0;1;2.231612446
17414;4354;0;0;2;1.58443195
17415;4354;0;0;3;3.264856101
17416;4354;0;0;4;5.650735156
17417;4355;2;0.874789941;1;4.38022268
17418;4355;2;0.874789941;2;5.861371677
17419;4355;2;0.874789941;3;5.728999418
17420;4355;2;0.874789941;4;7.263188757
17421;4356;4;0.69258407;1;5.668111546
17422;4356;4;0.69258407;2;6.846856915
17423;4356;4;0.69258407;3;6.467616122
17424;4356;4;0.69258407;4;8.671824967
17425;4357;3;0.08481236;1;3.889401415
17426;4357;3;0.08481236;2;5.18623598
17427;4357;3;0.08481236;3;4.560216276
17428;4357;3;0.08481236;4;6.550663414
17429;4358;2;0.890738825;1;1.159028273
17430;4358;2;0.890738825;2;0.925865276
17431;4358;2;0.890738825;3;2.331049341
17432;4358;2;0.890738825;4;3.75256152
17433;4359;3;0.090973489;1;2.679898428
17434;4359;3;0.090973489;2;5.816134525
17435;4359;3;0.090973489;3;7.537575044
17436;4359;3;0.090973489;4;7.94008885
17437;4360;3;0.161705776;1;4.509699333
17438;4360;3;0.161705776;2;6.117850171
17439;4360;3;0.161705776;3;7.140921534
17440;4360;3;0.161705776;4;7.009565909
17441;4361;3;0.372685957;1;5.647055732
17442;4361;3;0.372685957;2;6.807636258
17443;4361;3;0.372685957;3;8.285012198
17444;4361;3;0.372685957;4;9.48609767
17445;4362;0;0;1;0.98371113
17446;4362;0;0;2;3.222343568
17447;4362;0;0;3;3.432094116
17448;4362;0;0;4;5.028058831
17449;4363;3;0.178189126;1;5.408358979
17450;4363;3;0.178189126;2;5.612990916
17451;4363;3;0.178189126;3;6.827191575
17452;4363;3;0.178189126;4;8.327302083
17453;4364;3;0.455646888;1;4.897208149
17454;4364;3;0.455646888;2;5.950889484
17455;4364;3;0.455646888;3;9.284481125
17456;4364;3;0.455646888;4;8.803704174
17457;4365;0;0;1;3.71690825
17458;4365;0;0;2;4.485052148
17459;4365;0;0;3;5.530685989
17460;4365;0;0;4;6.821168799
17461;4366;3;0.415683762;1;4.048390489
17462;4366;3;0.415683762;2;4.280088508
17463;4366;3;0.415683762;3;7.015162316
17464;4366;3;0.415683762;4;7.996755056
17465;4367;4;0.759621736;1;7.516256785
17466;4367;4;0.759621736;2;7.12918045
17467;4367;4;0.759621736;3;7.8935023
17468;4367;4;0.759621736;4;7.22101114
17469;4368;2;0.696856006;1;2.871726006
17470;4368;2;0.696856006;2;3.602267304
17471;4368;2;0.696856006;3;5.146605036
17472;4368;2;0.696856006;4;4.667946923
17473;4369;2;0.476467728;1;3.98904587
17474;4369;2;0.476467728;2;3.674007063
17475;4369;2;0.476467728;3;4.054040259
17476;4369;2;0.476467728;4;5.728720102
17477;4370;3;0.05850465;1;4.465785671
17478;4370;3;0.05850465;2;4.446369564
17479;4370;3;0.05850465;3;7.087347661
17480;4370;3;0.05850465;4;6.914681998
17481;4371;3;0.229414674;1;3.9856285
17482;4371;3;0.229414674;2;5.355279341
17483;4371;3;0.229414674;3;4.848341763
17484;4371;3;0.229414674;4;9.540065815
17485;4372;2;0.379646569;1;3.869323098
17486;4372;2;0.379646569;2;5.396732964
17487;4372;2;0.379646569;3;6.102810855
17488;4372;2;0.379646569;4;7.642966709
17489;4373;3;0.047288691;1;7.145003944
17490;4373;3;0.047288691;2;4.824837709
17491;4373;3;0.047288691;3;5.126969189
17492;4373;3;0.047288691;4;8.061128908
17493;4374;0;0;1;3.358833135
17494;4374;0;0;2;1.839729993
17495;4374;0;0;3;4.128862199
17496;4374;0;0;4;5.931874982
17497;4375;3;0.270089865;1;5.739672424
17498;4375;3;0.270089865;2;7.183332348
17499;4375;3;0.270089865;3;7.878772775
17500;4375;3;0.270089865;4;10.00435123
17501;4376;0;0;1;0.444246419
17502;4376;0;0;2;3.596751867
17503;4376;0;0;3;2.537495117
17504;4376;0;0;4;3.716370424
17505;4377;3;0.069054673;1;3.283067173
17506;4377;3;0.069054673;2;3.969017375
17507;4377;3;0.069054673;3;6.918318297
17508;4377;3;0.069054673;4;6.855515372
17509;4378;0;0;1;0.590489902
17510;4378;0;0;2;1.807190456
17511;4378;0;0;3;3.525530329
17512;4378;0;0;4;4.783787598
17513;4379;3;0.238191772;1;1.385723548
17514;4379;3;0.238191772;2;2.781633194
17515;4379;3;0.238191772;3;4.731379534
17516;4379;3;0.238191772;4;6.476930198
17517;4380;4;0.571219598;1;5.121183333
17518;4380;4;0.571219598;2;7.416088645
17519;4380;4;0.571219598;3;7.623702399
17520;4380;4;0.571219598;4;9.515584435
17521;4381;0;0;1;1.040804942
17522;4381;0;0;2;-0.410661288
17523;4381;0;0;3;2.817778127
17524;4381;0;0;4;2.517811759
17525;4382;3;0.401131438;1;3.748024791
17526;4382;3;0.401131438;2;6.615366933
17527;4382;3;0.401131438;3;4.742317199
17528;4382;3;0.401131438;4;4.653071834
17529;4383;4;0.497116495;1;4.989761713
17530;4383;4;0.497116495;2;5.447485252
17531;4383;4;0.497116495;3;5.324823474
17532;4383;4;0.497116495;4;8.304098662
17533;4384;3;0.94960978;1;4.14761326
17534;4384;3;0.94960978;2;5.905590829
17535;4384;3;0.94960978;3;6.707808429
17536;4384;3;0.94960978;4;7.210137675
17537;4385;4;0.693568985;1;4.735798526
17538;4385;4;0.693568985;2;7.521591767
17539;4385;4;0.693568985;3;6.603959118
17540;4385;4;0.693568985;4;9.45067926
17541;4386;2;0.362931043;1;3.316287589
17542;4386;2;0.362931043;2;4.280657693
17543;4386;2;0.362931043;3;6.54916174
17544;4386;2;0.362931043;4;7.411573039
17545;4387;3;0.890956852;1;5.254356784
17546;4387;3;0.890956852;2;6.723420128
17547;4387;3;0.890956852;3;7.255416863
17548;4387;3;0.890956852;4;7.316250639
17549;4388;0;0;1;0.419973254
17550;4388;0;0;2;1.773002631
17551;4388;0;0;3;3.123119834
17552;4388;0;0;4;5.328559597
17553;4389;4;0.608989126;1;5.85222695
17554;4389;4;0.608989126;2;5.301051431
17555;4389;4;0.608989126;3;7.631529724
17556;4389;4;0.608989126;4;7.956128449
17557;4390;3;0.708272458;1;0.797069385
17558;4390;3;0.708272458;2;3.784767535
17559;4390;3;0.708272458;3;5.436896689
17560;4390;3;0.708272458;4;6.907562574
17561;4391;4;0.017877569;1;2.882182306
17562;4391;4;0.017877569;2;4.723960551
17563;4391;4;0.017877569;3;6.527360947
17564;4391;4;0.017877569;4;8.093444261
17565;4392;3;0.591985496;1;3.634243027
17566;4392;3;0.591985496;2;5.939773461
17567;4392;3;0.591985496;3;4.394371825
17568;4392;3;0.591985496;4;6.905900507
17569;4393;4;0.210763336;1;3.306430325
17570;4393;4;0.210763336;2;4.993792731
17571;4393;4;0.210763336;3;7.458765495
17572;4393;4;0.210763336;4;6.320719031
17573;4394;0;0;1;2.087914781
17574;4394;0;0;2;3.752571695
17575;4394;0;0;3;4.19842789
17576;4394;0;0;4;3.895564548
17577;4395;4;0.789325397;1;4.356543643
17578;4395;4;0.789325397;2;7.113995152
17579;4395;4;0.789325397;3;7.713653966
17580;4395;4;0.789325397;4;8.443334653
17581;4396;3;0.090516174;1;2.356581822
17582;4396;3;0.090516174;2;2.300099836
17583;4396;3;0.090516174;3;5.559467852
17584;4396;3;0.090516174;4;5.132888366
17585;4397;0;0;1;2.068748762
17586;4397;0;0;2;-0.658568559
17587;4397;0;0;3;2.561633259
17588;4397;0;0;4;4.475171279
17589;4398;0;0;1;3.907600921
17590;4398;0;0;2;3.348232832
17591;4398;0;0;3;4.750999024
17592;4398;0;0;4;4.602159756
17593;4399;2;0.310597733;1;2.97830671
17594;4399;2;0.310597733;2;3.166896976
17595;4399;2;0.310597733;3;3.000219743
17596;4399;2;0.310597733;4;4.748493182
17597;4400;0;0;1;1.351735813
17598;4400;0;0;2;3.565754072
17599;4400;0;0;3;2.262839202
17600;4400;0;0;4;5.712975233
17601;4401;4;0.836486938;1;5.656362412
17602;4401;4;0.836486938;2;7.584687971
17603;4401;4;0.836486938;3;6.751976419
17604;4401;4;0.836486938;4;8.711785648
17605;4402;2;0.150147889;1;4.650234564
17606;4402;2;0.150147889;2;4.762844719
17607;4402;2;0.150147889;3;7.006090286
17608;4402;2;0.150147889;4;6.176313688
17609;4403;4;0.459946646;1;3.305369954
17610;4403;4;0.459946646;2;4.834517361
17611;4403;4;0.459946646;3;6.393568916
17612;4403;4;0.459946646;4;8.776314253
17613;4404;0;0;1;0.016469303
17614;4404;0;0;2;0.595145104
17615;4404;0;0;3;4.141796535
17616;4404;0;0;4;3.429098128
17617;4405;2;0.834188133;1;3.483027796
17618;4405;2;0.834188133;2;4.696274413
17619;4405;2;0.834188133;3;5.615681527
17620;4405;2;0.834188133;4;3.700263624
17621;4406;3;0.950929443;1;5.045746333
17622;4406;3;0.950929443;2;4.34823068
17623;4406;3;0.950929443;3;7.256878496
17624;4406;3;0.950929443;4;8.817748135
17625;4407;4;0.37814099;1;4.813416394
17626;4407;4;0.37814099;2;6.911402854
17627;4407;4;0.37814099;3;4.877371326
17628;4407;4;0.37814099;4;7.150992023
17629;4408;0;0;1;1.230136571
17630;4408;0;0;2;0.1374148
17631;4408;0;0;3;2.519532299
17632;4408;0;0;4;2.771682957
17633;4409;2;0.743764932;1;2.849785643
17634;4409;2;0.743764932;2;3.737765529
17635;4409;2;0.743764932;3;3.828544586
17636;4409;2;0.743764932;4;5.7698577
17637;4410;2;0.719108642;1;3.185108632
17638;4410;2;0.719108642;2;3.900373746
17639;4410;2;0.719108642;3;5.15535751
17640;4410;2;0.719108642;4;5.955292047
17641;4411;2;0.353119074;1;3.624057042
17642;4411;2;0.353119074;2;3.977690172
17643;4411;2;0.353119074;3;5.82643367
17644;4411;2;0.353119074;4;3.973854499
17645;4412;0;0;1;-2.614902415
17646;4412;0;0;2;-2.346700806
17647;4412;0;0;3;0.589852151
17648;4412;0;0;4;1.135462685
17649;4413;2;0.695153434;1;2.242904629
17650;4413;2;0.695153434;2;2.677606436
17651;4413;2;0.695153434;3;2.448976019
17652;4413;2;0.695153434;4;4.459670545
17653;4414;4;0.068661952;1;6.34787455
17654;4414;4;0.068661952;2;5.277556047
17655;4414;4;0.068661952;3;7.879322343
17656;4414;4;0.068661952;4;8.613018259
17657;4415;0;0;1;2.074065874
17658;4415;0;0;2;3.52803835
17659;4415;0;0;3;2.875907189
17660;4415;0;0;4;6.196712442
17661;4416;2;0.691529344;1;2.680548246
17662;4416;2;0.691529344;2;4.957634832
17663;4416;2;0.691529344;3;4.220671637
17664;4416;2;0.691529344;4;5.82476592
17665;4417;3;0.454762458;1;4.943115229
17666;4417;3;0.454762458;2;5.000511936
17667;4417;3;0.454762458;3;3.755349438
17668;4417;3;0.454762458;4;9.172914439
17669;4418;2;0.388108907;1;3.547667638
17670;4418;2;0.388108907;2;4.236236287
17671;4418;2;0.388108907;3;5.837981062
17672;4418;2;0.388108907;4;7.487854635
17673;4419;4;0.909781201;1;4.636470023
17674;4419;4;0.909781201;2;5.921378916
17675;4419;4;0.909781201;3;6.250467975
17676;4419;4;0.909781201;4;10.84138527
17677;4420;0;0;1;-0.254629959
17678;4420;0;0;2;0.928433435
17679;4420;0;0;3;3.23853245
17680;4420;0;0;4;2.709908429
17681;4421;3;0.491283268;1;2.868586374
17682;4421;3;0.491283268;2;4.623069854
17683;4421;3;0.491283268;3;6.440489531
17684;4421;3;0.491283268;4;7.267137158
17685;4422;4;0.341968858;1;8.098906816
17686;4422;4;0.341968858;2;8.972421129
17687;4422;4;0.341968858;3;6.021779285
17688;4422;4;0.341968858;4;10.34596193
17689;4423;0;0;1;4.136692935
17690;4423;0;0;2;3.613645187
17691;4423;0;0;3;4.525174275
17692;4423;0;0;4;3.748277378
17693;4424;2;0.941105374;1;4.495392798
17694;4424;2;0.941105374;2;5.696056166
17695;4424;2;0.941105374;3;6.331971406
17696;4424;2;0.941105374;4;6.810401067
17697;4425;4;0.835234394;1;4.248050328
17698;4425;4;0.835234394;2;6.395922656
17699;4425;4;0.835234394;3;5.983249256
17700;4425;4;0.835234394;4;7.554746014
17701;4426;0;0;1;0.560349451
17702;4426;0;0;2;1.557892954
17703;4426;0;0;3;1.207099815
17704;4426;0;0;4;3.611364303
17705;4427;0;0;1;2.772201028
17706;4427;0;0;2;2.080773452
17707;4427;0;0;3;2.523365951
17708;4427;0;0;4;3.773117868
17709;4428;0;0;1;-1.991644766
17710;4428;0;0;2;-0.799499026
17711;4428;0;0;3;1.159409502
17712;4428;0;0;4;2.535745507
17713;4429;4;0.393113165;1;4.934055181
17714;4429;4;0.393113165;2;7.091805132
17715;4429;4;0.393113165;3;9.768263528
17716;4429;4;0.393113165;4;9.367388979
17717;4430;3;0.044742044;1;3.44524958
17718;4430;3;0.044742044;2;6.123855081
17719;4430;3;0.044742044;3;4.489027997
17720;4430;3;0.044742044;4;6.427609578
17721;4431;0;0;1;0.785656003
17722;4431;0;0;2;2.552458307
17723;4431;0;0;3;2.284784643
17724;4431;0;0;4;4.962904328
17725;4432;4;0.190382401;1;5.819977438
17726;4432;4;0.190382401;2;5.069505542
17727;4432;4;0.190382401;3;7.599964835
17728;4432;4;0.190382401;4;8.675796584
17729;4433;4;0.868933178;1;5.40062915
17730;4433;4;0.868933178;2;8.029613962
17731;4433;4;0.868933178;3;6.425226612
17732;4433;4;0.868933178;4;9.175758568
17733;4434;4;0.810430628;1;4.635519011
17734;4434;4;0.810430628;2;3.920090624
17735;4434;4;0.810430628;3;7.288118669
17736;4434;4;0.810430628;4;8.793944332
17737;4435;4;0.018267014;1;4.030435108
17738;4435;4;0.018267014;2;5.493927051
17739;4435;4;0.018267014;3;6.809209087
17740;4435;4;0.018267014;4;7.896634018
17741;4436;4;0.71461997;1;3.930415379
17742;4436;4;0.71461997;2;3.767157904
17743;4436;4;0.71461997;3;7.157448427
17744;4436;4;0.71461997;4;7.556901683
17745;4437;3;0.724015909;1;2.631347658
17746;4437;3;0.724015909;2;5.107509172
17747;4437;3;0.724015909;3;5.386829331
17748;4437;3;0.724015909;4;7.751832627
17749;4438;2;0.109605056;1;1.996527596
17750;4438;2;0.109605056;2;3.568930399
17751;4438;2;0.109605056;3;2.772506405
17752;4438;2;0.109605056;4;5.729036907
17753;4439;4;0.110753907;1;6.094773994
17754;4439;4;0.110753907;2;6.67947516
17755;4439;4;0.110753907;3;6.566027754
17756;4439;4;0.110753907;4;8.614815961
17757;4440;0;0;1;-1.413077023
17758;4440;0;0;2;1.455033598
17759;4440;0;0;3;1.63421427
17760;4440;0;0;4;1.919496388
17761;4441;0;0;1;1.005589559
17762;4441;0;0;2;3.11786439
17763;4441;0;0;3;1.654954432
17764;4441;0;0;4;4.103153634
17765;4442;4;0.639923652;1;4.050122232
17766;4442;4;0.639923652;2;6.009958872
17767;4442;4;0.639923652;3;6.384860237
17768;4442;4;0.639923652;4;6.476905078
17769;4443;4;0.466745794;1;5.100134455
17770;4443;4;0.466745794;2;8.140199405
17771;4443;4;0.466745794;3;7.908316501
17772;4443;4;0.466745794;4;9.758025128
17773;4444;2;0.927403637;1;1.191309808
17774;4444;2;0.927403637;2;4.630779099
17775;4444;2;0.927403637;3;4.697204166
17776;4444;2;0.927403637;4;6.010124795
17777;4445;2;0.037986128;1;0.989229509
17778;4445;2;0.037986128;2;0.984543511
17779;4445;2;0.037986128;3;1.22460716
17780;4445;2;0.037986128;4;4.571324587
17781;4446;3;0.531710504;1;3.676471716
17782;4446;3;0.531710504;2;6.27042509
17783;4446;3;0.531710504;3;5.468373208
17784;4446;3;0.531710504;4;9.528476212
17785;4447;0;0;1;2.644746769
17786;4447;0;0;2;1.179004563
17787;4447;0;0;3;1.260246127
17788;4447;0;0;4;2.598288564
17789;4448;0;0;1;-0.927754769
17790;4448;0;0;2;0.586521286
17791;4448;0;0;3;3.215666891
17792;4448;0;0;4;3.031207913
17793;4449;2;0.100631373;1;1.866395239
17794;4449;2;0.100631373;2;5.579933212
17795;4449;2;0.100631373;3;4.781482551
17796;4449;2;0.100631373;4;8.30190558
17797;4450;0;0;1;0.182141735
17798;4450;0;0;2;0.392466845
17799;4450;0;0;3;2.04780822
17800;4450;0;0;4;2.244994119
17801;4451;0;0;1;-0.600298286
17802;4451;0;0;2;-1.320672252
17803;4451;0;0;3;3.851900678
17804;4451;0;0;4;2.930744188
17805;4452;2;0.82644988;1;5.772997958
17806;4452;2;0.82644988;2;5.296892467
17807;4452;2;0.82644988;3;5.902394177
17808;4452;2;0.82644988;4;6.790819912
17809;4453;3;0.418400359;1;4.963065391
17810;4453;3;0.418400359;2;2.341644335
17811;4453;3;0.418400359;3;4.263338823
17812;4453;3;0.418400359;4;4.813730523
17813;4454;2;0.279926973;1;3.633227995
17814;4454;2;0.279926973;2;4.837886866
17815;4454;2;0.279926973;3;5.836157565
17816;4454;2;0.279926973;4;7.094315596
17817;4455;4;0.317588071;1;7.481970798
17818;4455;4;0.317588071;2;7.984675983
17819;4455;4;0.317588071;3;7.370360179
17820;4455;4;0.317588071;4;9.169766572
17821;4456;3;0.926351327;1;2.072065928
17822;4456;3;0.926351327;2;4.497554572
17823;4456;3;0.926351327;3;6.30280459
17824;4456;3;0.926351327;4;8.285653603
17825;4457;4;0.769154623;1;6.277970255
17826;4457;4;0.769154623;2;6.789708239
17827;4457;4;0.769154623;3;6.701163352
17828;4457;4;0.769154623;4;9.115012496
17829;4458;4;0.798557847;1;3.907815882
17830;4458;4;0.798557847;2;7.270592795
17831;4458;4;0.798557847;3;6.661448505
17832;4458;4;0.798557847;4;8.180507222
17833;4459;2;0.154293303;1;5.428526862
17834;4459;2;0.154293303;2;4.375794118
17835;4459;2;0.154293303;3;5.746900262
17836;4459;2;0.154293303;4;6.249801376
17837;4460;0;0;1;3.173688571
17838;4460;0;0;2;3.438904008
17839;4460;0;0;3;4.329139405
17840;4460;0;0;4;4.15395906
17841;4461;3;0.215749533;1;4.604000012
17842;4461;3;0.215749533;2;5.01284335
17843;4461;3;0.215749533;3;4.731929583
17844;4461;3;0.215749533;4;7.392422069
17845;4462;3;0.032841741;1;5.235232066
17846;4462;3;0.032841741;2;5.834384967
17847;4462;3;0.032841741;3;8.689107159
17848;4462;3;0.032841741;4;9.330398472
17849;4463;2;0.515003152;1;1.611410267
17850;4463;2;0.515003152;2;1.052417748
17851;4463;2;0.515003152;3;4.026144106
17852;4463;2;0.515003152;4;6.031835815
17853;4464;4;0.248505706;1;4.512529498
17854;4464;4;0.248505706;2;6.817100967
17855;4464;4;0.248505706;3;5.989994696
17856;4464;4;0.248505706;4;7.491531572
17857;4465;0;0;1;0.037816492
17858;4465;0;0;2;1.419838737
17859;4465;0;0;3;1.473745978
17860;4465;0;0;4;2.803280734
17861;4466;2;0.617731816;1;5.928348139
17862;4466;2;0.617731816;2;5.500343261
17863;4466;2;0.617731816;3;6.00523828
17864;4466;2;0.617731816;4;5.764840316
17865;4467;4;0.432946867;1;4.808351332
17866;4467;4;0.432946867;2;5.068395116
17867;4467;4;0.432946867;3;5.947914905
17868;4467;4;0.432946867;4;7.097381423
17869;4468;0;0;1;-0.235447287
17870;4468;0;0;2;3.494674486
17871;4468;0;0;3;2.881986948
17872;4468;0;0;4;3.155813039
17873;4469;2;0.402405835;1;2.66633612
17874;4469;2;0.402405835;2;5.591065097
17875;4469;2;0.402405835;3;5.052454327
17876;4469;2;0.402405835;4;5.423532756
17877;4470;2;0.062923784;1;5.374433301
17878;4470;2;0.062923784;2;4.856267434
17879;4470;2;0.062923784;3;6.097854771
17880;4470;2;0.062923784;4;7.099480834
17881;4471;3;0.169931954;1;5.811769225
17882;4471;3;0.169931954;2;6.975141311
17883;4471;3;0.169931954;3;8.908864242
17884;4471;3;0.169931954;4;9.796601045
17885;4472;2;0.564346858;1;5.077681656
17886;4472;2;0.564346858;2;7.023524076
17887;4472;2;0.564346858;3;6.295857809
17888;4472;2;0.564346858;4;4.796947014
17889;4473;3;0.290950335;1;5.123315878
17890;4473;3;0.290950335;2;6.456092609
17891;4473;3;0.290950335;3;5.96870053
17892;4473;3;0.290950335;4;9.108761778
17893;4474;0;0;1;0.691572786
17894;4474;0;0;2;2.567838925
17895;4474;0;0;3;4.677151296
17896;4474;0;0;4;4.059329068
17897;4475;3;0.050357469;1;6.764361328
17898;4475;3;0.050357469;2;5.193056968
17899;4475;3;0.050357469;3;6.799324402
17900;4475;3;0.050357469;4;5.837060676
17901;4476;2;0.216297272;1;4.998068387
17902;4476;2;0.216297272;2;4.013968937
17903;4476;2;0.216297272;3;4.918221164
17904;4476;2;0.216297272;4;6.316083312
17905;4477;4;0.21723192;1;5.052459238
17906;4477;4;0.21723192;2;7.604961834
17907;4477;4;0.21723192;3;6.573064828
17908;4477;4;0.21723192;4;7.588562385
17909;4478;4;0.892302694;1;4.25148208
17910;4478;4;0.892302694;2;4.18386656
17911;4478;4;0.892302694;3;4.963743083
17912;4478;4;0.892302694;4;5.73289119
17913;4479;2;0.346572299;1;4.744784882
17914;4479;2;0.346572299;2;3.38304892
17915;4479;2;0.346572299;3;7.563896956
17916;4479;2;0.346572299;4;7.495613393
17917;4480;3;0.947507257;1;4.939980992
17918;4480;3;0.947507257;2;6.800061771
17919;4480;3;0.947507257;3;7.451040186
17920;4480;3;0.947507257;4;8.03034702
17921;4481;0;0;1;3.49916508
17922;4481;0;0;2;4.010443521
17923;4481;0;0;3;6.717066702
17924;4481;0;0;4;6.023135662
17925;4482;4;0.924557111;1;3.624659498
17926;4482;4;0.924557111;2;4.077136842
17927;4482;4;0.924557111;3;4.212664009
17928;4482;4;0.924557111;4;6.520716125
17929;4483;4;0.230865614;1;3.507837398
17930;4483;4;0.230865614;2;4.68819221
17931;4483;4;0.230865614;3;6.957544817
17932;4483;4;0.230865614;4;8.022025217
17933;4484;4;0.198513804;1;6.271145759
17934;4484;4;0.198513804;2;7.031107731
17935;4484;4;0.198513804;3;6.264599223
17936;4484;4;0.198513804;4;8.147670467
17937;4485;2;0.015812287;1;3.159360289
17938;4485;2;0.015812287;2;2.310512872
17939;4485;2;0.015812287;3;4.822286248
17940;4485;2;0.015812287;4;5.196419234
17941;4486;3;0.631577796;1;3.715460775
17942;4486;3;0.631577796;2;3.728800105
17943;4486;3;0.631577796;3;5.739342807
17944;4486;3;0.631577796;4;6.802926071
17945;4487;2;0.552860792;1;4.002330386
17946;4487;2;0.552860792;2;4.109372595
17947;4487;2;0.552860792;3;2.369961733
17948;4487;2;0.552860792;4;4.840692994
17949;4488;2;0.085758467;1;6.394341359
17950;4488;2;0.085758467;2;4.333376621
17951;4488;2;0.085758467;3;5.739862803
17952;4488;2;0.085758467;4;7.715318851
17953;4489;4;0.109647464;1;6.681848502
17954;4489;4;0.109647464;2;7.486128914
17955;4489;4;0.109647464;3;6.051749776
17956;4489;4;0.109647464;4;10.13900617
17957;4490;2;0.814868474;1;0.925047631
17958;4490;2;0.814868474;2;5.730363827
17959;4490;2;0.814868474;3;5.222730634
17960;4490;2;0.814868474;4;5.575502508
17961;4491;2;0.402193013;1;3.87274401
17962;4491;2;0.402193013;2;3.260608097
17963;4491;2;0.402193013;3;6.49535765
17964;4491;2;0.402193013;4;5.18982552
17965;4492;0;0;1;3.830693908
17966;4492;0;0;2;3.393959456
17967;4492;0;0;3;3.945333012
17968;4492;0;0;4;6.21322096
17969;4493;3;0.518568433;1;2.387601699
17970;4493;3;0.518568433;2;3.119778253
17971;4493;3;0.518568433;3;4.282105139
17972;4493;3;0.518568433;4;6.769852172
17973;4494;0;0;1;-0.108211451
17974;4494;0;0;2;2.277851208
17975;4494;0;0;3;2.785190581
17976;4494;0;0;4;3.28294681
17977;4495;3;0.656336329;1;2.38152881
17978;4495;3;0.656336329;2;3.257044458
17979;4495;3;0.656336329;3;4.752931477
17980;4495;3;0.656336329;4;5.572516346
17981;4496;0;0;1;3.089124744
17982;4496;0;0;2;5.028626109
17983;4496;0;0;3;6.28833202
17984;4496;0;0;4;4.255584608
17985;4497;0;0;1;0.768015102
17986;4497;0;0;2;1.346322029
17987;4497;0;0;3;0.474869453
17988;4497;0;0;4;3.86851588
17989;4498;2;0.620511801;1;3.194055464
17990;4498;2;0.620511801;2;3.271806072
17991;4498;2;0.620511801;3;4.275064995
17992;4498;2;0.620511801;4;5.162477057
17993;4499;0;0;1;0.708135312
17994;4499;0;0;2;2.260397612
17995;4499;0;0;3;3.191097909
17996;4499;0;0;4;4.49961193
17997;4500;4;0.205658149;1;6.206757972
17998;4500;4;0.205658149;2;6.690116684
17999;4500;4;0.205658149;3;7.505306111
18000;4500;4;0.205658149;4;8.46247476
18001;4501;0;0;1;-1.445658874
18002;4501;0;0;2;2.699796112
18003;4501;0;0;3;3.522644247
18004;4501;0;0;4;4.046892542
18005;4502;3;0.004583711;1;2.155197379
18006;4502;3;0.004583711;2;4.026989809
18007;4502;3;0.004583711;3;6.157206977
18008;4502;3;0.004583711;4;6.282304507
18009;4503;0;0;1;2.20049449
18010;4503;0;0;2;0.837616842
18011;4503;0;0;3;4.52685619
18012;4503;0;0;4;3.194109454
18013;4504;4;0.802708497;1;3.634129353
18014;4504;4;0.802708497;2;4.864989818
18015;4504;4;0.802708497;3;7.746619821
18016;4504;4;0.802708497;4;7.11887022
18017;4505;3;0.523859552;1;3.947543755
18018;4505;3;0.523859552;2;6.235226171
18019;4505;3;0.523859552;3;6.267246428
18020;4505;3;0.523859552;4;6.695222921
18021;4506;4;0.541163174;1;4.981114636
18022;4506;4;0.541163174;2;7.707247016
18023;4506;4;0.541163174;3;7.997409346
18024;4506;4;0.541163174;4;7.905285252
18025;4507;0;0;1;1.603927919
18026;4507;0;0;2;3.209270588
18027;4507;0;0;3;6.437806067
18028;4507;0;0;4;5.300075686
18029;4508;4;0.520949352;1;4.119390787
18030;4508;4;0.520949352;2;5.172355078
18031;4508;4;0.520949352;3;7.113639479
18032;4508;4;0.520949352;4;5.876204115
18033;4509;4;0.030703647;1;5.082370583
18034;4509;4;0.030703647;2;5.029254566
18035;4509;4;0.030703647;3;6.358247468
18036;4509;4;0.030703647;4;10.554372
18037;4510;3;0.144899043;1;3.13596034
18038;4510;3;0.144899043;2;3.730420918
18039;4510;3;0.144899043;3;5.260570432
18040;4510;3;0.144899043;4;6.039571853
18041;4511;0;0;1;1.290484475
18042;4511;0;0;2;1.273117137
18043;4511;0;0;3;3.986753806
18044;4511;0;0;4;3.704771537
18045;4512;4;0.977078204;1;5.440293513
18046;4512;4;0.977078204;2;7.057703398
18047;4512;4;0.977078204;3;9.07968112
18048;4512;4;0.977078204;4;7.102295983
18049;4513;4;0.612760623;1;4.349317265
18050;4513;4;0.612760623;2;5.084785676
18051;4513;4;0.612760623;3;4.256153021
18052;4513;4;0.612760623;4;8.89676381
18053;4514;0;0;1;-0.390777787
18054;4514;0;0;2;1.047794692
18055;4514;0;0;3;2.420524759
18056;4514;0;0;4;2.634864179
18057;4515;0;0;1;1.927379598
18058;4515;0;0;2;1.927283998
18059;4515;0;0;3;2.375858563
18060;4515;0;0;4;4.371975645
18061;4516;3;0.84125728;1;4.888599597
18062;4516;3;0.84125728;2;6.726832615
18063;4516;3;0.84125728;3;8.235542735
18064;4516;3;0.84125728;4;10.4460078
18065;4517;4;0.862440193;1;2.341842864
18066;4517;4;0.862440193;2;7.591811035
18067;4517;4;0.862440193;3;5.776838948
18068;4517;4;0.862440193;4;7.354459036
18069;4518;4;0.701355221;1;6.524455974
18070;4518;4;0.701355221;2;9.044172384
18071;4518;4;0.701355221;3;9.416904725
18072;4518;4;0.701355221;4;9.385675673
18073;4519;0;0;1;0.817137329
18074;4519;0;0;2;1.235873727
18075;4519;0;0;3;2.305788226
18076;4519;0;0;4;6.635969245
18077;4520;0;0;1;2.823813734
18078;4520;0;0;2;3.393220948
18079;4520;0;0;3;5.301222739
18080;4520;0;0;4;6.653602377
18081;4521;4;0.099042507;1;4.239260514
18082;4521;4;0.099042507;2;5.49800838
18083;4521;4;0.099042507;3;5.48306016
18084;4521;4;0.099042507;4;6.159262892
18085;4522;3;0.140653649;1;2.601079554
18086;4522;3;0.140653649;2;5.397209583
18087;4522;3;0.140653649;3;6.1637771
18088;4522;3;0.140653649;4;6.003791755
18089;4523;3;0.111080302;1;5.139494729
18090;4523;3;0.111080302;2;3.126170609
18091;4523;3;0.111080302;3;5.664118781
18092;4523;3;0.111080302;4;7.929174315
18093;4524;4;0.769887613;1;6.25837361
18094;4524;4;0.769887613;2;7.230615897
18095;4524;4;0.769887613;3;6.251248154
18096;4524;4;0.769887613;4;8.212000815
18097;4525;4;0.066745111;1;5.711455647
18098;4525;4;0.066745111;2;4.953941152
18099;4525;4;0.066745111;3;6.000593888
18100;4525;4;0.066745111;4;8.296493481
18101;4526;4;0.21929126;1;5.191927948
18102;4526;4;0.21929126;2;4.123142593
18103;4526;4;0.21929126;3;7.253359
18104;4526;4;0.21929126;4;7.910077242
18105;4527;0;0;1;1.725988995
18106;4527;0;0;2;0.452034577
18107;4527;0;0;3;0.904959644
18108;4527;0;0;4;3.485531136
18109;4528;3;0.262283816;1;3.676131767
18110;4528;3;0.262283816;2;4.258332625
18111;4528;3;0.262283816;3;5.58142808
18112;4528;3;0.262283816;4;5.511901096
18113;4529;2;0.778744421;1;2.984787607
18114;4529;2;0.778744421;2;2.418462661
18115;4529;2;0.778744421;3;4.599208242
18116;4529;2;0.778744421;4;6.070360849
18117;4530;3;0.967013155;1;5.70199952
18118;4530;3;0.967013155;2;6.088834671
18119;4530;3;0.967013155;3;7.046475838
18120;4530;3;0.967013155;4;5.023296787
18121;4531;4;0.659016318;1;6.193149814
18122;4531;4;0.659016318;2;7.104102618
18123;4531;4;0.659016318;3;7.026873444
18124;4531;4;0.659016318;4;10.52959895
18125;4532;2;0.022826344;1;0.905018492
18126;4532;2;0.022826344;2;1.502936619
18127;4532;2;0.022826344;3;1.405159329
18128;4532;2;0.022826344;4;3.35594309
18129;4533;4;0.834822963;1;4.751122059
18130;4533;4;0.834822963;2;5.469099279
18131;4533;4;0.834822963;3;6.056597241
18132;4533;4;0.834822963;4;7.71609606
18133;4534;3;0.557269804;1;2.660492252
18134;4534;3;0.557269804;2;4.257729841
18135;4534;3;0.557269804;3;7.31398658
18136;4534;3;0.557269804;4;7.874139276
18137;4535;0;0;1;0.690245282
18138;4535;0;0;2;3.578507329
18139;4535;0;0;3;3.379243624
18140;4535;0;0;4;5.12158381
18141;4536;0;0;1;-0.565998587
18142;4536;0;0;2;-0.889008129
18143;4536;0;0;3;0.484843894
18144;4536;0;0;4;0.642450006
18145;4537;2;0.495380501;1;3.12886907
18146;4537;2;0.495380501;2;3.545681506
18147;4537;2;0.495380501;3;3.184598245
18148;4537;2;0.495380501;4;5.57928654
18149;4538;4;0.896869331;1;4.493416084
18150;4538;4;0.896869331;2;5.337419856
18151;4538;4;0.896869331;3;5.392396024
18152;4538;4;0.896869331;4;6.662073541
18153;4539;2;0.685419604;1;3.5679478
18154;4539;2;0.685419604;2;2.852184795
18155;4539;2;0.685419604;3;3.448840977
18156;4539;2;0.685419604;4;5.064655613
18157;4540;3;0.76785198;1;2.370140715
18158;4540;3;0.76785198;2;4.073157283
18159;4540;3;0.76785198;3;4.863222118
18160;4540;3;0.76785198;4;6.138207553
18161;4541;4;0.561589387;1;5.722053359
18162;4541;4;0.561589387;2;7.102693549
18163;4541;4;0.561589387;3;8.78474211
18164;4541;4;0.561589387;4;11.24852554
18165;4542;2;0.897747181;1;3.03119043
18166;4542;2;0.897747181;2;1.562742309
18167;4542;2;0.897747181;3;2.007409006
18168;4542;2;0.897747181;4;5.595976952
18169;4543;2;0.887834065;1;2.346262659
18170;4543;2;0.887834065;2;5.069178943
18171;4543;2;0.887834065;3;5.077187972
18172;4543;2;0.887834065;4;6.589861383
18173;4544;2;0.552120983;1;1.44407852
18174;4544;2;0.552120983;2;1.345286156
18175;4544;2;0.552120983;3;3.461766442
18176;4544;2;0.552120983;4;5.695264465
18177;4545;3;0.201075501;1;1.901352387
18178;4545;3;0.201075501;2;3.8373647
18179;4545;3;0.201075501;3;6.582141901
18180;4545;3;0.201075501;4;8.396109927
18181;4546;3;0.114362782;1;3.081360305
18182;4546;3;0.114362782;2;5.878261366
18183;4546;3;0.114362782;3;6.063518509
18184;4546;3;0.114362782;4;6.796635241
18185;4547;0;0;1;0.615735959
18186;4547;0;0;2;1.005652604
18187;4547;0;0;3;2.01566553
18188;4547;0;0;4;4.103761803
18189;4548;3;0.992821426;1;4.722988992
18190;4548;3;0.992821426;2;4.580982645
18191;4548;3;0.992821426;3;4.475491551
18192;4548;3;0.992821426;4;5.092875713
18193;4549;3;0.56179624;1;3.011875925
18194;4549;3;0.56179624;2;5.811185807
18195;4549;3;0.56179624;3;7.894725964
18196;4549;3;0.56179624;4;10.02170622
18197;4550;4;0.574097393;1;4.467507354
18198;4550;4;0.574097393;2;5.834489138
18199;4550;4;0.574097393;3;6.785962979
18200;4550;4;0.574097393;4;7.539939582
18201;4551;2;0.658723858;1;1.612284851
18202;4551;2;0.658723858;2;4.24938775
18203;4551;2;0.658723858;3;5.316482724
18204;4551;2;0.658723858;4;8.33675308
18205;4552;2;0.168451196;1;3.858998798
18206;4552;2;0.168451196;2;4.746821321
18207;4552;2;0.168451196;3;6.976069381
18208;4552;2;0.168451196;4;7.679496806
18209;4553;3;0.057333997;1;1.158135881
18210;4553;3;0.057333997;2;1.89374395
18211;4553;3;0.057333997;3;3.662335784
18212;4553;3;0.057333997;4;3.528185876
18213;4554;0;0;1;-1.326461167
18214;4554;0;0;2;1.345601615
18215;4554;0;0;3;-0.451892238
18216;4554;0;0;4;1.579852813
18217;4555;0;0;1;1.018329964
18218;4555;0;0;2;2.364373777
18219;4555;0;0;3;2.268089709
18220;4555;0;0;4;4.547839805
18221;4556;0;0;1;-0.206386736
18222;4556;0;0;2;-1.110005485
18223;4556;0;0;3;0.777286158
18224;4556;0;0;4;3.117891819
18225;4557;0;0;1;1.467969111
18226;4557;0;0;2;2.15912646
18227;4557;0;0;3;1.877456675
18228;4557;0;0;4;3.652389681
18229;4558;3;0.750844236;1;6.280092343
18230;4558;3;0.750844236;2;3.446364009
18231;4558;3;0.750844236;3;6.523617031
18232;4558;3;0.750844236;4;6.818394723
18233;4559;3;0.552301697;1;4.328741064
18234;4559;3;0.552301697;2;5.878317633
18235;4559;3;0.552301697;3;9.06920205
18236;4559;3;0.552301697;4;8.555646825
18237;4560;4;0.060729846;1;2.329677985
18238;4560;4;0.060729846;2;5.890364775
18239;4560;4;0.060729846;3;7.599844088
18240;4560;4;0.060729846;4;6.455007214
18241;4561;0;0;1;1.855792389
18242;4561;0;0;2;2.089833897
18243;4561;0;0;3;3.656057411
18244;4561;0;0;4;4.831666124
18245;4562;2;0.855542201;1;2.672714627
18246;4562;2;0.855542201;2;3.389497501
18247;4562;2;0.855542201;3;6.09345473
18248;4562;2;0.855542201;4;7.659200844
18249;4563;4;0.942581716;1;6.153805324
18250;4563;4;0.942581716;2;7.908154136
18251;4563;4;0.942581716;3;9.532470068
18252;4563;4;0.942581716;4;8.658781634
18253;4564;3;0.537224733;1;3.431823877
18254;4564;3;0.537224733;2;7.261970708
18255;4564;3;0.537224733;3;5.354241942
18256;4564;3;0.537224733;4;8.302531922
18257;4565;0;0;1;1.502412619
18258;4565;0;0;2;1.129202294
18259;4565;0;0;3;4.114204107
18260;4565;0;0;4;6.175272496
18261;4566;4;0.403666021;1;4.668721723
18262;4566;4;0.403666021;2;5.44587199
18263;4566;4;0.403666021;3;6.951507155
18264;4566;4;0.403666021;4;6.480461241
18265;4567;2;0.659435604;1;3.27020123
18266;4567;2;0.659435604;2;5.564435568
18267;4567;2;0.659435604;3;4.346442335
18268;4567;2;0.659435604;4;5.76870453
18269;4568;3;0.663183597;1;4.415130285
18270;4568;3;0.663183597;2;3.931886123
18271;4568;3;0.663183597;3;4.50527861
18272;4568;3;0.663183597;4;6.33962262
18273;4569;2;0.289792489;1;4.969282636
18274;4569;2;0.289792489;2;4.689936976
18275;4569;2;0.289792489;3;6.713193437
18276;4569;2;0.289792489;4;6.522806226
18277;4570;4;0.667679227;1;4.506213045
18278;4570;4;0.667679227;2;8.724843796
18279;4570;4;0.667679227;3;7.680831315
18280;4570;4;0.667679227;4;9.992234467
18281;4571;0;0;1;1.662555563
18282;4571;0;0;2;4.269986528
18283;4571;0;0;3;1.919188431
18284;4571;0;0;4;2.47134604
18285;4572;3;0.130782207;1;4.525726916
18286;4572;3;0.130782207;2;5.450677084
18287;4572;3;0.130782207;3;7.008484457
18288;4572;3;0.130782207;4;9.175574107
18289;4573;2;0.005010884;1;1.625651911
18290;4573;2;0.005010884;2;3.873072011
18291;4573;2;0.005010884;3;3.982410128
18292;4573;2;0.005010884;4;4.318286472
18293;4574;0;0;1;3.216622162
18294;4574;0;0;2;4.350047162
18295;4574;0;0;3;4.737663579
18296;4574;0;0;4;6.021854821
18297;4575;3;0.161829242;1;3.314904747
18298;4575;3;0.161829242;2;5.064411652
18299;4575;3;0.161829242;3;6.201921783
18300;4575;3;0.161829242;4;8.112919794
18301;4576;0;0;1;-0.687831166
18302;4576;0;0;2;0.730299789
18303;4576;0;0;3;1.128367031
18304;4576;0;0;4;2.683231637
18305;4577;4;0.88106125;1;4.838526197
18306;4577;4;0.88106125;2;7.97775378
18307;4577;4;0.88106125;3;8.195686626
18308;4577;4;0.88106125;4;8.554328555
18309;4578;3;0.604542101;1;4.355296289
18310;4578;3;0.604542101;2;4.866360045
18311;4578;3;0.604542101;3;5.194029966
18312;4578;3;0.604542101;4;7.783262162
18313;4579;2;0.377671926;1;1.97129314
18314;4579;2;0.377671926;2;3.783456317
18315;4579;2;0.377671926;3;5.974196569
18316;4579;2;0.377671926;4;7.017329259
18317;4580;4;0.819614713;1;2.602893206
18318;4580;4;0.819614713;2;6.342186627
18319;4580;4;0.819614713;3;7.591512523
18320;4580;4;0.819614713;4;7.454591039
18321;4581;4;0.098649709;1;6.819273949
18322;4581;4;0.098649709;2;6.694973818
18323;4581;4;0.098649709;3;6.481950726
18324;4581;4;0.098649709;4;9.344079921
18325;4582;0;0;1;0.434278144
18326;4582;0;0;2;0.318438918
18327;4582;0;0;3;4.235106757
18328;4582;0;0;4;3.967712394
18329;4583;0;0;1;0.029631198
18330;4583;0;0;2;-0.523481539
18331;4583;0;0;3;2.751667574
18332;4583;0;0;4;2.263939998
18333;4584;3;0.40255472;1;2.154784218
18334;4584;3;0.40255472;2;4.309445573
18335;4584;3;0.40255472;3;5.231241004
18336;4584;3;0.40255472;4;5.520749863
18337;4585;3;0.637529944;1;4.456054681
18338;4585;3;0.637529944;2;4.09981714
18339;4585;3;0.637529944;3;4.077981886
18340;4585;3;0.637529944;4;5.32367868
18341;4586;3;0.52556086;1;5.576290745
18342;4586;3;0.52556086;2;7.302327174
18343;4586;3;0.52556086;3;8.978421489
18344;4586;3;0.52556086;4;8.603155721
18345;4587;2;0.153007695;1;1.750149741
18346;4587;2;0.153007695;2;4.892963989
18347;4587;2;0.153007695;3;5.176960457
18348;4587;2;0.153007695;4;5.64152672
18349;4588;2;0.887419748;1;1.738354861
18350;4588;2;0.887419748;2;3.603224131
18351;4588;2;0.887419748;3;2.108473695
18352;4588;2;0.887419748;4;5.256336699
18353;4589;3;0.995105136;1;4.356497794
18354;4589;3;0.995105136;2;5.370664999
18355;4589;3;0.995105136;3;7.293222715
18356;4589;3;0.995105136;4;7.825730218
18357;4590;3;0.521271552;1;3.850630633
18358;4590;3;0.521271552;2;5.317446149
18359;4590;3;0.521271552;3;5.862733077
18360;4590;3;0.521271552;4;6.455193711
18361;4591;3;0.889961566;1;3.180288932
18362;4591;3;0.889961566;2;6.936787033
18363;4591;3;0.889961566;3;6.672368349
18364;4591;3;0.889961566;4;7.773070835
18365;4592;3;0.894638719;1;4.741819476
18366;4592;3;0.894638719;2;6.578627555
18367;4592;3;0.894638719;3;5.348446558
18368;4592;3;0.894638719;4;6.995630674
18369;4593;0;0;1;0.308166086
18370;4593;0;0;2;1.18498697
18371;4593;0;0;3;1.192360619
18372;4593;0;0;4;4.170395029
18373;4594;3;0.576088092;1;3.229289694
18374;4594;3;0.576088092;2;4.358025649
18375;4594;3;0.576088092;3;4.779767584
18376;4594;3;0.576088092;4;6.81831078
18377;4595;0;0;1;-0.352939712
18378;4595;0;0;2;2.443913857
18379;4595;0;0;3;1.784626469
18380;4595;0;0;4;3.82650665
18381;4596;2;0.753872503;1;5.158521724
18382;4596;2;0.753872503;2;5.888398016
18383;4596;2;0.753872503;3;8.545941412
18384;4596;2;0.753872503;4;6.959146768
18385;4597;4;0.131049879;1;6.885721132
18386;4597;4;0.131049879;2;7.853753112
18387;4597;4;0.131049879;3;9.605711275
18388;4597;4;0.131049879;4;7.186484665
18389;4598;3;0.133879468;1;0.615608091
18390;4598;3;0.133879468;2;2.343813996
18391;4598;3;0.133879468;3;4.065516729
18392;4598;3;0.133879468;4;5.244766087
18393;4599;3;0.613788893;1;4.123977884
18394;4599;3;0.613788893;2;1.862575996
18395;4599;3;0.613788893;3;5.259705424
18396;4599;3;0.613788893;4;7.583714493
18397;4600;3;0.447906859;1;2.68237916
18398;4600;3;0.447906859;2;3.282910062
18399;4600;3;0.447906859;3;4.971847567
18400;4600;3;0.447906859;4;4.297526282
18401;4601;3;0.73831357;1;5.496984524
18402;4601;3;0.73831357;2;6.706719896
18403;4601;3;0.73831357;3;6.41042541
18404;4601;3;0.73831357;4;8.025645404
18405;4602;3;0.973347631;1;2.92906637
18406;4602;3;0.973347631;2;4.493630645
18407;4602;3;0.973347631;3;4.820491944
18408;4602;3;0.973347631;4;6.248616225
18409;4603;4;0.462011569;1;6.355461405
18410;4603;4;0.462011569;2;6.439945505
18411;4603;4;0.462011569;3;5.898498027
18412;4603;4;0.462011569;4;6.916972952
18413;4604;2;0.170533642;1;2.604412074
18414;4604;2;0.170533642;2;2.96792062
18415;4604;2;0.170533642;3;6.497906519
18416;4604;2;0.170533642;4;6.158576712
18417;4605;0;0;1;1.545792769
18418;4605;0;0;2;2.615852388
18419;4605;0;0;3;2.573197748
18420;4605;0;0;4;3.661731853
18421;4606;0;0;1;1.944452664
18422;4606;0;0;2;2.627908491
18423;4606;0;0;3;5.497513176
18424;4606;0;0;4;5.313735797
18425;4607;0;0;1;-0.826647708
18426;4607;0;0;2;1.754032889
18427;4607;0;0;3;0.119268785
18428;4607;0;0;4;2.968873293
18429;4608;4;0.237660496;1;3.943939888
18430;4608;4;0.237660496;2;5.427120248
18431;4608;4;0.237660496;3;8.731146706
18432;4608;4;0.237660496;4;10.01674827
18433;4609;2;0.659666566;1;3.656030001
18434;4609;2;0.659666566;2;5.83833363
18435;4609;2;0.659666566;3;5.537784248
18436;4609;2;0.659666566;4;5.740953119
18437;4610;2;0.983398279;1;1.968760993
18438;4610;2;0.983398279;2;2.429904939
18439;4610;2;0.983398279;3;5.665986136
18440;4610;2;0.983398279;4;4.206180201
18441;4611;4;0.343663804;1;5.682372267
18442;4611;4;0.343663804;2;5.491940667
18443;4611;4;0.343663804;3;8.144499821
18444;4611;4;0.343663804;4;9.500687868
18445;4612;2;0.937719772;1;3.245567968
18446;4612;2;0.937719772;2;5.137516662
18447;4612;2;0.937719772;3;6.435684578
18448;4612;2;0.937719772;4;6.389053188
18449;4613;4;0.544176901;1;4.46731956
18450;4613;4;0.544176901;2;4.268142767
18451;4613;4;0.544176901;3;5.001779135
18452;4613;4;0.544176901;4;6.646038233
18453;4614;0;0;1;-1.924074765
18454;4614;0;0;2;1.657242379
18455;4614;0;0;3;1.095709213
18456;4614;0;0;4;2.117774731
18457;4615;2;0.743455719;1;4.11558518
18458;4615;2;0.743455719;2;7.385372494
18459;4615;2;0.743455719;3;7.954433305
18460;4615;2;0.743455719;4;9.164043542
18461;4616;2;0.056809199;1;1.271465996
18462;4616;2;0.056809199;2;3.842538808
18463;4616;2;0.056809199;3;5.338335299
18464;4616;2;0.056809199;4;4.78888167
18465;4617;3;0.857479977;1;4.92644259
18466;4617;3;0.857479977;2;4.656539417
18467;4617;3;0.857479977;3;5.270217015
18468;4617;3;0.857479977;4;6.041939922
18469;4618;3;0.377279969;1;4.447520204
18470;4618;3;0.377279969;2;3.825255844
18471;4618;3;0.377279969;3;6.232409339
18472;4618;3;0.377279969;4;7.883321349
18473;4619;3;0.029822408;1;3.427839211
18474;4619;3;0.029822408;2;7.060146583
18475;4619;3;0.029822408;3;8.297351346
18476;4619;3;0.029822408;4;8.866468121
18477;4620;4;0.24359389;1;6.828188801
18478;4620;4;0.24359389;2;9.240780014
18479;4620;4;0.24359389;3;8.334402858
18480;4620;4;0.24359389;4;10.82909788
18481;4621;2;0.074520522;1;2.218948989
18482;4621;2;0.074520522;2;3.173147594
18483;4621;2;0.074520522;3;5.137659722
18484;4621;2;0.074520522;4;5.451611281
18485;4622;0;0;1;0.626423247
18486;4622;0;0;2;1.030539603
18487;4622;0;0;3;2.567700431
18488;4622;0;0;4;4.956790155
18489;4623;4;0.67761141;1;4.592020017
18490;4623;4;0.67761141;2;6.528405881
18491;4623;4;0.67761141;3;7.287829356
18492;4623;4;0.67761141;4;7.950032314
18493;4624;0;0;1;0.920517298
18494;4624;0;0;2;0.709878749
18495;4624;0;0;3;2.251479658
18496;4624;0;0;4;3.319135351
18497;4625;2;0.72517341;1;2.970229372
18498;4625;2;0.72517341;2;5.976206468
18499;4625;2;0.72517341;3;6.374781727
18500;4625;2;0.72517341;4;6.9035418
18501;4626;4;0.965674037;1;7.798224715
18502;4626;4;0.965674037;2;5.953593967
18503;4626;4;0.965674037;3;8.526953182
18504;4626;4;0.965674037;4;10.4470314
18505;4627;0;0;1;-1.360899105
18506;4627;0;0;2;0.54787122
18507;4627;0;0;3;2.535403171
18508;4627;0;0;4;2.945296049
18509;4628;3;0.9453809;1;4.839466973
18510;4628;3;0.9453809;2;3.006837154
18511;4628;3;0.9453809;3;6.627891578
18512;4628;3;0.9453809;4;8.829565229
18513;4629;0;0;1;0.593572498
18514;4629;0;0;2;1.700114582
18515;4629;0;0;3;1.967852587
18516;4629;0;0;4;2.744322415
18517;4630;4;0.360128858;1;5.252113377
18518;4630;4;0.360128858;2;5.307472365
18519;4630;4;0.360128858;3;5.522533368
18520;4630;4;0.360128858;4;8.056080908
18521;4631;0;0;1;0.093957412
18522;4631;0;0;2;0.188233086
18523;4631;0;0;3;1.129758253
18524;4631;0;0;4;4.242689513
18525;4632;3;0.848168566;1;2.079939906
18526;4632;3;0.848168566;2;3.116140306
18527;4632;3;0.848168566;3;3.304317161
18528;4632;3;0.848168566;4;3.072426889
18529;4633;0;0;1;-0.591223977
18530;4633;0;0;2;0.313796327
18531;4633;0;0;3;2.171379444
18532;4633;0;0;4;2.687556288
18533;4634;4;0.416216414;1;4.723738123
18534;4634;4;0.416216414;2;2.787913922
18535;4634;4;0.416216414;3;4.195048231
18536;4634;4;0.416216414;4;5.454280382
18537;4635;4;0.847377664;1;6.708929992
18538;4635;4;0.847377664;2;5.415576839
18539;4635;4;0.847377664;3;5.962778658
18540;4635;4;0.847377664;4;9.35873301
18541;4636;0;0;1;0.331916579
18542;4636;0;0;2;1.339659428
18543;4636;0;0;3;2.94507044
18544;4636;0;0;4;4.222235615
18545;4637;4;0.549117068;1;6.014029936
18546;4637;4;0.549117068;2;6.9375079
18547;4637;4;0.549117068;3;8.900917205
18548;4637;4;0.549117068;4;9.332660931
18549;4638;0;0;1;1.542323456
18550;4638;0;0;2;2.544198143
18551;4638;0;0;3;2.699358545
18552;4638;0;0;4;4.248635819
18553;4639;3;0.775419981;1;3.778564136
18554;4639;3;0.775419981;2;4.840163075
18555;4639;3;0.775419981;3;6.053119132
18556;4639;3;0.775419981;4;7.43208109
18557;4640;3;0.890417136;1;2.474197845
18558;4640;3;0.890417136;2;1.813527945
18559;4640;3;0.890417136;3;4.024440851
18560;4640;3;0.890417136;4;6.399397357
18561;4641;2;0.161742035;1;3.354188697
18562;4641;2;0.161742035;2;3.906937046
18563;4641;2;0.161742035;3;4.470995838
18564;4641;2;0.161742035;4;6.036729564
18565;4642;3;0.959138035;1;3.118715497
18566;4642;3;0.959138035;2;4.912900694
18567;4642;3;0.959138035;3;4.901381705
18568;4642;3;0.959138035;4;6.88318069
18569;4643;4;0.555698025;1;4.299880152
18570;4643;4;0.555698025;2;5.520213245
18571;4643;4;0.555698025;3;7.936938671
18572;4643;4;0.555698025;4;6.175675079
18573;4644;4;0.747456635;1;4.196808821
18574;4644;4;0.747456635;2;6.07391632
18575;4644;4;0.747456635;3;4.601711758
18576;4644;4;0.747456635;4;7.415412147
18577;4645;0;0;1;-0.048294489
18578;4645;0;0;2;2.407823054
18579;4645;0;0;3;0.909329134
18580;4645;0;0;4;2.896708016
18581;4646;2;0.428223125;1;1.102359304
18582;4646;2;0.428223125;2;1.042904006
18583;4646;2;0.428223125;3;3.246400363
18584;4646;2;0.428223125;4;3.750822081
18585;4647;2;0.510280341;1;3.739831195
18586;4647;2;0.510280341;2;2.579928543
18587;4647;2;0.510280341;3;2.868638549
18588;4647;2;0.510280341;4;6.528239358
18589;4648;3;0.289013509;1;6.311450292
18590;4648;3;0.289013509;2;6.31405162
18591;4648;3;0.289013509;3;7.043716321
18592;4648;3;0.289013509;4;9.583838209
18593;4649;3;0.153146719;1;5.464065535
18594;4649;3;0.153146719;2;6.937046122
18595;4649;3;0.153146719;3;6.983063671
18596;4649;3;0.153146719;4;9.768915668
18597;4650;3;0.853936256;1;1.727327231
18598;4650;3;0.853936256;2;3.435952544
18599;4650;3;0.853936256;3;4.681852145
18600;4650;3;0.853936256;4;6.057053415
18601;4651;3;0.039283831;1;5.496183126
18602;4651;3;0.039283831;2;5.594736314
18603;4651;3;0.039283831;3;6.029769753
18604;4651;3;0.039283831;4;8.691739379
18605;4652;0;0;1;1.779081296
18606;4652;0;0;2;3.073966097
18607;4652;0;0;3;4.523139509
18608;4652;0;0;4;2.866429365
18609;4653;4;0.187147012;1;5.257440464
18610;4653;4;0.187147012;2;5.98443956
18611;4653;4;0.187147012;3;5.028772655
18612;4653;4;0.187147012;4;7.872589026
18613;4654;2;0.059268202;1;2.959721582
18614;4654;2;0.059268202;2;4.513839286
18615;4654;2;0.059268202;3;5.487350096
18616;4654;2;0.059268202;4;5.795589804
18617;4655;2;0.975165527;1;0.175457345
18618;4655;2;0.975165527;2;2.657628881
18619;4655;2;0.975165527;3;2.439110686
18620;4655;2;0.975165527;4;3.286558876
18621;4656;4;0.714558157;1;5.477046455
18622;4656;4;0.714558157;2;7.307460575
18623;4656;4;0.714558157;3;9.503192574
18624;4656;4;0.714558157;4;7.1214374
18625;4657;0;0;1;-1.109877034
18626;4657;0;0;2;0.070752506
18627;4657;0;0;3;2.806722441
18628;4657;0;0;4;2.803807304
18629;4658;2;0.900714458;1;2.30064542
18630;4658;2;0.900714458;2;3.022085734
18631;4658;2;0.900714458;3;3.92154932
18632;4658;2;0.900714458;4;5.268472805
18633;4659;3;0.312402186;1;3.848243925
18634;4659;3;0.312402186;2;5.635711862
18635;4659;3;0.312402186;3;6.907118104
18636;4659;3;0.312402186;4;6.889532756
18637;4660;2;0.84959436;1;2.134711168
18638;4660;2;0.84959436;2;4.496962366
18639;4660;2;0.84959436;3;4.540402818
18640;4660;2;0.84959436;4;5.1054498
18641;4661;0;0;1;3.558169855
18642;4661;0;0;2;1.132972739
18643;4661;0;0;3;2.325687319
18644;4661;0;0;4;3.46689867
18645;4662;4;0.832480081;1;3.366896153
18646;4662;4;0.832480081;2;4.684075876
18647;4662;4;0.832480081;3;6.143084975
18648;4662;4;0.832480081;4;4.943366885
18649;4663;3;0.240161299;1;4.701961457
18650;4663;3;0.240161299;2;3.407401235
18651;4663;3;0.240161299;3;4.431610421
18652;4663;3;0.240161299;4;6.608989487
18653;4664;2;0.978291687;1;2.819953553
18654;4664;2;0.978291687;2;3.34498363
18655;4664;2;0.978291687;3;5.498894077
18656;4664;2;0.978291687;4;5.94711077
18657;4665;0;0;1;1.556655443
18658;4665;0;0;2;2.542255594
18659;4665;0;0;3;4.801970166
18660;4665;0;0;4;5.760785415
18661;4666;4;0.72009313;1;4.152206019
18662;4666;4;0.72009313;2;4.934557692
18663;4666;4;0.72009313;3;6.006304
18664;4666;4;0.72009313;4;8.594062239
18665;4667;3;0.516234977;1;4.183173772
18666;4667;3;0.516234977;2;5.240894917
18667;4667;3;0.516234977;3;5.287884632
18668;4667;3;0.516234977;4;8.34505413
18669;4668;2;0.349213523;1;3.226992204
18670;4668;2;0.349213523;2;4.229567315
18671;4668;2;0.349213523;3;7.221473616
18672;4668;2;0.349213523;4;5.467417968
18673;4669;4;0.436339146;1;5.185165535
18674;4669;4;0.436339146;2;5.738839694
18675;4669;4;0.436339146;3;9.688690945
18676;4669;4;0.436339146;4;8.845563498
18677;4670;2;0.941051067;1;3.306717746
18678;4670;2;0.941051067;2;3.918646053
18679;4670;2;0.941051067;3;4.695388534
18680;4670;2;0.941051067;4;6.46018394
18681;4671;4;0.760352237;1;5.008791396
18682;4671;4;0.760352237;2;5.633633997
18683;4671;4;0.760352237;3;8.652911429
18684;4671;4;0.760352237;4;8.691384362
18685;4672;4;0.795623384;1;1.620950686
18686;4672;4;0.795623384;2;4.894162899
18687;4672;4;0.795623384;3;5.531297562
18688;4672;4;0.795623384;4;6.638746774
18689;4673;3;0.749397972;1;5.808297944
18690;4673;3;0.749397972;2;7.085187438
18691;4673;3;0.749397972;3;6.263013774
18692;4673;3;0.749397972;4;6.98513993
18693;4674;2;0.726502783;1;2.610611687
18694;4674;2;0.726502783;2;5.339006
18695;4674;2;0.726502783;3;5.61804896
18696;4674;2;0.726502783;4;6.702144222
18697;4675;0;0;1;-0.974522053
18698;4675;0;0;2;0.662290396
18699;4675;0;0;3;1.167659892
18700;4675;0;0;4;4.573624317
18701;4676;2;0.350279093;1;3.727673919
18702;4676;2;0.350279093;2;4.779161948
18703;4676;2;0.350279093;3;6.773443446
18704;4676;2;0.350279093;4;6.286246338
18705;4677;4;0.447137778;1;5.622680197
18706;4677;4;0.447137778;2;4.573287852
18707;4677;4;0.447137778;3;7.334922868
18708;4677;4;0.447137778;4;8.593631219
18709;4678;3;0.638826182;1;3.420367474
18710;4678;3;0.638826182;2;5.667943355
18711;4678;3;0.638826182;3;3.088354761
18712;4678;3;0.638826182;4;5.98217325
18713;4679;4;0.59350963;1;5.187764739
18714;4679;4;0.59350963;2;5.186156845
18715;4679;4;0.59350963;3;7.446685618
18716;4679;4;0.59350963;4;6.859463102
18717;4680;2;0.676690546;1;1.870750273
18718;4680;2;0.676690546;2;6.263943145
18719;4680;2;0.676690546;3;4.66924009
18720;4680;2;0.676690546;4;8.144039283
18721;4681;3;0.867334784;1;4.334317547
18722;4681;3;0.867334784;2;4.248377864
18723;4681;3;0.867334784;3;4.911384001
18724;4681;3;0.867334784;4;7.292871403
18725;4682;2;0.387611454;1;2.599284014
18726;4682;2;0.387611454;2;5.489362146
18727;4682;2;0.387611454;3;3.904117556
18728;4682;2;0.387611454;4;5.138776807
18729;4683;3;0.456205717;1;5.113183521
18730;4683;3;0.456205717;2;4.861330623
18731;4683;3;0.456205717;3;5.225119734
18732;4683;3;0.456205717;4;6.343122043
18733;4684;2;0.984714274;1;0.4252604
18734;4684;2;0.984714274;2;3.013148307
18735;4684;2;0.984714274;3;2.29108947
18736;4684;2;0.984714274;4;4.457493713
18737;4685;0;0;1;1.871998269
18738;4685;0;0;2;3.420244672
18739;4685;0;0;3;2.914850546
18740;4685;0;0;4;2.677196057
18741;4686;3;0.494409457;1;5.247031637
18742;4686;3;0.494409457;2;3.73555249
18743;4686;3;0.494409457;3;5.987530211
18744;4686;3;0.494409457;4;7.063901577
18745;4687;3;0.035989502;1;4.925070993
18746;4687;3;0.035989502;2;6.182287396
18747;4687;3;0.035989502;3;5.727370329
18748;4687;3;0.035989502;4;6.905445897
18749;4688;2;0.609316614;1;1.39487268
18750;4688;2;0.609316614;2;3.802798825
18751;4688;2;0.609316614;3;4.267257477
18752;4688;2;0.609316614;4;5.084469006
18753;4689;4;0.146786089;1;4.861388731
18754;4689;4;0.146786089;2;5.446847297
18755;4689;4;0.146786089;3;5.917327155
18756;4689;4;0.146786089;4;6.372698327
18757;4690;0;0;1;1.512198345
18758;4690;0;0;2;4.798317925
18759;4690;0;0;3;4.710616488
18760;4690;0;0;4;6.071094229
18761;4691;4;0.648274166;1;4.582039455
18762;4691;4;0.648274166;2;7.540174951
18763;4691;4;0.648274166;3;7.654768392
18764;4691;4;0.648274166;4;7.999305447
18765;4692;0;0;1;-1.526489221
18766;4692;0;0;2;1.098828152
18767;4692;0;0;3;2.076903742
18768;4692;0;0;4;1.676749597
18769;4693;4;0.067536426;1;4.686864133
18770;4693;4;0.067536426;2;7.451316169
18771;4693;4;0.067536426;3;8.873882725
18772;4693;4;0.067536426;4;7.23479881
18773;4694;4;0.342498806;1;3.715739367
18774;4694;4;0.342498806;2;6.376295357
18775;4694;4;0.342498806;3;4.546568877
18776;4694;4;0.342498806;4;7.508962654
18777;4695;0;0;1;0.791676849
18778;4695;0;0;2;0.883286938
18779;4695;0;0;3;2.520017009
18780;4695;0;0;4;4.650511249
18781;4696;0;0;1;1.976928744
18782;4696;0;0;2;3.372521514
18783;4696;0;0;3;4.543272706
18784;4696;0;0;4;5.035470015
18785;4697;2;0.357865555;1;1.716571608
18786;4697;2;0.357865555;2;5.410260804
18787;4697;2;0.357865555;3;6.958626041
18788;4697;2;0.357865555;4;8.577814983
18789;4698;0;0;1;-0.104245346
18790;4698;0;0;2;-1.313825486
18791;4698;0;0;3;2.150167129
18792;4698;0;0;4;0.651626388
18793;4699;3;0.801092316;1;3.457099328
18794;4699;3;0.801092316;2;4.610454323
18795;4699;3;0.801092316;3;3.805716808
18796;4699;3;0.801092316;4;5.47058384
18797;4700;4;0.679789628;1;6.099758006
18798;4700;4;0.679789628;2;6.242928713
18799;4700;4;0.679789628;3;6.69283022
18800;4700;4;0.679789628;4;7.966738111
18801;4701;2;0.668374582;1;3.342302634
18802;4701;2;0.668374582;2;6.444637678
18803;4701;2;0.668374582;3;5.751381233
18804;4701;2;0.668374582;4;6.328701635
18805;4702;2;0.259536991;1;4.622501142
18806;4702;2;0.259536991;2;3.862903205
18807;4702;2;0.259536991;3;5.901645634
18808;4702;2;0.259536991;4;6.620152987
18809;4703;2;0.296623071;1;4.133650676
18810;4703;2;0.296623071;2;4.724285903
18811;4703;2;0.296623071;3;5.050326812
18812;4703;2;0.296623071;4;6.562674579
18813;4704;2;0.154529355;1;2.658397105
18814;4704;2;0.154529355;2;3.793753691
18815;4704;2;0.154529355;3;4.941243445
18816;4704;2;0.154529355;4;3.813194536
18817;4705;4;0.827220759;1;3.439409825
18818;4705;4;0.827220759;2;6.301205422
18819;4705;4;0.827220759;3;6.634985676
18820;4705;4;0.827220759;4;6.342952119
18821;4706;0;0;1;1.53574084
18822;4706;0;0;2;2.061068884
18823;4706;0;0;3;2.422376866
18824;4706;0;0;4;3.358606788
18825;4707;0;0;1;-0.570474043
18826;4707;0;0;2;1.156885876
18827;4707;0;0;3;0.999548459
18828;4707;0;0;4;4.700392986
18829;4708;3;0.745747144;1;4.457193684
18830;4708;3;0.745747144;2;5.221523396
18831;4708;3;0.745747144;3;4.410743941
18832;4708;3;0.745747144;4;6.089079822
18833;4709;0;0;1;0.063568208
18834;4709;0;0;2;1.658391496
18835;4709;0;0;3;2.980497315
18836;4709;0;0;4;4.881422152
18837;4710;4;0.162892404;1;4.043205178
18838;4710;4;0.162892404;2;7.619955684
18839;4710;4;0.162892404;3;5.154680652
18840;4710;4;0.162892404;4;10.0250904
18841;4711;4;0.880648216;1;4.792424374
18842;4711;4;0.880648216;2;7.799197825
18843;4711;4;0.880648216;3;6.858089233
18844;4711;4;0.880648216;4;7.426796421
18845;4712;4;0.519773612;1;4.684708173
18846;4712;4;0.519773612;2;5.55987936
18847;4712;4;0.519773612;3;5.381840884
18848;4712;4;0.519773612;4;8.881240606
18849;4713;3;0.61579561;1;3.311927412
18850;4713;3;0.61579561;2;4.362648947
18851;4713;3;0.61579561;3;6.012593968
18852;4713;3;0.61579561;4;4.922598437
18853;4714;4;0.758938337;1;3.636497635
18854;4714;4;0.758938337;2;6.262512514
18855;4714;4;0.758938337;3;6.921627212
18856;4714;4;0.758938337;4;8.742167869
18857;4715;2;0.8739499;1;3.512129115
18858;4715;2;0.8739499;2;6.427810918
18859;4715;2;0.8739499;3;6.552874036
18860;4715;2;0.8739499;4;6.830895963
18861;4716;0;0;1;-0.27565999
18862;4716;0;0;2;1.174161184
18863;4716;0;0;3;1.358340921
18864;4716;0;0;4;4.360003128
18865;4717;4;0.43873285;1;3.624181003
18866;4717;4;0.43873285;2;5.375493929
18867;4717;4;0.43873285;3;8.730571284
18868;4717;4;0.43873285;4;9.51342141
18869;4718;3;0.28445191;1;2.049788963
18870;4718;3;0.28445191;2;3.01652186
18871;4718;3;0.28445191;3;5.350300456
18872;4718;3;0.28445191;4;2.982298022
18873;4719;0;0;1;1.226602734
18874;4719;0;0;2;1.901220211
18875;4719;0;0;3;0.731265946
18876;4719;0;0;4;3.231826538
18877;4720;2;0.269287819;1;1.995117396
18878;4720;2;0.269287819;2;1.882439005
18879;4720;2;0.269287819;3;3.129158849
18880;4720;2;0.269287819;4;3.126279867
18881;4721;3;0.818792731;1;5.238938208
18882;4721;3;0.818792731;2;6.55520981
18883;4721;3;0.818792731;3;6.829986808
18884;4721;3;0.818792731;4;7.022504308
18885;4722;3;0.233373504;1;0.25223255
18886;4722;3;0.233373504;2;1.741247654
18887;4722;3;0.233373504;3;4.729569175
18888;4722;3;0.233373504;4;4.907345532
18889;4723;4;0.253727325;1;4.783676357
18890;4723;4;0.253727325;2;7.606921207
18891;4723;4;0.253727325;3;8.089500988
18892;4723;4;0.253727325;4;9.609601107
18893;4724;2;0.085246924;1;3.29754185
18894;4724;2;0.085246924;2;3.958291593
18895;4724;2;0.085246924;3;5.537426314
18896;4724;2;0.085246924;4;5.878300371
18897;4725;4;0.38566702;1;4.376476822
18898;4725;4;0.38566702;2;7.342344411
18899;4725;4;0.38566702;3;7.998842978
18900;4725;4;0.38566702;4;8.632669438
18901;4726;3;0.31833175;1;2.895701763
18902;4726;3;0.31833175;2;5.884535151
18903;4726;3;0.31833175;3;5.085144949
18904;4726;3;0.31833175;4;4.594179432
18905;4727;3;0.071620779;1;2.580019441
18906;4727;3;0.071620779;2;2.866230444
18907;4727;3;0.071620779;3;3.143781107
18908;4727;3;0.071620779;4;5.415815008
18909;4728;0;0;1;3.139158683
18910;4728;0;0;2;1.33760674
18911;4728;0;0;3;3.3476689
18912;4728;0;0;4;6.520533833
18913;4729;0;0;1;0.529428177
18914;4729;0;0;2;2.00212465
18915;4729;0;0;3;3.320288963
18916;4729;0;0;4;4.476362936
18917;4730;4;0.699852827;1;2.871437882
18918;4730;4;0.699852827;2;3.809356608
18919;4730;4;0.699852827;3;5.462743532
18920;4730;4;0.699852827;4;7.325258432
18921;4731;2;0.236264611;1;2.174913571
18922;4731;2;0.236264611;2;4.375297958
18923;4731;2;0.236264611;3;5.648735307
18924;4731;2;0.236264611;4;3.93266291
18925;4732;0;0;1;1.995197528
18926;4732;0;0;2;2.077488672
18927;4732;0;0;3;3.658373208
18928;4732;0;0;4;4.195869894
18929;4733;0;0;1;3.353679527
18930;4733;0;0;2;3.399844001
18931;4733;0;0;3;3.662450814
18932;4733;0;0;4;5.201663632
18933;4734;2;0.971936608;1;2.411244683
18934;4734;2;0.971936608;2;2.360211778
18935;4734;2;0.971936608;3;2.289156502
18936;4734;2;0.971936608;4;3.716186187
18937;4735;4;0.272491315;1;4.881373312
18938;4735;4;0.272491315;2;6.942040918
18939;4735;4;0.272491315;3;6.10997797
18940;4735;4;0.272491315;4;9.308645228
18941;4736;4;0.681287687;1;5.459310905
18942;4736;4;0.681287687;2;4.947379838
18943;4736;4;0.681287687;3;5.962849212
18944;4736;4;0.681287687;4;7.596391243
18945;4737;4;0.352721252;1;2.674566637
18946;4737;4;0.352721252;2;4.278530036
18947;4737;4;0.352721252;3;5.35850734
18948;4737;4;0.352721252;4;6.796714702
18949;4738;4;0.773929196;1;4.678774332
18950;4738;4;0.773929196;2;6.024766576
18951;4738;4;0.773929196;3;5.394875518
18952;4738;4;0.773929196;4;7.45288535
18953;4739;4;0.300923969;1;5.52834358
18954;4739;4;0.300923969;2;6.894163816
18955;4739;4;0.300923969;3;6.246927845
18956;4739;4;0.300923969;4;8.350132803
18957;4740;3;0.763313132;1;2.693945493
18958;4740;3;0.763313132;2;6.783275677
18959;4740;3;0.763313132;3;5.857485054
18960;4740;3;0.763313132;4;6.595773865
18961;4741;2;0.26821977;1;1.989689119
18962;4741;2;0.26821977;2;3.591728245
18963;4741;2;0.26821977;3;3.175659509
18964;4741;2;0.26821977;4;6.968563429
18965;4742;2;0.413685304;1;2.158432741
18966;4742;2;0.413685304;2;0.512627428
18967;4742;2;0.413685304;3;4.271814409
18968;4742;2;0.413685304;4;4.159021723
18969;4743;4;0.331270368;1;6.58663809
18970;4743;4;0.331270368;2;8.062773121
18971;4743;4;0.331270368;3;9.8076271
18972;4743;4;0.331270368;4;7.631093976
18973;4744;2;0.87745169;1;1.531087362
18974;4744;2;0.87745169;2;3.448493709
18975;4744;2;0.87745169;3;5.449021444
18976;4744;2;0.87745169;4;5.171306251
18977;4745;3;0.913733397;1;2.432885817
18978;4745;3;0.913733397;2;4.801696152
18979;4745;3;0.913733397;3;4.066301102
18980;4745;3;0.913733397;4;5.913718597
18981;4746;0;0;1;1.489088069
18982;4746;0;0;2;2.177699144
18983;4746;0;0;3;5.590387622
18984;4746;0;0;4;6.497206554
18985;4747;2;0.171502052;1;2.102205603
18986;4747;2;0.171502052;2;4.33348448
18987;4747;2;0.171502052;3;5.405285388
18988;4747;2;0.171502052;4;6.175206647
18989;4748;4;0.472633632;1;4.649231621
18990;4748;4;0.472633632;2;6.28214182
18991;4748;4;0.472633632;3;7.064584675
18992;4748;4;0.472633632;4;8.166203645
18993;4749;4;0.816319898;1;6.142099786
18994;4749;4;0.816319898;2;7.423801622
18995;4749;4;0.816319898;3;9.106161169
18996;4749;4;0.816319898;4;8.558380575
18997;4750;2;0.504570773;1;2.357789155
18998;4750;2;0.504570773;2;3.954771274
18999;4750;2;0.504570773;3;2.773517089
19000;4750;2;0.504570773;4;4.578442538
19001;4751;2;0.211662767;1;2.556135694
19002;4751;2;0.211662767;2;4.898927084
19003;4751;2;0.211662767;3;3.422099762
19004;4751;2;0.211662767;4;6.815538151
19005;4752;4;0.566095295;1;5.107417628
19006;4752;4;0.566095295;2;6.629752203
19007;4752;4;0.566095295;3;6.014140515
19008;4752;4;0.566095295;4;9.166342285
19009;4753;0;0;1;1.502380241
19010;4753;0;0;2;1.831929969
19011;4753;0;0;3;3.078072871
19012;4753;0;0;4;4.864151474
19013;4754;3;0.502096651;1;3.08817388
19014;4754;3;0.502096651;2;6.171478198
19015;4754;3;0.502096651;3;3.301510642
19016;4754;3;0.502096651;4;6.298497571
19017;4755;2;0.181148013;1;2.932691053
19018;4755;2;0.181148013;2;4.073191405
19019;4755;2;0.181148013;3;5.411603225
19020;4755;2;0.181148013;4;5.857189013
19021;4756;3;0.431584367;1;3.164800912
19022;4756;3;0.431584367;2;6.351866304
19023;4756;3;0.431584367;3;5.945497865
19024;4756;3;0.431584367;4;6.830893731
19025;4757;3;0.140981386;1;2.485795707
19026;4757;3;0.140981386;2;4.122196033
19027;4757;3;0.140981386;3;5.675728528
19028;4757;3;0.140981386;4;8.100793369
19029;4758;4;0.915242404;1;3.954704641
19030;4758;4;0.915242404;2;6.762732664
19031;4758;4;0.915242404;3;9.20058797
19032;4758;4;0.915242404;4;7.545885235
19033;4759;0;0;1;0.491031524
19034;4759;0;0;2;2.405385333
19035;4759;0;0;3;4.395365722
19036;4759;0;0;4;5.249563097
19037;4760;3;0.862764932;1;3.039217774
19038;4760;3;0.862764932;2;3.577695443
19039;4760;3;0.862764932;3;4.558824942
19040;4760;3;0.862764932;4;7.26603881
19041;4761;2;0.421388684;1;2.281438837
19042;4761;2;0.421388684;2;6.11556641
19043;4761;2;0.421388684;3;5.541736456
19044;4761;2;0.421388684;4;7.779293483
19045;4762;0;0;1;3.66340681
19046;4762;0;0;2;4.313290573
19047;4762;0;0;3;4.090994342
19048;4762;0;0;4;4.884300826
19049;4763;0;0;1;1.112011901
19050;4763;0;0;2;4.859003688
19051;4763;0;0;3;4.980862843
19052;4763;0;0;4;2.950572272
19053;4764;4;0.781687989;1;6.420652724
19054;4764;4;0.781687989;2;7.930641206
19055;4764;4;0.781687989;3;7.56428453
19056;4764;4;0.781687989;4;8.972438961
19057;4765;0;0;1;0.672383123
19058;4765;0;0;2;2.23512718
19059;4765;0;0;3;4.944832534
19060;4765;0;0;4;5.008598527
19061;4766;2;0.772444998;1;0.462241015
19062;4766;2;0.772444998;2;3.464552781
19063;4766;2;0.772444998;3;2.995067631
19064;4766;2;0.772444998;4;4.366090647
19065;4767;0;0;1;1.465434232
19066;4767;0;0;2;3.367750786
19067;4767;0;0;3;6.337235001
19068;4767;0;0;4;6.007467726
19069;4768;3;0.318889905;1;5.099336519
19070;4768;3;0.318889905;2;4.360048299
19071;4768;3;0.318889905;3;6.137334005
19072;4768;3;0.318889905;4;5.79077985
19073;4769;2;0.555860417;1;4.086711241
19074;4769;2;0.555860417;2;4.205451579
19075;4769;2;0.555860417;3;4.739164256
19076;4769;2;0.555860417;4;7.810726496
19077;4770;3;0.082693062;1;4.024968212
19078;4770;3;0.082693062;2;4.825383927
19079;4770;3;0.082693062;3;6.070412513
19080;4770;3;0.082693062;4;6.546164098
19081;4771;3;0.640744795;1;5.23211606
19082;4771;3;0.640744795;2;6.274567132
19083;4771;3;0.640744795;3;8.567622936
19084;4771;3;0.640744795;4;6.301533598
19085;4772;2;0.852856673;1;3.409332204
19086;4772;2;0.852856673;2;4.164313208
19087;4772;2;0.852856673;3;5.076269607
19088;4772;2;0.852856673;4;6.283768752
19089;4773;2;0.112672554;1;1.017064613
19090;4773;2;0.112672554;2;2.699320826
19091;4773;2;0.112672554;3;3.941498585
19092;4773;2;0.112672554;4;3.734105542
19093;4774;2;0.471547029;1;3.505141242
19094;4774;2;0.471547029;2;3.985691186
19095;4774;2;0.471547029;3;5.100608218
19096;4774;2;0.471547029;4;7.27078993
19097;4775;2;0.249605614;1;2.65032567
19098;4775;2;0.249605614;2;2.290251773
19099;4775;2;0.249605614;3;4.149230903
19100;4775;2;0.249605614;4;6.120692489
19101;4776;4;0.469851533;1;4.731785527
19102;4776;4;0.469851533;2;5.794663746
19103;4776;4;0.469851533;3;6.561775234
19104;4776;4;0.469851533;4;6.79808358
19105;4777;4;0.941750964;1;2.507268555
19106;4777;4;0.941750964;2;6.108295371
19107;4777;4;0.941750964;3;5.343065319
19108;4777;4;0.941750964;4;6.715857617
19109;4778;2;0.282068585;1;3.366716102
19110;4778;2;0.282068585;2;6.348535955
19111;4778;2;0.282068585;3;5.826513567
19112;4778;2;0.282068585;4;5.700761909
19113;4779;2;0.732205593;1;3.433204717
19114;4779;2;0.732205593;2;2.866703245
19115;4779;2;0.732205593;3;4.73000699
19116;4779;2;0.732205593;4;5.110212858
19117;4780;3;0.303028477;1;3.373803771
19118;4780;3;0.303028477;2;5.589986704
19119;4780;3;0.303028477;3;4.570216724
19120;4780;3;0.303028477;4;5.769998001
19121;4781;0;0;1;1.725760538
19122;4781;0;0;2;2.348851062
19123;4781;0;0;3;5.706148978
19124;4781;0;0;4;4.361129395
19125;4782;2;0.267254425;1;2.183991653
19126;4782;2;0.267254425;2;3.446966637
19127;4782;2;0.267254425;3;6.180008881
19128;4782;2;0.267254425;4;4.764159626
19129;4783;4;0.376464778;1;4.731662518
19130;4783;4;0.376464778;2;6.328607097
19131;4783;4;0.376464778;3;9.269543603
19132;4783;4;0.376464778;4;8.675409915
19133;4784;4;0.822933611;1;3.55334519
19134;4784;4;0.822933611;2;5.785465681
19135;4784;4;0.822933611;3;7.286759375
19136;4784;4;0.822933611;4;8.743977795
19137;4785;2;0.126084443;1;3.861490848
19138;4785;2;0.126084443;2;4.956193151
19139;4785;2;0.126084443;3;4.720558084
19140;4785;2;0.126084443;4;5.725965737
19141;4786;3;0.850382943;1;4.357048066
19142;4786;3;0.850382943;2;2.559830854
19143;4786;3;0.850382943;3;4.587916767
19144;4786;3;0.850382943;4;7.446984437
19145;4787;0;0;1;1.917055726
19146;4787;0;0;2;3.211326144
19147;4787;0;0;3;1.740281656
19148;4787;0;0;4;5.091936213
19149;4788;0;0;1;-0.385998128
19150;4788;0;0;2;2.858047715
19151;4788;0;0;3;1.79153827
19152;4788;0;0;4;2.97452512
19153;4789;3;0.497251095;1;2.682532824
19154;4789;3;0.497251095;2;3.990984371
19155;4789;3;0.497251095;3;5.034230117
19156;4789;3;0.497251095;4;4.509017975
19157;4790;0;0;1;1.015130643
19158;4790;0;0;2;1.462012202
19159;4790;0;0;3;2.393820695
19160;4790;0;0;4;3.939372735
19161;4791;2;0.385530395;1;1.705192904
19162;4791;2;0.385530395;2;2.27327369
19163;4791;2;0.385530395;3;4.958324572
19164;4791;2;0.385530395;4;4.372165079
19165;4792;4;0.58463077;1;6.538131566
19166;4792;4;0.58463077;2;4.6149648
19167;4792;4;0.58463077;3;7.793674009
19168;4792;4;0.58463077;4;8.358698583
19169;4793;0;0;1;1.495080441
19170;4793;0;0;2;3.720564921
19171;4793;0;0;3;4.451964425
19172;4793;0;0;4;5.114147056
19173;4794;3;0.602411928;1;4.449904924
19174;4794;3;0.602411928;2;2.993549061
19175;4794;3;0.602411928;3;7.102672928
19176;4794;3;0.602411928;4;5.979403676
19177;4795;4;0.866854296;1;5.392635632
19178;4795;4;0.866854296;2;5.816646001
19179;4795;4;0.866854296;3;8.399879473
19180;4795;4;0.866854296;4;7.927442298
19181;4796;4;0.552900886;1;3.770931504
19182;4796;4;0.552900886;2;5.692875398
19183;4796;4;0.552900886;3;7.927091317
19184;4796;4;0.552900886;4;6.721318523
19185;4797;4;0.010895651;1;5.526981473
19186;4797;4;0.010895651;2;7.781965781
19187;4797;4;0.010895651;3;5.727853044
19188;4797;4;0.010895651;4;8.221469119
19189;4798;2;0.691060922;1;3.519159248
19190;4798;2;0.691060922;2;5.519919787
19191;4798;2;0.691060922;3;7.215390269
19192;4798;2;0.691060922;4;7.820660134
19193;4799;4;0.744050864;1;4.995033298
19194;4799;4;0.744050864;2;7.964800699
19195;4799;4;0.744050864;3;9.010230674
19196;4799;4;0.744050864;4;9.582038675
19197;4800;3;0.551319626;1;1.992148348
19198;4800;3;0.551319626;2;4.184117553
19199;4800;3;0.551319626;3;6.648636517
19200;4800;3;0.551319626;4;7.066904745
19201;4801;2;0.344611979;1;1.350819904
19202;4801;2;0.344611979;2;3.215997476
19203;4801;2;0.344611979;3;4.122864878
19204;4801;2;0.344611979;4;6.575035461
19205;4802;2;0.733665424;1;2.518383314
19206;4802;2;0.733665424;2;3.162807137
19207;4802;2;0.733665424;3;4.070282689
19208;4802;2;0.733665424;4;5.010691959
19209;4803;4;0.760185761;1;5.004382216
19210;4803;4;0.760185761;2;5.641052121
19211;4803;4;0.760185761;3;6.546085793
19212;4803;4;0.760185761;4;6.588831051
19213;4804;2;0.897844362;1;2.628922553
19214;4804;2;0.897844362;2;3.141910039
19215;4804;2;0.897844362;3;5.163891405
19216;4804;2;0.897844362;4;3.905004071
19217;4805;3;0.19995171;1;1.349859573
19218;4805;3;0.19995171;2;5.463587541
19219;4805;3;0.19995171;3;4.362797496
19220;4805;3;0.19995171;4;5.908238439
19221;4806;4;0.39468325;1;3.832778655
19222;4806;4;0.39468325;2;5.318739554
19223;4806;4;0.39468325;3;5.355932408
19224;4806;4;0.39468325;4;5.437823583
19225;4807;3;0.734947146;1;4.181378324
19226;4807;3;0.734947146;2;5.684838044
19227;4807;3;0.734947146;3;6.706101709
19228;4807;3;0.734947146;4;7.351208319
19229;4808;2;0.883088007;1;2.055012883
19230;4808;2;0.883088007;2;2.899564681
19231;4808;2;0.883088007;3;4.20381715
19232;4808;2;0.883088007;4;7.142596331
19233;4809;2;0.193301568;1;2.217553935
19234;4809;2;0.193301568;2;4.271794673
19235;4809;2;0.193301568;3;4.036139942
19236;4809;2;0.193301568;4;4.665456233
19237;4810;2;0.156582776;1;4.581686785
19238;4810;2;0.156582776;2;3.182798359
19239;4810;2;0.156582776;3;5.456073227
19240;4810;2;0.156582776;4;5.486591237
19241;4811;4;0.623660702;1;6.345085616
19242;4811;4;0.623660702;2;4.687421581
19243;4811;4;0.623660702;3;9.007157231
19244;4811;4;0.623660702;4;9.762397651
19245;4812;3;0.510456846;1;6.723783788
19246;4812;3;0.510456846;2;5.398689266
19247;4812;3;0.510456846;3;5.073711148
19248;4812;3;0.510456846;4;6.662403052
19249;4813;3;0.10820506;1;4.094816447
19250;4813;3;0.10820506;2;5.365842419
19251;4813;3;0.10820506;3;5.949078338
19252;4813;3;0.10820506;4;6.327097538
19253;4814;4;0.348578506;1;5.38575468
19254;4814;4;0.348578506;2;5.261463935
19255;4814;4;0.348578506;3;6.924425458
19256;4814;4;0.348578506;4;9.559568932
19257;4815;0;0;1;0.65994166
19258;4815;0;0;2;3.634951649
19259;4815;0;0;3;2.948121078
19260;4815;0;0;4;5.336340444
19261;4816;3;0.446155582;1;4.447386032
19262;4816;3;0.446155582;2;4.556705137
19263;4816;3;0.446155582;3;7.479404864
19264;4816;3;0.446155582;4;6.133293966
19265;4817;0;0;1;2.180509176
19266;4817;0;0;2;3.6298769
19267;4817;0;0;3;5.942927449
19268;4817;0;0;4;4.262676751
19269;4818;0;0;1;2.186986625
19270;4818;0;0;2;2.524970462
19271;4818;0;0;3;3.213089388
19272;4818;0;0;4;5.457774692
19273;4819;3;0.887537501;1;5.295668993
19274;4819;3;0.887537501;2;5.191025936
19275;4819;3;0.887537501;3;6.065777715
19276;4819;3;0.887537501;4;7.570513594
19277;4820;0;0;1;0.757112634
19278;4820;0;0;2;1.740784174
19279;4820;0;0;3;0.799680616
19280;4820;0;0;4;4.635244521
19281;4821;4;0.812914893;1;3.590867138
19282;4821;4;0.812914893;2;6.411771214
19283;4821;4;0.812914893;3;8.655847067
19284;4821;4;0.812914893;4;9.220782314
19285;4822;0;0;1;-2.27189024
19286;4822;0;0;2;2.084087611
19287;4822;0;0;3;1.197309369
19288;4822;0;0;4;3.788642989
19289;4823;0;0;1;0.187435216
19290;4823;0;0;2;1.337721874
19291;4823;0;0;3;3.863691145
19292;4823;0;0;4;4.749798739
19293;4824;2;0.083876361;1;5.018304316
19294;4824;2;0.083876361;2;2.884217892
19295;4824;2;0.083876361;3;5.488656272
19296;4824;2;0.083876361;4;8.077300707
19297;4825;3;0.905072037;1;1.237647518
19298;4825;3;0.905072037;2;3.294994413
19299;4825;3;0.905072037;3;4.029895535
19300;4825;3;0.905072037;4;8.654589428
19301;4826;3;0.374166288;1;3.406120985
19302;4826;3;0.374166288;2;5.184444013
19303;4826;3;0.374166288;3;6.960801233
19304;4826;3;0.374166288;4;7.191379938
19305;4827;0;0;1;-0.589707713
19306;4827;0;0;2;4.284089579
19307;4827;0;0;3;4.25036673
19308;4827;0;0;4;3.879498195
19309;4828;2;0.257984532;1;5.221475576
19310;4828;2;0.257984532;2;5.846084079
19311;4828;2;0.257984532;3;5.294481919
19312;4828;2;0.257984532;4;6.882169368
19313;4829;4;0.291226824;1;4.212014679
19314;4829;4;0.291226824;2;5.95933452
19315;4829;4;0.291226824;3;6.242529554
19316;4829;4;0.291226824;4;6.809373696
19317;4830;2;0.61369539;1;4.459741395
19318;4830;2;0.61369539;2;4.122239357
19319;4830;2;0.61369539;3;4.660332181
19320;4830;2;0.61369539;4;7.177806555
19321;4831;3;0.370009103;1;2.74676213
19322;4831;3;0.370009103;2;5.05358731
19323;4831;3;0.370009103;3;3.597269654
19324;4831;3;0.370009103;4;7.005821403
19325;4832;2;0.698310019;1;0.500070701
19326;4832;2;0.698310019;2;-0.116775014
19327;4832;2;0.698310019;3;5.686741985
19328;4832;2;0.698310019;4;3.510802813
19329;4833;4;0.271184318;1;2.6630681
19330;4833;4;0.271184318;2;5.409347467
19331;4833;4;0.271184318;3;6.491526645
19332;4833;4;0.271184318;4;5.269957737
19333;4834;2;0.500961857;1;2.930577714
19334;4834;2;0.500961857;2;1.950460258
19335;4834;2;0.500961857;3;4.53676135
19336;4834;2;0.500961857;4;4.837828355
19337;4835;3;0.7962059;1;5.068555742
19338;4835;3;0.7962059;2;5.850341481
19339;4835;3;0.7962059;3;8.165439717
19340;4835;3;0.7962059;4;6.366590367
19341;4836;4;0.649096843;1;5.684717852
19342;4836;4;0.649096843;2;6.790377007
19343;4836;4;0.649096843;3;9.155138215
19344;4836;4;0.649096843;4;7.516480688
19345;4837;0;0;1;3.475138753
19346;4837;0;0;2;3.642000338
19347;4837;0;0;3;4.231582409
19348;4837;0;0;4;5.902707571
19349;4838;4;0.356633745;1;5.613220815
19350;4838;4;0.356633745;2;5.997618872
19351;4838;4;0.356633745;3;7.085997926
19352;4838;4;0.356633745;4;7.88302663
19353;4839;0;0;1;2.557615746
19354;4839;0;0;2;3.179198061
19355;4839;0;0;3;3.27192504
19356;4839;0;0;4;6.173564573
19357;4840;2;0.245626749;1;4.812027568
19358;4840;2;0.245626749;2;6.354483273
19359;4840;2;0.245626749;3;9.312449671
19360;4840;2;0.245626749;4;9.017561682
19361;4841;4;0.12979084;1;4.508560368
19362;4841;4;0.12979084;2;6.120621745
19363;4841;4;0.12979084;3;7.877230531
19364;4841;4;0.12979084;4;7.871043381
19365;4842;4;0.074920416;1;5.896102314
19366;4842;4;0.074920416;2;5.854777522
19367;4842;4;0.074920416;3;7.174098037
19368;4842;4;0.074920416;4;8.326030667
19369;4843;3;0.765977472;1;2.929770138
19370;4843;3;0.765977472;2;3.528872402
19371;4843;3;0.765977472;3;5.603298664
19372;4843;3;0.765977472;4;7.3619126
19373;4844;4;0.727010098;1;6.918781981
19374;4844;4;0.727010098;2;7.807776124
19375;4844;4;0.727010098;3;5.867718972
19376;4844;4;0.727010098;4;10.05533863
19377;4845;4;0.066235582;1;7.253274668
19378;4845;4;0.066235582;2;7.803852478
19379;4845;4;0.066235582;3;10.11131481
19380;4845;4;0.066235582;4;9.467104145
19381;4846;3;0.151699133;1;4.534655344
19382;4846;3;0.151699133;2;3.675033575
19383;4846;3;0.151699133;3;4.067018905
19384;4846;3;0.151699133;4;9.142768586
19385;4847;3;0.109835187;1;4.78500593
19386;4847;3;0.109835187;2;5.821236212
19387;4847;3;0.109835187;3;8.602202279
19388;4847;3;0.109835187;4;7.357549597
19389;4848;2;0.895279477;1;5.252176743
19390;4848;2;0.895279477;2;2.53357921
19391;4848;2;0.895279477;3;5.86994941
19392;4848;2;0.895279477;4;6.733983918
19393;4849;4;0.062422203;1;4.094036131
19394;4849;4;0.062422203;2;5.806566129
19395;4849;4;0.062422203;3;8.456653312
19396;4849;4;0.062422203;4;9.444857779
19397;4850;4;0.349591303;1;4.360303208
19398;4850;4;0.349591303;2;5.785519498
19399;4850;4;0.349591303;3;4.228271213
19400;4850;4;0.349591303;4;4.405477925
19401;4851;3;0.263777039;1;3.092981752
19402;4851;3;0.263777039;2;3.612919014
19403;4851;3;0.263777039;3;4.562591686
19404;4851;3;0.263777039;4;5.419015159
19405;4852;3;0.04408697;1;4.566031912
19406;4852;3;0.04408697;2;5.230178817
19407;4852;3;0.04408697;3;4.697317051
19408;4852;3;0.04408697;4;7.414547921
19409;4853;2;0.613158443;1;2.882637503
19410;4853;2;0.613158443;2;6.119984511
19411;4853;2;0.613158443;3;4.701818857
19412;4853;2;0.613158443;4;6.770427307
19413;4854;0;0;1;-2.442544735
19414;4854;0;0;2;-1.514533049
19415;4854;0;0;3;2.382303266
19416;4854;0;0;4;2.703561073
19417;4855;3;0.086525136;1;3.87387048
19418;4855;3;0.086525136;2;3.868853634
19419;4855;3;0.086525136;3;4.01447084
19420;4855;3;0.086525136;4;6.484134633
19421;4856;2;0.555596983;1;1.864708314
19422;4856;2;0.555596983;2;4.490802023
19423;4856;2;0.555596983;3;6.511490165
19424;4856;2;0.555596983;4;8.415467154
19425;4857;2;0.930807527;1;3.292788671
19426;4857;2;0.930807527;2;3.608443491
19427;4857;2;0.930807527;3;5.12382369
19428;4857;2;0.930807527;4;5.050795678
19429;4858;0;0;1;-0.511822499
19430;4858;0;0;2;3.765986231
19431;4858;0;0;3;2.873965006
19432;4858;0;0;4;3.395988463
19433;4859;0;0;1;2.671801495
19434;4859;0;0;2;4.040993481
19435;4859;0;0;3;3.322610833
19436;4859;0;0;4;4.882860967
19437;4860;4;0.752139663;1;1.644658301
19438;4860;4;0.752139663;2;3.290214502
19439;4860;4;0.752139663;3;6.033752802
19440;4860;4;0.752139663;4;3.538795888
19441;4861;2;0.326967395;1;2.179165493
19442;4861;2;0.326967395;2;3.393307574
19443;4861;2;0.326967395;3;5.356918269
19444;4861;2;0.326967395;4;5.009563919
19445;4862;4;0.551856767;1;4.036523023
19446;4862;4;0.551856767;2;4.556098455
19447;4862;4;0.551856767;3;6.993723422
19448;4862;4;0.551856767;4;6.351114829
19449;4863;3;0.52348219;1;4.206858089
19450;4863;3;0.52348219;2;2.044486199
19451;4863;3;0.52348219;3;6.266756484
19452;4863;3;0.52348219;4;4.157324025
19453;4864;0;0;1;-0.460628375
19454;4864;0;0;2;2.20483528
19455;4864;0;0;3;0.756708074
19456;4864;0;0;4;1.186140858
19457;4865;2;0.659905345;1;1.505773071
19458;4865;2;0.659905345;2;2.761792861
19459;4865;2;0.659905345;3;3.552487906
19460;4865;2;0.659905345;4;5.290339331
19461;4866;0;0;1;-1.297917171
19462;4866;0;0;2;-0.041490911
19463;4866;0;0;3;0.618838343
19464;4866;0;0;4;4.103060079
19465;4867;4;0.568549188;1;3.899034929
19466;4867;4;0.568549188;2;5.955197436
19467;4867;4;0.568549188;3;7.094590124
19468;4867;4;0.568549188;4;8.929256876
19469;4868;3;0.356910404;1;4.189109008
19470;4868;3;0.356910404;2;5.61713002
19471;4868;3;0.356910404;3;6.697838894
19472;4868;3;0.356910404;4;7.794606339
19473;4869;3;0.600355094;1;1.153259606
19474;4869;3;0.600355094;2;3.809015604
19475;4869;3;0.600355094;3;4.447162181
19476;4869;3;0.600355094;4;5.506234123
19477;4870;0;0;1;2.589968455
19478;4870;0;0;2;2.907311475
19479;4870;0;0;3;6.084403549
19480;4870;0;0;4;4.804731386
19481;4871;0;0;1;0.324133981
19482;4871;0;0;2;0.323973523
19483;4871;0;0;3;3.627866664
19484;4871;0;0;4;3.800755656
19485;4872;3;0.724900016;1;2.414123586
19486;4872;3;0.724900016;2;3.044559361
19487;4872;3;0.724900016;3;4.875789244
19488;4872;3;0.724900016;4;5.134607638
19489;4873;3;0.647946404;1;3.99949108
19490;4873;3;0.647946404;2;6.125520358
19491;4873;3;0.647946404;3;7.071451545
19492;4873;3;0.647946404;4;7.787886234
19493;4874;0;0;1;1.861417946
19494;4874;0;0;2;1.242715697
19495;4874;0;0;3;3.463284261
19496;4874;0;0;4;3.769863611
19497;4875;0;0;1;0.351376253
19498;4875;0;0;2;0.480716296
19499;4875;0;0;3;0.496956605
19500;4875;0;0;4;2.706323252
19501;4876;3;0.57323783;1;3.254105777
19502;4876;3;0.57323783;2;5.614562664
19503;4876;3;0.57323783;3;4.893858208
19504;4876;3;0.57323783;4;8.855645349
19505;4877;4;0.406928696;1;3.347785297
19506;4877;4;0.406928696;2;4.647634481
19507;4877;4;0.406928696;3;6.568071012
19508;4877;4;0.406928696;4;8.435820072
19509;4878;2;0.395716693;1;1.767360509
19510;4878;2;0.395716693;2;5.945725532
19511;4878;2;0.395716693;3;6.218868398
19512;4878;2;0.395716693;4;5.716398141
19513;4879;0;0;1;-0.217853068
19514;4879;0;0;2;3.385258169
19515;4879;0;0;3;2.51410233
19516;4879;0;0;4;2.496060123
19517;4880;0;0;1;-0.97521823
19518;4880;0;0;2;1.521047305
19519;4880;0;0;3;4.459417681
19520;4880;0;0;4;4.190603743
19521;4881;0;0;1;-0.704520352
19522;4881;0;0;2;-0.330980511
19523;4881;0;0;3;0.523700955
19524;4881;0;0;4;3.601210418
19525;4882;3;0.238646192;1;3.431947101
19526;4882;3;0.238646192;2;3.764654531
19527;4882;3;0.238646192;3;4.880255932
19528;4882;3;0.238646192;4;6.003636164
19529;4883;3;0.277272625;1;4.50211923
19530;4883;3;0.277272625;2;8.704104354
19531;4883;3;0.277272625;3;6.627449382
19532;4883;3;0.277272625;4;6.522137189
19533;4884;2;0.089585556;1;3.666484772
19534;4884;2;0.089585556;2;3.233656296
19535;4884;2;0.089585556;3;5.092518287
19536;4884;2;0.089585556;4;5.260561765
19537;4885;2;0.799018179;1;0.903953821
19538;4885;2;0.799018179;2;1.104905444
19539;4885;2;0.799018179;3;4.036785618
19540;4885;2;0.799018179;4;7.707516939
19541;4886;3;0.063927902;1;2.879430761
19542;4886;3;0.063927902;2;5.71226211
19543;4886;3;0.063927902;3;6.793599392
19544;4886;3;0.063927902;4;6.488528913
19545;4887;4;0.2765054;1;4.766813797
19546;4887;4;0.2765054;2;3.588895642
19547;4887;4;0.2765054;3;5.619699745
19548;4887;4;0.2765054;4;5.721106853
19549;4888;3;0.389281584;1;3.961272595
19550;4888;3;0.389281584;2;3.929928281
19551;4888;3;0.389281584;3;6.100277527
19552;4888;3;0.389281584;4;6.925732886
19553;4889;2;0.897096185;1;4.219266622
19554;4889;2;0.897096185;2;3.083098244
19555;4889;2;0.897096185;3;6.248862078
19556;4889;2;0.897096185;4;7.029328208
19557;4890;0;0;1;-0.085151096
19558;4890;0;0;2;1.550371933
19559;4890;0;0;3;3.298323114
19560;4890;0;0;4;4.300662323
19561;4891;0;0;1;1.895718999
19562;4891;0;0;2;4.027560507
19563;4891;0;0;3;1.744566584
19564;4891;0;0;4;4.726311851
19565;4892;3;0.352272702;1;3.378965408
19566;4892;3;0.352272702;2;4.378514428
19567;4892;3;0.352272702;3;5.243676397
19568;4892;3;0.352272702;4;7.000266952
19569;4893;2;0.306703805;1;5.197266655
19570;4893;2;0.306703805;2;3.665798075
19571;4893;2;0.306703805;3;4.784623567
19572;4893;2;0.306703805;4;6.280568007
19573;4894;0;0;1;-0.096336677
19574;4894;0;0;2;-0.914676655
19575;4894;0;0;3;0.978335997
19576;4894;0;0;4;3.746849509
19577;4895;2;0.465926447;1;4.2487215
19578;4895;2;0.465926447;2;2.9898521
19579;4895;2;0.465926447;3;4.7137698
19580;4895;2;0.465926447;4;3.883500917
19581;4896;3;0.887010211;1;3.618451123
19582;4896;3;0.887010211;2;5.531197662
19583;4896;3;0.887010211;3;6.099032157
19584;4896;3;0.887010211;4;7.755418161
19585;4897;2;0.515908514;1;3.012636484
19586;4897;2;0.515908514;2;5.385312975
19587;4897;2;0.515908514;3;2.482854194
19588;4897;2;0.515908514;4;5.04601779
19589;4898;0;0;1;1.487677801
19590;4898;0;0;2;3.319586856
19591;4898;0;0;3;4.979194042
19592;4898;0;0;4;4.522078329
19593;4899;3;0.755423836;1;4.006462463
19594;4899;3;0.755423836;2;4.88957057
19595;4899;3;0.755423836;3;5.776877651
19596;4899;3;0.755423836;4;7.890326801
19597;4900;3;0.416237157;1;3.239258721
19598;4900;3;0.416237157;2;4.976497757
19599;4900;3;0.416237157;3;4.584939346
19600;4900;3;0.416237157;4;6.00524402
19601;4901;0;0;1;2.628757061
19602;4901;0;0;2;2.728642509
19603;4901;0;0;3;4.870395507
19604;4901;0;0;4;5.837411273
19605;4902;2;0.246224378;1;1.823797767
19606;4902;2;0.246224378;2;1.868099236
19607;4902;2;0.246224378;3;1.883411482
19608;4902;2;0.246224378;4;3.406713175
19609;4903;0;0;1;3.03746982
19610;4903;0;0;2;1.763662099
19611;4903;0;0;3;3.469716454
19612;4903;0;0;4;8.425918447
19613;4904;0;0;1;1.99282094
19614;4904;0;0;2;3.160089267
19615;4904;0;0;3;4.037452389
19616;4904;0;0;4;6.929429679
19617;4905;0;0;1;-0.513237104
19618;4905;0;0;2;1.715846501
19619;4905;0;0;3;2.923526554
19620;4905;0;0;4;3.579330354
19621;4906;3;0.73384823;1;3.087934309
19622;4906;3;0.73384823;2;4.299639876
19623;4906;3;0.73384823;3;6.188193377
19624;4906;3;0.73384823;4;5.744970355
19625;4907;2;0.465239838;1;3.143920681
19626;4907;2;0.465239838;2;4.179625798
19627;4907;2;0.465239838;3;6.234632165
19628;4907;2;0.465239838;4;6.75013902
19629;4908;2;0.666242755;1;2.524244
19630;4908;2;0.666242755;2;3.325261506
19631;4908;2;0.666242755;3;5.949585658
19632;4908;2;0.666242755;4;4.802146223
19633;4909;0;0;1;0.087800171
19634;4909;0;0;2;1.984458092
19635;4909;0;0;3;2.495009983
19636;4909;0;0;4;3.879021001
19637;4910;4;0.045317698;1;9.25802386
19638;4910;4;0.045317698;2;6.936428922
19639;4910;4;0.045317698;3;6.573765128
19640;4910;4;0.045317698;4;9.283491667
19641;4911;3;0.698678028;1;4.378065966
19642;4911;3;0.698678028;2;3.599368569
19643;4911;3;0.698678028;3;4.771484053
19644;4911;3;0.698678028;4;4.956104591
19645;4912;3;0.832627132;1;4.988738007
19646;4912;3;0.832627132;2;4.645694815
19647;4912;3;0.832627132;3;6.218346498
19648;4912;3;0.832627132;4;5.436627057
19649;4913;0;0;1;2.126646317
19650;4913;0;0;2;2.201331862
19651;4913;0;0;3;3.509933321
19652;4913;0;0;4;2.831426596
19653;4914;3;0.502235473;1;3.368039773
19654;4914;3;0.502235473;2;5.68082546
19655;4914;3;0.502235473;3;5.222899685
19656;4914;3;0.502235473;4;7.310527777
19657;4915;2;0.937577012;1;6.1635327
19658;4915;2;0.937577012;2;6.319543429
19659;4915;2;0.937577012;3;5.960336684
19660;4915;2;0.937577012;4;6.920978958
19661;4916;3;0.506567451;1;4.49519345
19662;4916;3;0.506567451;2;5.079840463
19663;4916;3;0.506567451;3;5.8455132
19664;4916;3;0.506567451;4;6.865555912
19665;4917;0;0;1;2.212544643
19666;4917;0;0;2;3.38042471
19667;4917;0;0;3;0.416238258
19668;4917;0;0;4;2.045492299
19669;4918;0;0;1;-0.141661863
19670;4918;0;0;2;1.678807886
19671;4918;0;0;3;2.791298418
19672;4918;0;0;4;3.744283922
19673;4919;3;0.105645063;1;5.782763799
19674;4919;3;0.105645063;2;6.849215543
19675;4919;3;0.105645063;3;6.965728973
19676;4919;3;0.105645063;4;9.022588547
19677;4920;0;0;1;3.082843774
19678;4920;0;0;2;3.213025146
19679;4920;0;0;3;2.386122297
19680;4920;0;0;4;4.894249856
19681;4921;3;0.520111643;1;7.312713299
19682;4921;3;0.520111643;2;5.3015445
19683;4921;3;0.520111643;3;8.700658521
19684;4921;3;0.520111643;4;9.847693179
19685;4922;4;0.202160943;1;3.866479009
19686;4922;4;0.202160943;2;5.529506972
19687;4922;4;0.202160943;3;7.325124763
19688;4922;4;0.202160943;4;5.609658818
19689;4923;0;0;1;-0.56344315
19690;4923;0;0;2;1.717759793
19691;4923;0;0;3;2.481068414
19692;4923;0;0;4;3.294658207
19693;4924;3;0.732671994;1;3.833616506
19694;4924;3;0.732671994;2;5.672417337
19695;4924;3;0.732671994;3;3.646254603
19696;4924;3;0.732671994;4;8.242660551
19697;4925;4;0.1140706;1;4.627841962
19698;4925;4;0.1140706;2;7.346222569
19699;4925;4;0.1140706;3;7.526036601
19700;4925;4;0.1140706;4;7.790063627
19701;4926;4;0.163833756;1;5.565086469
19702;4926;4;0.163833756;2;5.391425661
19703;4926;4;0.163833756;3;7.434525049
19704;4926;4;0.163833756;4;7.086400251
19705;4927;4;0.208335937;1;4.422090727
19706;4927;4;0.208335937;2;6.131952266
19707;4927;4;0.208335937;3;8.86552833
19708;4927;4;0.208335937;4;8.304326995
19709;4928;4;0.385356931;1;7.577858642
19710;4928;4;0.385356931;2;6.945686349
19711;4928;4;0.385356931;3;8.724589964
19712;4928;4;0.385356931;4;9.817392104
19713;4929;0;0;1;0.557715003
19714;4929;0;0;2;1.932171524
19715;4929;0;0;3;4.852238693
19716;4929;0;0;4;4.1029329
19717;4930;2;0.445129081;1;1.012140622
19718;4930;2;0.445129081;2;2.328178328
19719;4930;2;0.445129081;3;4.704270155
19720;4930;2;0.445129081;4;4.218975743
19721;4931;2;0.664939793;1;0.245403771
19722;4931;2;0.664939793;2;3.870259916
19723;4931;2;0.664939793;3;3.791242787
19724;4931;2;0.664939793;4;5.572529189
19725;4932;3;0.221855339;1;3.481108241
19726;4932;3;0.221855339;2;5.103887406
19727;4932;3;0.221855339;3;6.354202801
19728;4932;3;0.221855339;4;4.844218033
19729;4933;2;0.70065894;1;2.20858111
19730;4933;2;0.70065894;2;3.769618491
19731;4933;2;0.70065894;3;6.245166956
19732;4933;2;0.70065894;4;4.581471685
19733;4934;2;0.588609742;1;2.554541269
19734;4934;2;0.588609742;2;4.549963268
19735;4934;2;0.588609742;3;5.349569989
19736;4934;2;0.588609742;4;4.341152286
19737;4935;0;0;1;1.201987837
19738;4935;0;0;2;0.51238413
19739;4935;0;0;3;1.85158074
19740;4935;0;0;4;2.693181508
19741;4936;2;0.489446778;1;1.825829108
19742;4936;2;0.489446778;2;2.844307934
19743;4936;2;0.489446778;3;4.950030423
19744;4936;2;0.489446778;4;6.8426596
19745;4937;0;0;1;-1.599096507
19746;4937;0;0;2;2.95115272
19747;4937;0;0;3;2.009294141
19748;4937;0;0;4;5.3662596
19749;4938;3;0.243482647;1;4.098120713
19750;4938;3;0.243482647;2;5.013906687
19751;4938;3;0.243482647;3;3.793805261
19752;4938;3;0.243482647;4;5.250086087
19753;4939;4;0.11600105;1;3.456894703
19754;4939;4;0.11600105;2;5.406942196
19755;4939;4;0.11600105;3;5.32151507
19756;4939;4;0.11600105;4;7.520174648
19757;4940;0;0;1;0.988994268
19758;4940;0;0;2;1.161049598
19759;4940;0;0;3;4.170959851
19760;4940;0;0;4;5.202641278
19761;4941;3;0.617109841;1;6.183169546
19762;4941;3;0.617109841;2;5.158782587
19763;4941;3;0.617109841;3;6.826519413
19764;4941;3;0.617109841;4;8.251608655
19765;4942;4;0.654889719;1;1.722957023
19766;4942;4;0.654889719;2;3.968535333
19767;4942;4;0.654889719;3;3.49946431
19768;4942;4;0.654889719;4;6.926213076
19769;4943;0;0;1;2.250137056
19770;4943;0;0;2;2.058883062
19771;4943;0;0;3;1.778875975
19772;4943;0;0;4;5.168511091
19773;4944;2;0.340752632;1;0.089070295
19774;4944;2;0.340752632;2;2.080300984
19775;4944;2;0.340752632;3;3.236011692
19776;4944;2;0.340752632;4;5.654614299
19777;4945;4;0.313013692;1;5.275333364
19778;4945;4;0.313013692;2;7.729342398
19779;4945;4;0.313013692;3;9.942297978
19780;4945;4;0.313013692;4;9.895037616
19781;4946;2;0.95357642;1;3.396417595
19782;4946;2;0.95357642;2;2.362116566
19783;4946;2;0.95357642;3;4.588119732
19784;4946;2;0.95357642;4;5.319889349
19785;4947;4;0.413869405;1;5.561889258
19786;4947;4;0.413869405;2;5.608996809
19787;4947;4;0.413869405;3;6.938103076
19788;4947;4;0.413869405;4;6.718968251
19789;4948;2;0.48315809;1;4.513713809
19790;4948;2;0.48315809;2;6.272833399
19791;4948;2;0.48315809;3;5.829931152
19792;4948;2;0.48315809;4;7.908399619
19793;4949;4;0.430396384;1;3.003863476
19794;4949;4;0.430396384;2;3.274701388
19795;4949;4;0.430396384;3;4.264754763
19796;4949;4;0.430396384;4;3.7134188
19797;4950;4;0.722756778;1;5.790753435
19798;4950;4;0.722756778;2;9.090638446
19799;4950;4;0.722756778;3;8.919719123
19800;4950;4;0.722756778;4;8.161647031
19801;4951;0;0;1;1.047440315
19802;4951;0;0;2;4.251559633
19803;4951;0;0;3;1.239229192
19804;4951;0;0;4;4.806201018
19805;4952;2;0.521843482;1;3.642019638
19806;4952;2;0.521843482;2;4.871456721
19807;4952;2;0.521843482;3;5.133420524
19808;4952;2;0.521843482;4;6.879486799
19809;4953;2;0.103858796;1;2.771364638
19810;4953;2;0.103858796;2;3.861803507
19811;4953;2;0.103858796;3;4.890920856
19812;4953;2;0.103858796;4;5.449930391
19813;4954;0;0;1;2.682536374
19814;4954;0;0;2;1.580656665
19815;4954;0;0;3;2.585073556
19816;4954;0;0;4;2.70007188
19817;4955;3;0.547143811;1;4.635883055
19818;4955;3;0.547143811;2;6.088768185
19819;4955;3;0.547143811;3;6.887924815
19820;4955;3;0.547143811;4;9.141595213
19821;4956;4;0.916383496;1;5.127370367
19822;4956;4;0.916383496;2;4.923477029
19823;4956;4;0.916383496;3;7.98795445
19824;4956;4;0.916383496;4;8.989915878
19825;4957;3;0.901424029;1;4.292232002
19826;4957;3;0.901424029;2;3.093393694
19827;4957;3;0.901424029;3;5.509293211
19828;4957;3;0.901424029;4;6.14390293
19829;4958;2;0.495410488;1;4.309539504
19830;4958;2;0.495410488;2;3.975343588
19831;4958;2;0.495410488;3;4.874906529
19832;4958;2;0.495410488;4;7.565224398
19833;4959;2;0.052131911;1;1.525286987
19834;4959;2;0.052131911;2;3.750438209
19835;4959;2;0.052131911;3;5.176606924
19836;4959;2;0.052131911;4;5.730876633
19837;4960;0;0;1;0.305091295
19838;4960;0;0;2;0.331042941
19839;4960;0;0;3;2.386603335
19840;4960;0;0;4;3.406089911
19841;4961;0;0;1;-1.321215063
19842;4961;0;0;2;-0.659642807
19843;4961;0;0;3;-0.398638304
19844;4961;0;0;4;0.080214133
19845;4962;4;0.331856483;1;5.864089708
19846;4962;4;0.331856483;2;2.539105619
19847;4962;4;0.331856483;3;4.782009573
19848;4962;4;0.331856483;4;6.94664093
19849;4963;4;0.815535297;1;4.640845277
19850;4963;4;0.815535297;2;5.21208552
19851;4963;4;0.815535297;3;5.899853013
19852;4963;4;0.815535297;4;6.951230973
19853;4964;0;0;1;0.127385159
19854;4964;0;0;2;1.15943853
19855;4964;0;0;3;0.965615977
19856;4964;0;0;4;2.998642625
19857;4965;2;0.996518834;1;3.367956036
19858;4965;2;0.996518834;2;4.778910307
19859;4965;2;0.996518834;3;4.108959311
19860;4965;2;0.996518834;4;6.713132082
19861;4966;3;0.459280528;1;3.404608513
19862;4966;3;0.459280528;2;5.084972445
19863;4966;3;0.459280528;3;6.463665378
19864;4966;3;0.459280528;4;7.74021302
19865;4967;4;0.317033176;1;5.609433503
19866;4967;4;0.317033176;2;5.241981763
19867;4967;4;0.317033176;3;4.96837629
19868;4967;4;0.317033176;4;6.48808923
19869;4968;4;0.286872926;1;5.313499032
19870;4968;4;0.286872926;2;5.409449258
19871;4968;4;0.286872926;3;6.202913379
19872;4968;4;0.286872926;4;9.3618338
19873;4969;4;0.778777468;1;4.307923853
19874;4969;4;0.778777468;2;7.603360264
19875;4969;4;0.778777468;3;8.882361961
19876;4969;4;0.778777468;4;9.062784715
19877;4970;4;0.384419466;1;5.825308948
19878;4970;4;0.384419466;2;6.721227094
19879;4970;4;0.384419466;3;5.037345764
19880;4970;4;0.384419466;4;7.207579377
19881;4971;2;0.054647777;1;3.715210542
19882;4971;2;0.054647777;2;5.734492089
19883;4971;2;0.054647777;3;6.444704292
19884;4971;2;0.054647777;4;8.703862717
19885;4972;2;0.856442341;1;1.341043522
19886;4972;2;0.856442341;2;3.490349894
19887;4972;2;0.856442341;3;3.250279626
19888;4972;2;0.856442341;4;2.33611937
19889;4973;4;0.185186681;1;4.904648287
19890;4973;4;0.185186681;2;5.162430359
19891;4973;4;0.185186681;3;5.995458376
19892;4973;4;0.185186681;4;6.28085155
19893;4974;4;0.743863447;1;4.970361409
19894;4974;4;0.743863447;2;7.521765252
19895;4974;4;0.743863447;3;8.526800725
19896;4974;4;0.743863447;4;8.074940224
19897;4975;2;0.513719017;1;5.849833206
19898;4975;2;0.513719017;2;6.042539012
19899;4975;2;0.513719017;3;5.656244811
19900;4975;2;0.513719017;4;7.024297852
19901;4976;3;0.814063209;1;5.977415335
19902;4976;3;0.814063209;2;4.348581907
19903;4976;3;0.814063209;3;5.330864413
19904;4976;3;0.814063209;4;9.738639989
19905;4977;4;0.046131538;1;6.537226849
19906;4977;4;0.046131538;2;8.013709305
19907;4977;4;0.046131538;3;9.729657468
19908;4977;4;0.046131538;4;8.437908761
19909;4978;0;0;1;1.117827746
19910;4978;0;0;2;1.233429584
19911;4978;0;0;3;2.384460864
19912;4978;0;0;4;2.757652809
19913;4979;2;0.725173651;1;2.146533583
19914;4979;2;0.725173651;2;3.317245307
19915;4979;2;0.725173651;3;4.791467767
19916;4979;2;0.725173651;4;4.849015054
19917;4980;0;0;1;2.768785437
19918;4980;0;0;2;4.502709426
19919;4980;0;0;3;6.404006942
19920;4980;0;0;4;3.966851972
19921;4981;4;0.942885717;1;2.976259911
19922;4981;4;0.942885717;2;4.365607298
19923;4981;4;0.942885717;3;5.106855622
19924;4981;4;0.942885717;4;6.672955086
19925;4982;2;0.466699964;1;2.503812572
19926;4982;2;0.466699964;2;2.600994139
19927;4982;2;0.466699964;3;4.771758522
19928;4982;2;0.466699964;4;4.291505187
19929;4983;0;0;1;2.480164135
19930;4983;0;0;2;2.19332778
19931;4983;0;0;3;2.986387811
19932;4983;0;0;4;4.623969847
19933;4984;0;0;1;1.533718384
19934;4984;0;0;2;0.007562107
19935;4984;0;0;3;2.180737003
19936;4984;0;0;4;4.457017912
19937;4985;4;0.927685817;1;6.240742647
19938;4985;4;0.927685817;2;7.138310299
19939;4985;4;0.927685817;3;9.347748802
19940;4985;4;0.927685817;4;9.546103888
19941;4986;0;0;1;0.677783227
19942;4986;0;0;2;1.551432855
19943;4986;0;0;3;1.505420739
19944;4986;0;0;4;3.28581331
19945;4987;2;0.128924737;1;2.353371949
19946;4987;2;0.128924737;2;3.544337189
19947;4987;2;0.128924737;3;5.838092305
19948;4987;2;0.128924737;4;5.52772175
19949;4988;0;0;1;0.324271563
19950;4988;0;0;2;0.709887072
19951;4988;0;0;3;0.6502426
19952;4988;0;0;4;4.49876418
19953;4989;2;0.112546115;1;4.00933897
19954;4989;2;0.112546115;2;4.284645609
19955;4989;2;0.112546115;3;6.651078934
19956;4989;2;0.112546115;4;7.4184598
19957;4990;3;0.491917978;1;4.552356279
19958;4990;3;0.491917978;2;6.56074523
19959;4990;3;0.491917978;3;7.16807783
19960;4990;3;0.491917978;4;6.937548659
19961;4991;2;0.115764189;1;3.947977823
19962;4991;2;0.115764189;2;7.738704575
19963;4991;2;0.115764189;3;5.225940944
19964;4991;2;0.115764189;4;6.783925587
19965;4992;3;0.049501828;1;1.5545418
19966;4992;3;0.049501828;2;5.438526414
19967;4992;3;0.049501828;3;3.658730059
19968;4992;3;0.049501828;4;5.617775171
19969;4993;4;0.556243386;1;4.947162766
19970;4993;4;0.556243386;2;5.525198371
19971;4993;4;0.556243386;3;6.96504201
19972;4993;4;0.556243386;4;7.083470595
19973;4994;4;0.882996405;1;4.523688475
19974;4994;4;0.882996405;2;2.603961291
19975;4994;4;0.882996405;3;4.476835751
19976;4994;4;0.882996405;4;5.346566734
19977;4995;4;0.346852383;1;5.478669447
19978;4995;4;0.346852383;2;8.341433414
19979;4995;4;0.346852383;3;8.712806071
19980;4995;4;0.346852383;4;9.550799249
19981;4996;3;0.270278146;1;6.404774032
19982;4996;3;0.270278146;2;5.45449797
19983;4996;3;0.270278146;3;5.352530003
19984;4996;3;0.270278146;4;5.098928051
19985;4997;4;0.475298024;1;1.618504401
19986;4997;4;0.475298024;2;3.593142503
19987;4997;4;0.475298024;3;3.916778724
19988;4997;4;0.475298024;4;7.059332949
19989;4998;2;0.567872517;1;3.521049671
19990;4998;2;0.567872517;2;1.880026133
19991;4998;2;0.567872517;3;3.669049056
19992;4998;2;0.567872517;4;6.038543562
19993;4999;0;0;1;2.775918766
19994;4999;0;0;2;1.11100895
19995;4999;0;0;3;2.692547585
19996;4999;0;0;4;3.629070935
19997;5000;0;0;1;1.859871027
19998;5000;0;0;2;4.40659349
19999;5000;0;0;3;3.264762087
20000;5000;0;0;4;4.817897002
